$date
	Sun Sep 27 05:20:10 2026
$end
$version
	Icarus Verilog
$end
$timescale
	1ps
$end
$scope module tb_uart_top $end
$var wire 1 ! tx_busy $end
$var wire 1 " serial_line $end
$var wire 1 # rx_valid $end
$var wire 8 $ rx_data [7:0] $end
$var parameter 32 % BAUD_RATE $end
$var parameter 32 & CLK_FREQ $end
$var parameter 32 ' CLK_PERIOD $end
$var reg 1 ( clk $end
$var reg 1 ) rst_n $end
$var reg 8 * tx_data [7:0] $end
$var reg 1 + tx_start $end
$var integer 32 , fail_count [31:0] $end
$var integer 32 - pass_count [31:0] $end
$var integer 32 . test_num [31:0] $end
$scope module dut $end
$var wire 1 ( clk $end
$var wire 1 ) rst_n $end
$var wire 8 / tx_data [7:0] $end
$var wire 1 + tx_start $end
$var wire 1 ! tx_busy $end
$var wire 1 " serial_line $end
$var wire 1 # rx_valid $end
$var wire 8 0 rx_data [7:0] $end
$var wire 1 1 baud_tick $end
$var parameter 32 2 BAUD_RATE $end
$var parameter 32 3 CLK_FREQ $end
$scope module u_baud_gen $end
$var wire 1 ( clk $end
$var wire 1 ) rst_n $end
$var parameter 32 4 BAUD_RATE $end
$var parameter 32 5 CLK_FREQ $end
$var parameter 32 6 DIVISOR $end
$var reg 16 7 count [15:0] $end
$var reg 1 1 tick $end
$upscope $end
$scope module u_uart_rx $end
$var wire 1 1 baud_tick $end
$var wire 1 ( clk $end
$var wire 1 ) rst_n $end
$var wire 1 " rx $end
$var parameter 2 8 DATA_BITS $end
$var parameter 2 9 IDLE $end
$var parameter 2 : START_BIT $end
$var parameter 2 ; STOP_BIT $end
$var reg 3 < bit_idx [2:0] $end
$var reg 8 = rx_data [7:0] $end
$var reg 1 > rx_sync0 $end
$var reg 1 ? rx_sync1 $end
$var reg 1 # rx_valid $end
$var reg 8 @ shift_reg [7:0] $end
$var reg 2 A state [1:0] $end
$var reg 4 B tick_cnt [3:0] $end
$upscope $end
$scope module u_uart_tx $end
$var wire 1 1 baud_tick $end
$var wire 1 ( clk $end
$var wire 1 ) rst_n $end
$var wire 8 C tx_data [7:0] $end
$var wire 1 + tx_start $end
$var parameter 2 D DATA_BITS $end
$var parameter 2 E IDLE $end
$var parameter 2 F START_BIT $end
$var parameter 2 G STOP_BIT $end
$var reg 3 H bit_idx [2:0] $end
$var reg 8 I shift_reg [7:0] $end
$var reg 2 J state [1:0] $end
$var reg 4 K tick_cnt [3:0] $end
$var reg 1 " tx $end
$var reg 1 ! tx_busy $end
$upscope $end
$upscope $end
$scope task send_and_check $end
$var reg 8 L data [7:0] $end
$var reg 185 M label [184:0] $end
$scope fork wait_block $end
$upscope $end
$upscope $end
$upscope $end
$enddefinitions $end
$comment Show the parameter values. $end
$dumpall
b11 G
b1 F
b0 E
b10 D
b11 ;
b1 :
b0 9
b10 8
b1100 6
b111000010000000000000 5
b10010110000000 4
b111000010000000000000 3
b10010110000000 2
b1000011110 '
b111000010000000000000 &
b10010110000000 %
$end
#0
$dumpvars
bx M
bx L
b0 K
b0 J
b0 I
b0 H
b0 C
b0 B
b0 A
b0 @
1?
1>
b0 =
b0 <
b0 7
01
b0 0
b0 /
b0 .
b0 -
b0 ,
0+
b0 *
0)
0(
b0 $
0#
1"
0!
$end
#271000
1(
#542000
0(
#813000
1(
#1084000
0(
#1355000
1(
#1626000
0(
#1897000
1(
#2168000
0(
#2439000
b1 7
1)
b1 -
b1 .
1(
#2710000
0(
#2981000
b10 7
1(
#3252000
0(
#3523000
b11 7
1(
#3794000
0(
#4065000
b100 7
1(
#4336000
0(
#4607000
b101 7
1(
#4878000
0(
#5149000
b110 7
b10 .
b10101000111001001100001011011100111001101101101011010010111010000100000001001110100000100100111 M
b1000001 L
1(
#5420000
0(
#5691000
b111 7
b1000001 *
b1000001 /
b1000001 C
1+
1(
#5962000
0(
#6233000
b1000 7
b1 J
1!
b1000001 I
0+
1(
#6504000
0(
#6775000
0"
b1001 7
1(
#7046000
0(
#7317000
b1010 7
0>
1(
#7588000
0(
#7859000
0?
b1011 7
1(
#8130000
0(
#8401000
11
b0 7
b1 A
1(
#8672000
0(
#8943000
b1 B
b1 K
01
b1 7
1(
#9214000
0(
#9485000
b10 7
1(
#9756000
0(
#10027000
b11 7
1(
#10298000
0(
#10569000
b100 7
1(
#10840000
0(
#11111000
b101 7
1(
#11382000
0(
#11653000
b110 7
1(
#11924000
0(
#12195000
b111 7
1(
#12466000
0(
#12737000
b1000 7
1(
#13008000
0(
#13279000
b1001 7
1(
#13550000
0(
#13821000
b1010 7
1(
#14092000
0(
#14363000
b1011 7
1(
#14634000
0(
#14905000
11
b0 7
1(
#15176000
0(
#15447000
b10 B
b10 K
01
b1 7
1(
#15718000
0(
#15989000
b10 7
1(
#16260000
0(
#16531000
b11 7
1(
#16802000
0(
#17073000
b100 7
1(
#17344000
0(
#17615000
b101 7
1(
#17886000
0(
#18157000
b110 7
1(
#18428000
0(
#18699000
b111 7
1(
#18970000
0(
#19241000
b1000 7
1(
#19512000
0(
#19783000
b1001 7
1(
#20054000
0(
#20325000
b1010 7
1(
#20596000
0(
#20867000
b1011 7
1(
#21138000
0(
#21409000
11
b0 7
1(
#21680000
0(
#21951000
b11 B
b11 K
01
b1 7
1(
#22222000
0(
#22493000
b10 7
1(
#22764000
0(
#23035000
b11 7
1(
#23306000
0(
#23577000
b100 7
1(
#23848000
0(
#24119000
b101 7
1(
#24390000
0(
#24661000
b110 7
1(
#24932000
0(
#25203000
b111 7
1(
#25474000
0(
#25745000
b1000 7
1(
#26016000
0(
#26287000
b1001 7
1(
#26558000
0(
#26829000
b1010 7
1(
#27100000
0(
#27371000
b1011 7
1(
#27642000
0(
#27913000
11
b0 7
1(
#28184000
0(
#28455000
b100 B
b100 K
01
b1 7
1(
#28726000
0(
#28997000
b10 7
1(
#29268000
0(
#29539000
b11 7
1(
#29810000
0(
#30081000
b100 7
1(
#30352000
0(
#30623000
b101 7
1(
#30894000
0(
#31165000
b110 7
1(
#31436000
0(
#31707000
b111 7
1(
#31978000
0(
#32249000
b1000 7
1(
#32520000
0(
#32791000
b1001 7
1(
#33062000
0(
#33333000
b1010 7
1(
#33604000
0(
#33875000
b1011 7
1(
#34146000
0(
#34417000
11
b0 7
1(
#34688000
0(
#34959000
b101 B
b101 K
01
b1 7
1(
#35230000
0(
#35501000
b10 7
1(
#35772000
0(
#36043000
b11 7
1(
#36314000
0(
#36585000
b100 7
1(
#36856000
0(
#37127000
b101 7
1(
#37398000
0(
#37669000
b110 7
1(
#37940000
0(
#38211000
b111 7
1(
#38482000
0(
#38753000
b1000 7
1(
#39024000
0(
#39295000
b1001 7
1(
#39566000
0(
#39837000
b1010 7
1(
#40108000
0(
#40379000
b1011 7
1(
#40650000
0(
#40921000
11
b0 7
1(
#41192000
0(
#41463000
b110 B
b110 K
01
b1 7
1(
#41734000
0(
#42005000
b10 7
1(
#42276000
0(
#42547000
b11 7
1(
#42818000
0(
#43089000
b100 7
1(
#43360000
0(
#43631000
b101 7
1(
#43902000
0(
#44173000
b110 7
1(
#44444000
0(
#44715000
b111 7
1(
#44986000
0(
#45257000
b1000 7
1(
#45528000
0(
#45799000
b1001 7
1(
#46070000
0(
#46341000
b1010 7
1(
#46612000
0(
#46883000
b1011 7
1(
#47154000
0(
#47425000
11
b0 7
1(
#47696000
0(
#47967000
b111 B
b111 K
01
b1 7
1(
#48238000
0(
#48509000
b10 7
1(
#48780000
0(
#49051000
b11 7
1(
#49322000
0(
#49593000
b100 7
1(
#49864000
0(
#50135000
b101 7
1(
#50406000
0(
#50677000
b110 7
1(
#50948000
0(
#51219000
b111 7
1(
#51490000
0(
#51761000
b1000 7
1(
#52032000
0(
#52303000
b1001 7
1(
#52574000
0(
#52845000
b1010 7
1(
#53116000
0(
#53387000
b1011 7
1(
#53658000
0(
#53929000
11
b0 7
1(
#54200000
0(
#54471000
b10 A
b0 B
b1000 K
01
b1 7
1(
#54742000
0(
#55013000
b10 7
1(
#55284000
0(
#55555000
b11 7
1(
#55826000
0(
#56097000
b100 7
1(
#56368000
0(
#56639000
b101 7
1(
#56910000
0(
#57181000
b110 7
1(
#57452000
0(
#57723000
b111 7
1(
#57994000
0(
#58265000
b1000 7
1(
#58536000
0(
#58807000
b1001 7
1(
#59078000
0(
#59349000
b1010 7
1(
#59620000
0(
#59891000
b1011 7
1(
#60162000
0(
#60433000
11
b0 7
1(
#60704000
0(
#60975000
b1 B
b1001 K
01
b1 7
1(
#61246000
0(
#61517000
b10 7
1(
#61788000
0(
#62059000
b11 7
1(
#62330000
0(
#62601000
b100 7
1(
#62872000
0(
#63143000
b101 7
1(
#63414000
0(
#63685000
b110 7
1(
#63956000
0(
#64227000
b111 7
1(
#64498000
0(
#64769000
b1000 7
1(
#65040000
0(
#65311000
b1001 7
1(
#65582000
0(
#65853000
b1010 7
1(
#66124000
0(
#66395000
b1011 7
1(
#66666000
0(
#66937000
11
b0 7
1(
#67208000
0(
#67479000
b10 B
b1010 K
01
b1 7
1(
#67750000
0(
#68021000
b10 7
1(
#68292000
0(
#68563000
b11 7
1(
#68834000
0(
#69105000
b100 7
1(
#69376000
0(
#69647000
b101 7
1(
#69918000
0(
#70189000
b110 7
1(
#70460000
0(
#70731000
b111 7
1(
#71002000
0(
#71273000
b1000 7
1(
#71544000
0(
#71815000
b1001 7
1(
#72086000
0(
#72357000
b1010 7
1(
#72628000
0(
#72899000
b1011 7
1(
#73170000
0(
#73441000
11
b0 7
1(
#73712000
0(
#73983000
b11 B
b1011 K
01
b1 7
1(
#74254000
0(
#74525000
b10 7
1(
#74796000
0(
#75067000
b11 7
1(
#75338000
0(
#75609000
b100 7
1(
#75880000
0(
#76151000
b101 7
1(
#76422000
0(
#76693000
b110 7
1(
#76964000
0(
#77235000
b111 7
1(
#77506000
0(
#77777000
b1000 7
1(
#78048000
0(
#78319000
b1001 7
1(
#78590000
0(
#78861000
b1010 7
1(
#79132000
0(
#79403000
b1011 7
1(
#79674000
0(
#79945000
11
b0 7
1(
#80216000
0(
#80487000
b100 B
b1100 K
01
b1 7
1(
#80758000
0(
#81029000
b10 7
1(
#81300000
0(
#81571000
b11 7
1(
#81842000
0(
#82113000
b100 7
1(
#82384000
0(
#82655000
b101 7
1(
#82926000
0(
#83197000
b110 7
1(
#83468000
0(
#83739000
b111 7
1(
#84010000
0(
#84281000
b1000 7
1(
#84552000
0(
#84823000
b1001 7
1(
#85094000
0(
#85365000
b1010 7
1(
#85636000
0(
#85907000
b1011 7
1(
#86178000
0(
#86449000
11
b0 7
1(
#86720000
0(
#86991000
b101 B
b1101 K
01
b1 7
1(
#87262000
0(
#87533000
b10 7
1(
#87804000
0(
#88075000
b11 7
1(
#88346000
0(
#88617000
b100 7
1(
#88888000
0(
#89159000
b101 7
1(
#89430000
0(
#89701000
b110 7
1(
#89972000
0(
#90243000
b111 7
1(
#90514000
0(
#90785000
b1000 7
1(
#91056000
0(
#91327000
b1001 7
1(
#91598000
0(
#91869000
b1010 7
1(
#92140000
0(
#92411000
b1011 7
1(
#92682000
0(
#92953000
11
b0 7
1(
#93224000
0(
#93495000
b110 B
b1110 K
01
b1 7
1(
#93766000
0(
#94037000
b10 7
1(
#94308000
0(
#94579000
b11 7
1(
#94850000
0(
#95121000
b100 7
1(
#95392000
0(
#95663000
b101 7
1(
#95934000
0(
#96205000
b110 7
1(
#96476000
0(
#96747000
b111 7
1(
#97018000
0(
#97289000
b1000 7
1(
#97560000
0(
#97831000
b1001 7
1(
#98102000
0(
#98373000
b1010 7
1(
#98644000
0(
#98915000
b1011 7
1(
#99186000
0(
#99457000
11
b0 7
1(
#99728000
0(
#99999000
b111 B
b1111 K
01
b1 7
1(
#100270000
0(
#100541000
b10 7
1(
#100812000
0(
#101083000
b11 7
1(
#101354000
0(
#101625000
b100 7
1(
#101896000
0(
#102167000
b101 7
1(
#102438000
0(
#102709000
b110 7
1(
#102980000
0(
#103251000
b111 7
1(
#103522000
0(
#103793000
b1000 7
1(
#104064000
0(
#104335000
b1001 7
1(
#104606000
0(
#104877000
b1010 7
1(
#105148000
0(
#105419000
b1011 7
1(
#105690000
0(
#105961000
11
b0 7
1(
#106232000
0(
#106503000
b1000 B
b10 J
b0 K
01
b1 7
1(
#106774000
0(
#107045000
b10 7
1"
1(
#107316000
0(
#107587000
1>
b11 7
1(
#107858000
0(
#108129000
b100 7
1?
1(
#108400000
0(
#108671000
b101 7
1(
#108942000
0(
#109213000
b110 7
1(
#109484000
0(
#109755000
b111 7
1(
#110026000
0(
#110297000
b1000 7
1(
#110568000
0(
#110839000
b1001 7
1(
#111110000
0(
#111381000
b1010 7
1(
#111652000
0(
#111923000
b1011 7
1(
#112194000
0(
#112465000
11
b0 7
1(
#112736000
0(
#113007000
b1001 B
b1 K
01
b1 7
1(
#113278000
0(
#113549000
b10 7
1(
#113820000
0(
#114091000
b11 7
1(
#114362000
0(
#114633000
b100 7
1(
#114904000
0(
#115175000
b101 7
1(
#115446000
0(
#115717000
b110 7
1(
#115988000
0(
#116259000
b111 7
1(
#116530000
0(
#116801000
b1000 7
1(
#117072000
0(
#117343000
b1001 7
1(
#117614000
0(
#117885000
b1010 7
1(
#118156000
0(
#118427000
b1011 7
1(
#118698000
0(
#118969000
11
b0 7
1(
#119240000
0(
#119511000
b1010 B
b10 K
01
b1 7
1(
#119782000
0(
#120053000
b10 7
1(
#120324000
0(
#120595000
b11 7
1(
#120866000
0(
#121137000
b100 7
1(
#121408000
0(
#121679000
b101 7
1(
#121950000
0(
#122221000
b110 7
1(
#122492000
0(
#122763000
b111 7
1(
#123034000
0(
#123305000
b1000 7
1(
#123576000
0(
#123847000
b1001 7
1(
#124118000
0(
#124389000
b1010 7
1(
#124660000
0(
#124931000
b1011 7
1(
#125202000
0(
#125473000
11
b0 7
1(
#125744000
0(
#126015000
b1011 B
b11 K
01
b1 7
1(
#126286000
0(
#126557000
b10 7
1(
#126828000
0(
#127099000
b11 7
1(
#127370000
0(
#127641000
b100 7
1(
#127912000
0(
#128183000
b101 7
1(
#128454000
0(
#128725000
b110 7
1(
#128996000
0(
#129267000
b111 7
1(
#129538000
0(
#129809000
b1000 7
1(
#130080000
0(
#130351000
b1001 7
1(
#130622000
0(
#130893000
b1010 7
1(
#131164000
0(
#131435000
b1011 7
1(
#131706000
0(
#131977000
11
b0 7
1(
#132248000
0(
#132519000
b1100 B
b100 K
01
b1 7
1(
#132790000
0(
#133061000
b10 7
1(
#133332000
0(
#133603000
b11 7
1(
#133874000
0(
#134145000
b100 7
1(
#134416000
0(
#134687000
b101 7
1(
#134958000
0(
#135229000
b110 7
1(
#135500000
0(
#135771000
b111 7
1(
#136042000
0(
#136313000
b1000 7
1(
#136584000
0(
#136855000
b1001 7
1(
#137126000
0(
#137397000
b1010 7
1(
#137668000
0(
#137939000
b1011 7
1(
#138210000
0(
#138481000
11
b0 7
1(
#138752000
0(
#139023000
b1101 B
b101 K
01
b1 7
1(
#139294000
0(
#139565000
b10 7
1(
#139836000
0(
#140107000
b11 7
1(
#140378000
0(
#140649000
b100 7
1(
#140920000
0(
#141191000
b101 7
1(
#141462000
0(
#141733000
b110 7
1(
#142004000
0(
#142275000
b111 7
1(
#142546000
0(
#142817000
b1000 7
1(
#143088000
0(
#143359000
b1001 7
1(
#143630000
0(
#143901000
b1010 7
1(
#144172000
0(
#144443000
b1011 7
1(
#144714000
0(
#144985000
11
b0 7
1(
#145256000
0(
#145527000
b1110 B
b110 K
01
b1 7
1(
#145798000
0(
#146069000
b10 7
1(
#146340000
0(
#146611000
b11 7
1(
#146882000
0(
#147153000
b100 7
1(
#147424000
0(
#147695000
b101 7
1(
#147966000
0(
#148237000
b110 7
1(
#148508000
0(
#148779000
b111 7
1(
#149050000
0(
#149321000
b1000 7
1(
#149592000
0(
#149863000
b1001 7
1(
#150134000
0(
#150405000
b1010 7
1(
#150676000
0(
#150947000
b1011 7
1(
#151218000
0(
#151489000
11
b0 7
1(
#151760000
0(
#152031000
b1111 B
b111 K
01
b1 7
1(
#152302000
0(
#152573000
b10 7
1(
#152844000
0(
#153115000
b11 7
1(
#153386000
0(
#153657000
b100 7
1(
#153928000
0(
#154199000
b101 7
1(
#154470000
0(
#154741000
b110 7
1(
#155012000
0(
#155283000
b111 7
1(
#155554000
0(
#155825000
b1000 7
1(
#156096000
0(
#156367000
b1001 7
1(
#156638000
0(
#156909000
b1010 7
1(
#157180000
0(
#157451000
b1011 7
1(
#157722000
0(
#157993000
11
b0 7
1(
#158264000
0(
#158535000
b1 <
b1 @
b0 B
b1000 K
01
b1 7
1(
#158806000
0(
#159077000
b10 7
1(
#159348000
0(
#159619000
b11 7
1(
#159890000
0(
#160161000
b100 7
1(
#160432000
0(
#160703000
b101 7
1(
#160974000
0(
#161245000
b110 7
1(
#161516000
0(
#161787000
b111 7
1(
#162058000
0(
#162329000
b1000 7
1(
#162600000
0(
#162871000
b1001 7
1(
#163142000
0(
#163413000
b1010 7
1(
#163684000
0(
#163955000
b1011 7
1(
#164226000
0(
#164497000
11
b0 7
1(
#164768000
0(
#165039000
b1 B
b1001 K
01
b1 7
1(
#165310000
0(
#165581000
b10 7
1(
#165852000
0(
#166123000
b11 7
1(
#166394000
0(
#166665000
b100 7
1(
#166936000
0(
#167207000
b101 7
1(
#167478000
0(
#167749000
b110 7
1(
#168020000
0(
#168291000
b111 7
1(
#168562000
0(
#168833000
b1000 7
1(
#169104000
0(
#169375000
b1001 7
1(
#169646000
0(
#169917000
b1010 7
1(
#170188000
0(
#170459000
b1011 7
1(
#170730000
0(
#171001000
11
b0 7
1(
#171272000
0(
#171543000
b10 B
b1010 K
01
b1 7
1(
#171814000
0(
#172085000
b10 7
1(
#172356000
0(
#172627000
b11 7
1(
#172898000
0(
#173169000
b100 7
1(
#173440000
0(
#173711000
b101 7
1(
#173982000
0(
#174253000
b110 7
1(
#174524000
0(
#174795000
b111 7
1(
#175066000
0(
#175337000
b1000 7
1(
#175608000
0(
#175879000
b1001 7
1(
#176150000
0(
#176421000
b1010 7
1(
#176692000
0(
#176963000
b1011 7
1(
#177234000
0(
#177505000
11
b0 7
1(
#177776000
0(
#178047000
b11 B
b1011 K
01
b1 7
1(
#178318000
0(
#178589000
b10 7
1(
#178860000
0(
#179131000
b11 7
1(
#179402000
0(
#179673000
b100 7
1(
#179944000
0(
#180215000
b101 7
1(
#180486000
0(
#180757000
b110 7
1(
#181028000
0(
#181299000
b111 7
1(
#181570000
0(
#181841000
b1000 7
1(
#182112000
0(
#182383000
b1001 7
1(
#182654000
0(
#182925000
b1010 7
1(
#183196000
0(
#183467000
b1011 7
1(
#183738000
0(
#184009000
11
b0 7
1(
#184280000
0(
#184551000
b100 B
b1100 K
01
b1 7
1(
#184822000
0(
#185093000
b10 7
1(
#185364000
0(
#185635000
b11 7
1(
#185906000
0(
#186177000
b100 7
1(
#186448000
0(
#186719000
b101 7
1(
#186990000
0(
#187261000
b110 7
1(
#187532000
0(
#187803000
b111 7
1(
#188074000
0(
#188345000
b1000 7
1(
#188616000
0(
#188887000
b1001 7
1(
#189158000
0(
#189429000
b1010 7
1(
#189700000
0(
#189971000
b1011 7
1(
#190242000
0(
#190513000
11
b0 7
1(
#190784000
0(
#191055000
b101 B
b1101 K
01
b1 7
1(
#191326000
0(
#191597000
b10 7
1(
#191868000
0(
#192139000
b11 7
1(
#192410000
0(
#192681000
b100 7
1(
#192952000
0(
#193223000
b101 7
1(
#193494000
0(
#193765000
b110 7
1(
#194036000
0(
#194307000
b111 7
1(
#194578000
0(
#194849000
b1000 7
1(
#195120000
0(
#195391000
b1001 7
1(
#195662000
0(
#195933000
b1010 7
1(
#196204000
0(
#196475000
b1011 7
1(
#196746000
0(
#197017000
11
b0 7
1(
#197288000
0(
#197559000
b110 B
b1110 K
01
b1 7
1(
#197830000
0(
#198101000
b10 7
1(
#198372000
0(
#198643000
b11 7
1(
#198914000
0(
#199185000
b100 7
1(
#199456000
0(
#199727000
b101 7
1(
#199998000
0(
#200269000
b110 7
1(
#200540000
0(
#200811000
b111 7
1(
#201082000
0(
#201353000
b1000 7
1(
#201624000
0(
#201895000
b1001 7
1(
#202166000
0(
#202437000
b1010 7
1(
#202708000
0(
#202979000
b1011 7
1(
#203250000
0(
#203521000
11
b0 7
1(
#203792000
0(
#204063000
b111 B
b1111 K
01
b1 7
1(
#204334000
0(
#204605000
b10 7
1(
#204876000
0(
#205147000
b11 7
1(
#205418000
0(
#205689000
b100 7
1(
#205960000
0(
#206231000
b101 7
1(
#206502000
0(
#206773000
b110 7
1(
#207044000
0(
#207315000
b111 7
1(
#207586000
0(
#207857000
b1000 7
1(
#208128000
0(
#208399000
b1001 7
1(
#208670000
0(
#208941000
b1010 7
1(
#209212000
0(
#209483000
b1011 7
1(
#209754000
0(
#210025000
11
b0 7
1(
#210296000
0(
#210567000
b1000 B
b1 H
b0 K
01
b1 7
1(
#210838000
0(
#211109000
b10 7
0"
1(
#211380000
0(
#211651000
0>
b11 7
1(
#211922000
0(
#212193000
b100 7
0?
1(
#212464000
0(
#212735000
b101 7
1(
#213006000
0(
#213277000
b110 7
1(
#213548000
0(
#213819000
b111 7
1(
#214090000
0(
#214361000
b1000 7
1(
#214632000
0(
#214903000
b1001 7
1(
#215174000
0(
#215445000
b1010 7
1(
#215716000
0(
#215987000
b1011 7
1(
#216258000
0(
#216529000
11
b0 7
1(
#216800000
0(
#217071000
b1001 B
b1 K
01
b1 7
1(
#217342000
0(
#217613000
b10 7
1(
#217884000
0(
#218155000
b11 7
1(
#218426000
0(
#218697000
b100 7
1(
#218968000
0(
#219239000
b101 7
1(
#219510000
0(
#219781000
b110 7
1(
#220052000
0(
#220323000
b111 7
1(
#220594000
0(
#220865000
b1000 7
1(
#221136000
0(
#221407000
b1001 7
1(
#221678000
0(
#221949000
b1010 7
1(
#222220000
0(
#222491000
b1011 7
1(
#222762000
0(
#223033000
11
b0 7
1(
#223304000
0(
#223575000
b1010 B
b10 K
01
b1 7
1(
#223846000
0(
#224117000
b10 7
1(
#224388000
0(
#224659000
b11 7
1(
#224930000
0(
#225201000
b100 7
1(
#225472000
0(
#225743000
b101 7
1(
#226014000
0(
#226285000
b110 7
1(
#226556000
0(
#226827000
b111 7
1(
#227098000
0(
#227369000
b1000 7
1(
#227640000
0(
#227911000
b1001 7
1(
#228182000
0(
#228453000
b1010 7
1(
#228724000
0(
#228995000
b1011 7
1(
#229266000
0(
#229537000
11
b0 7
1(
#229808000
0(
#230079000
b1011 B
b11 K
01
b1 7
1(
#230350000
0(
#230621000
b10 7
1(
#230892000
0(
#231163000
b11 7
1(
#231434000
0(
#231705000
b100 7
1(
#231976000
0(
#232247000
b101 7
1(
#232518000
0(
#232789000
b110 7
1(
#233060000
0(
#233331000
b111 7
1(
#233602000
0(
#233873000
b1000 7
1(
#234144000
0(
#234415000
b1001 7
1(
#234686000
0(
#234957000
b1010 7
1(
#235228000
0(
#235499000
b1011 7
1(
#235770000
0(
#236041000
11
b0 7
1(
#236312000
0(
#236583000
b1100 B
b100 K
01
b1 7
1(
#236854000
0(
#237125000
b10 7
1(
#237396000
0(
#237667000
b11 7
1(
#237938000
0(
#238209000
b100 7
1(
#238480000
0(
#238751000
b101 7
1(
#239022000
0(
#239293000
b110 7
1(
#239564000
0(
#239835000
b111 7
1(
#240106000
0(
#240377000
b1000 7
1(
#240648000
0(
#240919000
b1001 7
1(
#241190000
0(
#241461000
b1010 7
1(
#241732000
0(
#242003000
b1011 7
1(
#242274000
0(
#242545000
11
b0 7
1(
#242816000
0(
#243087000
b1101 B
b101 K
01
b1 7
1(
#243358000
0(
#243629000
b10 7
1(
#243900000
0(
#244171000
b11 7
1(
#244442000
0(
#244713000
b100 7
1(
#244984000
0(
#245255000
b101 7
1(
#245526000
0(
#245797000
b110 7
1(
#246068000
0(
#246339000
b111 7
1(
#246610000
0(
#246881000
b1000 7
1(
#247152000
0(
#247423000
b1001 7
1(
#247694000
0(
#247965000
b1010 7
1(
#248236000
0(
#248507000
b1011 7
1(
#248778000
0(
#249049000
11
b0 7
1(
#249320000
0(
#249591000
b1110 B
b110 K
01
b1 7
1(
#249862000
0(
#250133000
b10 7
1(
#250404000
0(
#250675000
b11 7
1(
#250946000
0(
#251217000
b100 7
1(
#251488000
0(
#251759000
b101 7
1(
#252030000
0(
#252301000
b110 7
1(
#252572000
0(
#252843000
b111 7
1(
#253114000
0(
#253385000
b1000 7
1(
#253656000
0(
#253927000
b1001 7
1(
#254198000
0(
#254469000
b1010 7
1(
#254740000
0(
#255011000
b1011 7
1(
#255282000
0(
#255553000
11
b0 7
1(
#255824000
0(
#256095000
b1111 B
b111 K
01
b1 7
1(
#256366000
0(
#256637000
b10 7
1(
#256908000
0(
#257179000
b11 7
1(
#257450000
0(
#257721000
b100 7
1(
#257992000
0(
#258263000
b101 7
1(
#258534000
0(
#258805000
b110 7
1(
#259076000
0(
#259347000
b111 7
1(
#259618000
0(
#259889000
b1000 7
1(
#260160000
0(
#260431000
b1001 7
1(
#260702000
0(
#260973000
b1010 7
1(
#261244000
0(
#261515000
b1011 7
1(
#261786000
0(
#262057000
11
b0 7
1(
#262328000
0(
#262599000
b10 <
b0 B
b1000 K
01
b1 7
1(
#262870000
0(
#263141000
b10 7
1(
#263412000
0(
#263683000
b11 7
1(
#263954000
0(
#264225000
b100 7
1(
#264496000
0(
#264767000
b101 7
1(
#265038000
0(
#265309000
b110 7
1(
#265580000
0(
#265851000
b111 7
1(
#266122000
0(
#266393000
b1000 7
1(
#266664000
0(
#266935000
b1001 7
1(
#267206000
0(
#267477000
b1010 7
1(
#267748000
0(
#268019000
b1011 7
1(
#268290000
0(
#268561000
11
b0 7
1(
#268832000
0(
#269103000
b1 B
b1001 K
01
b1 7
1(
#269374000
0(
#269645000
b10 7
1(
#269916000
0(
#270187000
b11 7
1(
#270458000
0(
#270729000
b100 7
1(
#271000000
0(
#271271000
b101 7
1(
#271542000
0(
#271813000
b110 7
1(
#272084000
0(
#272355000
b111 7
1(
#272626000
0(
#272897000
b1000 7
1(
#273168000
0(
#273439000
b1001 7
1(
#273710000
0(
#273981000
b1010 7
1(
#274252000
0(
#274523000
b1011 7
1(
#274794000
0(
#275065000
11
b0 7
1(
#275336000
0(
#275607000
b10 B
b1010 K
01
b1 7
1(
#275878000
0(
#276149000
b10 7
1(
#276420000
0(
#276691000
b11 7
1(
#276962000
0(
#277233000
b100 7
1(
#277504000
0(
#277775000
b101 7
1(
#278046000
0(
#278317000
b110 7
1(
#278588000
0(
#278859000
b111 7
1(
#279130000
0(
#279401000
b1000 7
1(
#279672000
0(
#279943000
b1001 7
1(
#280214000
0(
#280485000
b1010 7
1(
#280756000
0(
#281027000
b1011 7
1(
#281298000
0(
#281569000
11
b0 7
1(
#281840000
0(
#282111000
b11 B
b1011 K
01
b1 7
1(
#282382000
0(
#282653000
b10 7
1(
#282924000
0(
#283195000
b11 7
1(
#283466000
0(
#283737000
b100 7
1(
#284008000
0(
#284279000
b101 7
1(
#284550000
0(
#284821000
b110 7
1(
#285092000
0(
#285363000
b111 7
1(
#285634000
0(
#285905000
b1000 7
1(
#286176000
0(
#286447000
b1001 7
1(
#286718000
0(
#286989000
b1010 7
1(
#287260000
0(
#287531000
b1011 7
1(
#287802000
0(
#288073000
11
b0 7
1(
#288344000
0(
#288615000
b100 B
b1100 K
01
b1 7
1(
#288886000
0(
#289157000
b10 7
1(
#289428000
0(
#289699000
b11 7
1(
#289970000
0(
#290241000
b100 7
1(
#290512000
0(
#290783000
b101 7
1(
#291054000
0(
#291325000
b110 7
1(
#291596000
0(
#291867000
b111 7
1(
#292138000
0(
#292409000
b1000 7
1(
#292680000
0(
#292951000
b1001 7
1(
#293222000
0(
#293493000
b1010 7
1(
#293764000
0(
#294035000
b1011 7
1(
#294306000
0(
#294577000
11
b0 7
1(
#294848000
0(
#295119000
b101 B
b1101 K
01
b1 7
1(
#295390000
0(
#295661000
b10 7
1(
#295932000
0(
#296203000
b11 7
1(
#296474000
0(
#296745000
b100 7
1(
#297016000
0(
#297287000
b101 7
1(
#297558000
0(
#297829000
b110 7
1(
#298100000
0(
#298371000
b111 7
1(
#298642000
0(
#298913000
b1000 7
1(
#299184000
0(
#299455000
b1001 7
1(
#299726000
0(
#299997000
b1010 7
1(
#300268000
0(
#300539000
b1011 7
1(
#300810000
0(
#301081000
11
b0 7
1(
#301352000
0(
#301623000
b110 B
b1110 K
01
b1 7
1(
#301894000
0(
#302165000
b10 7
1(
#302436000
0(
#302707000
b11 7
1(
#302978000
0(
#303249000
b100 7
1(
#303520000
0(
#303791000
b101 7
1(
#304062000
0(
#304333000
b110 7
1(
#304604000
0(
#304875000
b111 7
1(
#305146000
0(
#305417000
b1000 7
1(
#305688000
0(
#305959000
b1001 7
1(
#306230000
0(
#306501000
b1010 7
1(
#306772000
0(
#307043000
b1011 7
1(
#307314000
0(
#307585000
11
b0 7
1(
#307856000
0(
#308127000
b111 B
b1111 K
01
b1 7
1(
#308398000
0(
#308669000
b10 7
1(
#308940000
0(
#309211000
b11 7
1(
#309482000
0(
#309753000
b100 7
1(
#310024000
0(
#310295000
b101 7
1(
#310566000
0(
#310837000
b110 7
1(
#311108000
0(
#311379000
b111 7
1(
#311650000
0(
#311921000
b1000 7
1(
#312192000
0(
#312463000
b1001 7
1(
#312734000
0(
#313005000
b1010 7
1(
#313276000
0(
#313547000
b1011 7
1(
#313818000
0(
#314089000
11
b0 7
1(
#314360000
0(
#314631000
b1000 B
b10 H
b0 K
01
b1 7
1(
#314902000
0(
#315173000
b10 7
1(
#315444000
0(
#315715000
b11 7
1(
#315986000
0(
#316257000
b100 7
1(
#316528000
0(
#316799000
b101 7
1(
#317070000
0(
#317341000
b110 7
1(
#317612000
0(
#317883000
b111 7
1(
#318154000
0(
#318425000
b1000 7
1(
#318696000
0(
#318967000
b1001 7
1(
#319238000
0(
#319509000
b1010 7
1(
#319780000
0(
#320051000
b1011 7
1(
#320322000
0(
#320593000
11
b0 7
1(
#320864000
0(
#321135000
b1001 B
b1 K
01
b1 7
1(
#321406000
0(
#321677000
b10 7
1(
#321948000
0(
#322219000
b11 7
1(
#322490000
0(
#322761000
b100 7
1(
#323032000
0(
#323303000
b101 7
1(
#323574000
0(
#323845000
b110 7
1(
#324116000
0(
#324387000
b111 7
1(
#324658000
0(
#324929000
b1000 7
1(
#325200000
0(
#325471000
b1001 7
1(
#325742000
0(
#326013000
b1010 7
1(
#326284000
0(
#326555000
b1011 7
1(
#326826000
0(
#327097000
11
b0 7
1(
#327368000
0(
#327639000
b1010 B
b10 K
01
b1 7
1(
#327910000
0(
#328181000
b10 7
1(
#328452000
0(
#328723000
b11 7
1(
#328994000
0(
#329265000
b100 7
1(
#329536000
0(
#329807000
b101 7
1(
#330078000
0(
#330349000
b110 7
1(
#330620000
0(
#330891000
b111 7
1(
#331162000
0(
#331433000
b1000 7
1(
#331704000
0(
#331975000
b1001 7
1(
#332246000
0(
#332517000
b1010 7
1(
#332788000
0(
#333059000
b1011 7
1(
#333330000
0(
#333601000
11
b0 7
1(
#333872000
0(
#334143000
b1011 B
b11 K
01
b1 7
1(
#334414000
0(
#334685000
b10 7
1(
#334956000
0(
#335227000
b11 7
1(
#335498000
0(
#335769000
b100 7
1(
#336040000
0(
#336311000
b101 7
1(
#336582000
0(
#336853000
b110 7
1(
#337124000
0(
#337395000
b111 7
1(
#337666000
0(
#337937000
b1000 7
1(
#338208000
0(
#338479000
b1001 7
1(
#338750000
0(
#339021000
b1010 7
1(
#339292000
0(
#339563000
b1011 7
1(
#339834000
0(
#340105000
11
b0 7
1(
#340376000
0(
#340647000
b1100 B
b100 K
01
b1 7
1(
#340918000
0(
#341189000
b10 7
1(
#341460000
0(
#341731000
b11 7
1(
#342002000
0(
#342273000
b100 7
1(
#342544000
0(
#342815000
b101 7
1(
#343086000
0(
#343357000
b110 7
1(
#343628000
0(
#343899000
b111 7
1(
#344170000
0(
#344441000
b1000 7
1(
#344712000
0(
#344983000
b1001 7
1(
#345254000
0(
#345525000
b1010 7
1(
#345796000
0(
#346067000
b1011 7
1(
#346338000
0(
#346609000
11
b0 7
1(
#346880000
0(
#347151000
b1101 B
b101 K
01
b1 7
1(
#347422000
0(
#347693000
b10 7
1(
#347964000
0(
#348235000
b11 7
1(
#348506000
0(
#348777000
b100 7
1(
#349048000
0(
#349319000
b101 7
1(
#349590000
0(
#349861000
b110 7
1(
#350132000
0(
#350403000
b111 7
1(
#350674000
0(
#350945000
b1000 7
1(
#351216000
0(
#351487000
b1001 7
1(
#351758000
0(
#352029000
b1010 7
1(
#352300000
0(
#352571000
b1011 7
1(
#352842000
0(
#353113000
11
b0 7
1(
#353384000
0(
#353655000
b1110 B
b110 K
01
b1 7
1(
#353926000
0(
#354197000
b10 7
1(
#354468000
0(
#354739000
b11 7
1(
#355010000
0(
#355281000
b100 7
1(
#355552000
0(
#355823000
b101 7
1(
#356094000
0(
#356365000
b110 7
1(
#356636000
0(
#356907000
b111 7
1(
#357178000
0(
#357449000
b1000 7
1(
#357720000
0(
#357991000
b1001 7
1(
#358262000
0(
#358533000
b1010 7
1(
#358804000
0(
#359075000
b1011 7
1(
#359346000
0(
#359617000
11
b0 7
1(
#359888000
0(
#360159000
b1111 B
b111 K
01
b1 7
1(
#360430000
0(
#360701000
b10 7
1(
#360972000
0(
#361243000
b11 7
1(
#361514000
0(
#361785000
b100 7
1(
#362056000
0(
#362327000
b101 7
1(
#362598000
0(
#362869000
b110 7
1(
#363140000
0(
#363411000
b111 7
1(
#363682000
0(
#363953000
b1000 7
1(
#364224000
0(
#364495000
b1001 7
1(
#364766000
0(
#365037000
b1010 7
1(
#365308000
0(
#365579000
b1011 7
1(
#365850000
0(
#366121000
11
b0 7
1(
#366392000
0(
#366663000
b11 <
b0 B
b1000 K
01
b1 7
1(
#366934000
0(
#367205000
b10 7
1(
#367476000
0(
#367747000
b11 7
1(
#368018000
0(
#368289000
b100 7
1(
#368560000
0(
#368831000
b101 7
1(
#369102000
0(
#369373000
b110 7
1(
#369644000
0(
#369915000
b111 7
1(
#370186000
0(
#370457000
b1000 7
1(
#370728000
0(
#370999000
b1001 7
1(
#371270000
0(
#371541000
b1010 7
1(
#371812000
0(
#372083000
b1011 7
1(
#372354000
0(
#372625000
11
b0 7
1(
#372896000
0(
#373167000
b1 B
b1001 K
01
b1 7
1(
#373438000
0(
#373709000
b10 7
1(
#373980000
0(
#374251000
b11 7
1(
#374522000
0(
#374793000
b100 7
1(
#375064000
0(
#375335000
b101 7
1(
#375606000
0(
#375877000
b110 7
1(
#376148000
0(
#376419000
b111 7
1(
#376690000
0(
#376961000
b1000 7
1(
#377232000
0(
#377503000
b1001 7
1(
#377774000
0(
#378045000
b1010 7
1(
#378316000
0(
#378587000
b1011 7
1(
#378858000
0(
#379129000
11
b0 7
1(
#379400000
0(
#379671000
b10 B
b1010 K
01
b1 7
1(
#379942000
0(
#380213000
b10 7
1(
#380484000
0(
#380755000
b11 7
1(
#381026000
0(
#381297000
b100 7
1(
#381568000
0(
#381839000
b101 7
1(
#382110000
0(
#382381000
b110 7
1(
#382652000
0(
#382923000
b111 7
1(
#383194000
0(
#383465000
b1000 7
1(
#383736000
0(
#384007000
b1001 7
1(
#384278000
0(
#384549000
b1010 7
1(
#384820000
0(
#385091000
b1011 7
1(
#385362000
0(
#385633000
11
b0 7
1(
#385904000
0(
#386175000
b11 B
b1011 K
01
b1 7
1(
#386446000
0(
#386717000
b10 7
1(
#386988000
0(
#387259000
b11 7
1(
#387530000
0(
#387801000
b100 7
1(
#388072000
0(
#388343000
b101 7
1(
#388614000
0(
#388885000
b110 7
1(
#389156000
0(
#389427000
b111 7
1(
#389698000
0(
#389969000
b1000 7
1(
#390240000
0(
#390511000
b1001 7
1(
#390782000
0(
#391053000
b1010 7
1(
#391324000
0(
#391595000
b1011 7
1(
#391866000
0(
#392137000
11
b0 7
1(
#392408000
0(
#392679000
b100 B
b1100 K
01
b1 7
1(
#392950000
0(
#393221000
b10 7
1(
#393492000
0(
#393763000
b11 7
1(
#394034000
0(
#394305000
b100 7
1(
#394576000
0(
#394847000
b101 7
1(
#395118000
0(
#395389000
b110 7
1(
#395660000
0(
#395931000
b111 7
1(
#396202000
0(
#396473000
b1000 7
1(
#396744000
0(
#397015000
b1001 7
1(
#397286000
0(
#397557000
b1010 7
1(
#397828000
0(
#398099000
b1011 7
1(
#398370000
0(
#398641000
11
b0 7
1(
#398912000
0(
#399183000
b101 B
b1101 K
01
b1 7
1(
#399454000
0(
#399725000
b10 7
1(
#399996000
0(
#400267000
b11 7
1(
#400538000
0(
#400809000
b100 7
1(
#401080000
0(
#401351000
b101 7
1(
#401622000
0(
#401893000
b110 7
1(
#402164000
0(
#402435000
b111 7
1(
#402706000
0(
#402977000
b1000 7
1(
#403248000
0(
#403519000
b1001 7
1(
#403790000
0(
#404061000
b1010 7
1(
#404332000
0(
#404603000
b1011 7
1(
#404874000
0(
#405145000
11
b0 7
1(
#405416000
0(
#405687000
b110 B
b1110 K
01
b1 7
1(
#405958000
0(
#406229000
b10 7
1(
#406500000
0(
#406771000
b11 7
1(
#407042000
0(
#407313000
b100 7
1(
#407584000
0(
#407855000
b101 7
1(
#408126000
0(
#408397000
b110 7
1(
#408668000
0(
#408939000
b111 7
1(
#409210000
0(
#409481000
b1000 7
1(
#409752000
0(
#410023000
b1001 7
1(
#410294000
0(
#410565000
b1010 7
1(
#410836000
0(
#411107000
b1011 7
1(
#411378000
0(
#411649000
11
b0 7
1(
#411920000
0(
#412191000
b111 B
b1111 K
01
b1 7
1(
#412462000
0(
#412733000
b10 7
1(
#413004000
0(
#413275000
b11 7
1(
#413546000
0(
#413817000
b100 7
1(
#414088000
0(
#414359000
b101 7
1(
#414630000
0(
#414901000
b110 7
1(
#415172000
0(
#415443000
b111 7
1(
#415714000
0(
#415985000
b1000 7
1(
#416256000
0(
#416527000
b1001 7
1(
#416798000
0(
#417069000
b1010 7
1(
#417340000
0(
#417611000
b1011 7
1(
#417882000
0(
#418153000
11
b0 7
1(
#418424000
0(
#418695000
b1000 B
b11 H
b0 K
01
b1 7
1(
#418966000
0(
#419237000
b10 7
1(
#419508000
0(
#419779000
b11 7
1(
#420050000
0(
#420321000
b100 7
1(
#420592000
0(
#420863000
b101 7
1(
#421134000
0(
#421405000
b110 7
1(
#421676000
0(
#421947000
b111 7
1(
#422218000
0(
#422489000
b1000 7
1(
#422760000
0(
#423031000
b1001 7
1(
#423302000
0(
#423573000
b1010 7
1(
#423844000
0(
#424115000
b1011 7
1(
#424386000
0(
#424657000
11
b0 7
1(
#424928000
0(
#425199000
b1001 B
b1 K
01
b1 7
1(
#425470000
0(
#425741000
b10 7
1(
#426012000
0(
#426283000
b11 7
1(
#426554000
0(
#426825000
b100 7
1(
#427096000
0(
#427367000
b101 7
1(
#427638000
0(
#427909000
b110 7
1(
#428180000
0(
#428451000
b111 7
1(
#428722000
0(
#428993000
b1000 7
1(
#429264000
0(
#429535000
b1001 7
1(
#429806000
0(
#430077000
b1010 7
1(
#430348000
0(
#430619000
b1011 7
1(
#430890000
0(
#431161000
11
b0 7
1(
#431432000
0(
#431703000
b1010 B
b10 K
01
b1 7
1(
#431974000
0(
#432245000
b10 7
1(
#432516000
0(
#432787000
b11 7
1(
#433058000
0(
#433329000
b100 7
1(
#433600000
0(
#433871000
b101 7
1(
#434142000
0(
#434413000
b110 7
1(
#434684000
0(
#434955000
b111 7
1(
#435226000
0(
#435497000
b1000 7
1(
#435768000
0(
#436039000
b1001 7
1(
#436310000
0(
#436581000
b1010 7
1(
#436852000
0(
#437123000
b1011 7
1(
#437394000
0(
#437665000
11
b0 7
1(
#437936000
0(
#438207000
b1011 B
b11 K
01
b1 7
1(
#438478000
0(
#438749000
b10 7
1(
#439020000
0(
#439291000
b11 7
1(
#439562000
0(
#439833000
b100 7
1(
#440104000
0(
#440375000
b101 7
1(
#440646000
0(
#440917000
b110 7
1(
#441188000
0(
#441459000
b111 7
1(
#441730000
0(
#442001000
b1000 7
1(
#442272000
0(
#442543000
b1001 7
1(
#442814000
0(
#443085000
b1010 7
1(
#443356000
0(
#443627000
b1011 7
1(
#443898000
0(
#444169000
11
b0 7
1(
#444440000
0(
#444711000
b1100 B
b100 K
01
b1 7
1(
#444982000
0(
#445253000
b10 7
1(
#445524000
0(
#445795000
b11 7
1(
#446066000
0(
#446337000
b100 7
1(
#446608000
0(
#446879000
b101 7
1(
#447150000
0(
#447421000
b110 7
1(
#447692000
0(
#447963000
b111 7
1(
#448234000
0(
#448505000
b1000 7
1(
#448776000
0(
#449047000
b1001 7
1(
#449318000
0(
#449589000
b1010 7
1(
#449860000
0(
#450131000
b1011 7
1(
#450402000
0(
#450673000
11
b0 7
1(
#450944000
0(
#451215000
b1101 B
b101 K
01
b1 7
1(
#451486000
0(
#451757000
b10 7
1(
#452028000
0(
#452299000
b11 7
1(
#452570000
0(
#452841000
b100 7
1(
#453112000
0(
#453383000
b101 7
1(
#453654000
0(
#453925000
b110 7
1(
#454196000
0(
#454467000
b111 7
1(
#454738000
0(
#455009000
b1000 7
1(
#455280000
0(
#455551000
b1001 7
1(
#455822000
0(
#456093000
b1010 7
1(
#456364000
0(
#456635000
b1011 7
1(
#456906000
0(
#457177000
11
b0 7
1(
#457448000
0(
#457719000
b1110 B
b110 K
01
b1 7
1(
#457990000
0(
#458261000
b10 7
1(
#458532000
0(
#458803000
b11 7
1(
#459074000
0(
#459345000
b100 7
1(
#459616000
0(
#459887000
b101 7
1(
#460158000
0(
#460429000
b110 7
1(
#460700000
0(
#460971000
b111 7
1(
#461242000
0(
#461513000
b1000 7
1(
#461784000
0(
#462055000
b1001 7
1(
#462326000
0(
#462597000
b1010 7
1(
#462868000
0(
#463139000
b1011 7
1(
#463410000
0(
#463681000
11
b0 7
1(
#463952000
0(
#464223000
b1111 B
b111 K
01
b1 7
1(
#464494000
0(
#464765000
b10 7
1(
#465036000
0(
#465307000
b11 7
1(
#465578000
0(
#465849000
b100 7
1(
#466120000
0(
#466391000
b101 7
1(
#466662000
0(
#466933000
b110 7
1(
#467204000
0(
#467475000
b111 7
1(
#467746000
0(
#468017000
b1000 7
1(
#468288000
0(
#468559000
b1001 7
1(
#468830000
0(
#469101000
b1010 7
1(
#469372000
0(
#469643000
b1011 7
1(
#469914000
0(
#470185000
11
b0 7
1(
#470456000
0(
#470727000
b100 <
b0 B
b1000 K
01
b1 7
1(
#470998000
0(
#471269000
b10 7
1(
#471540000
0(
#471811000
b11 7
1(
#472082000
0(
#472353000
b100 7
1(
#472624000
0(
#472895000
b101 7
1(
#473166000
0(
#473437000
b110 7
1(
#473708000
0(
#473979000
b111 7
1(
#474250000
0(
#474521000
b1000 7
1(
#474792000
0(
#475063000
b1001 7
1(
#475334000
0(
#475605000
b1010 7
1(
#475876000
0(
#476147000
b1011 7
1(
#476418000
0(
#476689000
11
b0 7
1(
#476960000
0(
#477231000
b1 B
b1001 K
01
b1 7
1(
#477502000
0(
#477773000
b10 7
1(
#478044000
0(
#478315000
b11 7
1(
#478586000
0(
#478857000
b100 7
1(
#479128000
0(
#479399000
b101 7
1(
#479670000
0(
#479941000
b110 7
1(
#480212000
0(
#480483000
b111 7
1(
#480754000
0(
#481025000
b1000 7
1(
#481296000
0(
#481567000
b1001 7
1(
#481838000
0(
#482109000
b1010 7
1(
#482380000
0(
#482651000
b1011 7
1(
#482922000
0(
#483193000
11
b0 7
1(
#483464000
0(
#483735000
b10 B
b1010 K
01
b1 7
1(
#484006000
0(
#484277000
b10 7
1(
#484548000
0(
#484819000
b11 7
1(
#485090000
0(
#485361000
b100 7
1(
#485632000
0(
#485903000
b101 7
1(
#486174000
0(
#486445000
b110 7
1(
#486716000
0(
#486987000
b111 7
1(
#487258000
0(
#487529000
b1000 7
1(
#487800000
0(
#488071000
b1001 7
1(
#488342000
0(
#488613000
b1010 7
1(
#488884000
0(
#489155000
b1011 7
1(
#489426000
0(
#489697000
11
b0 7
1(
#489968000
0(
#490239000
b11 B
b1011 K
01
b1 7
1(
#490510000
0(
#490781000
b10 7
1(
#491052000
0(
#491323000
b11 7
1(
#491594000
0(
#491865000
b100 7
1(
#492136000
0(
#492407000
b101 7
1(
#492678000
0(
#492949000
b110 7
1(
#493220000
0(
#493491000
b111 7
1(
#493762000
0(
#494033000
b1000 7
1(
#494304000
0(
#494575000
b1001 7
1(
#494846000
0(
#495117000
b1010 7
1(
#495388000
0(
#495659000
b1011 7
1(
#495930000
0(
#496201000
11
b0 7
1(
#496472000
0(
#496743000
b100 B
b1100 K
01
b1 7
1(
#497014000
0(
#497285000
b10 7
1(
#497556000
0(
#497827000
b11 7
1(
#498098000
0(
#498369000
b100 7
1(
#498640000
0(
#498911000
b101 7
1(
#499182000
0(
#499453000
b110 7
1(
#499724000
0(
#499995000
b111 7
1(
#500266000
0(
#500537000
b1000 7
1(
#500808000
0(
#501079000
b1001 7
1(
#501350000
0(
#501621000
b1010 7
1(
#501892000
0(
#502163000
b1011 7
1(
#502434000
0(
#502705000
11
b0 7
1(
#502976000
0(
#503247000
b101 B
b1101 K
01
b1 7
1(
#503518000
0(
#503789000
b10 7
1(
#504060000
0(
#504331000
b11 7
1(
#504602000
0(
#504873000
b100 7
1(
#505144000
0(
#505415000
b101 7
1(
#505686000
0(
#505957000
b110 7
1(
#506228000
0(
#506499000
b111 7
1(
#506770000
0(
#507041000
b1000 7
1(
#507312000
0(
#507583000
b1001 7
1(
#507854000
0(
#508125000
b1010 7
1(
#508396000
0(
#508667000
b1011 7
1(
#508938000
0(
#509209000
11
b0 7
1(
#509480000
0(
#509751000
b110 B
b1110 K
01
b1 7
1(
#510022000
0(
#510293000
b10 7
1(
#510564000
0(
#510835000
b11 7
1(
#511106000
0(
#511377000
b100 7
1(
#511648000
0(
#511919000
b101 7
1(
#512190000
0(
#512461000
b110 7
1(
#512732000
0(
#513003000
b111 7
1(
#513274000
0(
#513545000
b1000 7
1(
#513816000
0(
#514087000
b1001 7
1(
#514358000
0(
#514629000
b1010 7
1(
#514900000
0(
#515171000
b1011 7
1(
#515442000
0(
#515713000
11
b0 7
1(
#515984000
0(
#516255000
b111 B
b1111 K
01
b1 7
1(
#516526000
0(
#516797000
b10 7
1(
#517068000
0(
#517339000
b11 7
1(
#517610000
0(
#517881000
b100 7
1(
#518152000
0(
#518423000
b101 7
1(
#518694000
0(
#518965000
b110 7
1(
#519236000
0(
#519507000
b111 7
1(
#519778000
0(
#520049000
b1000 7
1(
#520320000
0(
#520591000
b1001 7
1(
#520862000
0(
#521133000
b1010 7
1(
#521404000
0(
#521675000
b1011 7
1(
#521946000
0(
#522217000
11
b0 7
1(
#522488000
0(
#522759000
b1000 B
b100 H
b0 K
01
b1 7
1(
#523030000
0(
#523301000
b10 7
1(
#523572000
0(
#523843000
b11 7
1(
#524114000
0(
#524385000
b100 7
1(
#524656000
0(
#524927000
b101 7
1(
#525198000
0(
#525469000
b110 7
1(
#525740000
0(
#526011000
b111 7
1(
#526282000
0(
#526553000
b1000 7
1(
#526824000
0(
#527095000
b1001 7
1(
#527366000
0(
#527637000
b1010 7
1(
#527908000
0(
#528179000
b1011 7
1(
#528450000
0(
#528721000
11
b0 7
1(
#528992000
0(
#529263000
b1001 B
b1 K
01
b1 7
1(
#529534000
0(
#529805000
b10 7
1(
#530076000
0(
#530347000
b11 7
1(
#530618000
0(
#530889000
b100 7
1(
#531160000
0(
#531431000
b101 7
1(
#531702000
0(
#531973000
b110 7
1(
#532244000
0(
#532515000
b111 7
1(
#532786000
0(
#533057000
b1000 7
1(
#533328000
0(
#533599000
b1001 7
1(
#533870000
0(
#534141000
b1010 7
1(
#534412000
0(
#534683000
b1011 7
1(
#534954000
0(
#535225000
11
b0 7
1(
#535496000
0(
#535767000
b1010 B
b10 K
01
b1 7
1(
#536038000
0(
#536309000
b10 7
1(
#536580000
0(
#536851000
b11 7
1(
#537122000
0(
#537393000
b100 7
1(
#537664000
0(
#537935000
b101 7
1(
#538206000
0(
#538477000
b110 7
1(
#538748000
0(
#539019000
b111 7
1(
#539290000
0(
#539561000
b1000 7
1(
#539832000
0(
#540103000
b1001 7
1(
#540374000
0(
#540645000
b1010 7
1(
#540916000
0(
#541187000
b1011 7
1(
#541458000
0(
#541729000
11
b0 7
1(
#542000000
0(
#542271000
b1011 B
b11 K
01
b1 7
1(
#542542000
0(
#542813000
b10 7
1(
#543084000
0(
#543355000
b11 7
1(
#543626000
0(
#543897000
b100 7
1(
#544168000
0(
#544439000
b101 7
1(
#544710000
0(
#544981000
b110 7
1(
#545252000
0(
#545523000
b111 7
1(
#545794000
0(
#546065000
b1000 7
1(
#546336000
0(
#546607000
b1001 7
1(
#546878000
0(
#547149000
b1010 7
1(
#547420000
0(
#547691000
b1011 7
1(
#547962000
0(
#548233000
11
b0 7
1(
#548504000
0(
#548775000
b1100 B
b100 K
01
b1 7
1(
#549046000
0(
#549317000
b10 7
1(
#549588000
0(
#549859000
b11 7
1(
#550130000
0(
#550401000
b100 7
1(
#550672000
0(
#550943000
b101 7
1(
#551214000
0(
#551485000
b110 7
1(
#551756000
0(
#552027000
b111 7
1(
#552298000
0(
#552569000
b1000 7
1(
#552840000
0(
#553111000
b1001 7
1(
#553382000
0(
#553653000
b1010 7
1(
#553924000
0(
#554195000
b1011 7
1(
#554466000
0(
#554737000
11
b0 7
1(
#555008000
0(
#555279000
b1101 B
b101 K
01
b1 7
1(
#555550000
0(
#555821000
b10 7
1(
#556092000
0(
#556363000
b11 7
1(
#556634000
0(
#556905000
b100 7
1(
#557176000
0(
#557447000
b101 7
1(
#557718000
0(
#557989000
b110 7
1(
#558260000
0(
#558531000
b111 7
1(
#558802000
0(
#559073000
b1000 7
1(
#559344000
0(
#559615000
b1001 7
1(
#559886000
0(
#560157000
b1010 7
1(
#560428000
0(
#560699000
b1011 7
1(
#560970000
0(
#561241000
11
b0 7
1(
#561512000
0(
#561783000
b1110 B
b110 K
01
b1 7
1(
#562054000
0(
#562325000
b10 7
1(
#562596000
0(
#562867000
b11 7
1(
#563138000
0(
#563409000
b100 7
1(
#563680000
0(
#563951000
b101 7
1(
#564222000
0(
#564493000
b110 7
1(
#564764000
0(
#565035000
b111 7
1(
#565306000
0(
#565577000
b1000 7
1(
#565848000
0(
#566119000
b1001 7
1(
#566390000
0(
#566661000
b1010 7
1(
#566932000
0(
#567203000
b1011 7
1(
#567474000
0(
#567745000
11
b0 7
1(
#568016000
0(
#568287000
b1111 B
b111 K
01
b1 7
1(
#568558000
0(
#568829000
b10 7
1(
#569100000
0(
#569371000
b11 7
1(
#569642000
0(
#569913000
b100 7
1(
#570184000
0(
#570455000
b101 7
1(
#570726000
0(
#570997000
b110 7
1(
#571268000
0(
#571539000
b111 7
1(
#571810000
0(
#572081000
b1000 7
1(
#572352000
0(
#572623000
b1001 7
1(
#572894000
0(
#573165000
b1010 7
1(
#573436000
0(
#573707000
b1011 7
1(
#573978000
0(
#574249000
11
b0 7
1(
#574520000
0(
#574791000
b101 <
b0 B
b1000 K
01
b1 7
1(
#575062000
0(
#575333000
b10 7
1(
#575604000
0(
#575875000
b11 7
1(
#576146000
0(
#576417000
b100 7
1(
#576688000
0(
#576959000
b101 7
1(
#577230000
0(
#577501000
b110 7
1(
#577772000
0(
#578043000
b111 7
1(
#578314000
0(
#578585000
b1000 7
1(
#578856000
0(
#579127000
b1001 7
1(
#579398000
0(
#579669000
b1010 7
1(
#579940000
0(
#580211000
b1011 7
1(
#580482000
0(
#580753000
11
b0 7
1(
#581024000
0(
#581295000
b1 B
b1001 K
01
b1 7
1(
#581566000
0(
#581837000
b10 7
1(
#582108000
0(
#582379000
b11 7
1(
#582650000
0(
#582921000
b100 7
1(
#583192000
0(
#583463000
b101 7
1(
#583734000
0(
#584005000
b110 7
1(
#584276000
0(
#584547000
b111 7
1(
#584818000
0(
#585089000
b1000 7
1(
#585360000
0(
#585631000
b1001 7
1(
#585902000
0(
#586173000
b1010 7
1(
#586444000
0(
#586715000
b1011 7
1(
#586986000
0(
#587257000
11
b0 7
1(
#587528000
0(
#587799000
b10 B
b1010 K
01
b1 7
1(
#588070000
0(
#588341000
b10 7
1(
#588612000
0(
#588883000
b11 7
1(
#589154000
0(
#589425000
b100 7
1(
#589696000
0(
#589967000
b101 7
1(
#590238000
0(
#590509000
b110 7
1(
#590780000
0(
#591051000
b111 7
1(
#591322000
0(
#591593000
b1000 7
1(
#591864000
0(
#592135000
b1001 7
1(
#592406000
0(
#592677000
b1010 7
1(
#592948000
0(
#593219000
b1011 7
1(
#593490000
0(
#593761000
11
b0 7
1(
#594032000
0(
#594303000
b11 B
b1011 K
01
b1 7
1(
#594574000
0(
#594845000
b10 7
1(
#595116000
0(
#595387000
b11 7
1(
#595658000
0(
#595929000
b100 7
1(
#596200000
0(
#596471000
b101 7
1(
#596742000
0(
#597013000
b110 7
1(
#597284000
0(
#597555000
b111 7
1(
#597826000
0(
#598097000
b1000 7
1(
#598368000
0(
#598639000
b1001 7
1(
#598910000
0(
#599181000
b1010 7
1(
#599452000
0(
#599723000
b1011 7
1(
#599994000
0(
#600265000
11
b0 7
1(
#600536000
0(
#600807000
b100 B
b1100 K
01
b1 7
1(
#601078000
0(
#601349000
b10 7
1(
#601620000
0(
#601891000
b11 7
1(
#602162000
0(
#602433000
b100 7
1(
#602704000
0(
#602975000
b101 7
1(
#603246000
0(
#603517000
b110 7
1(
#603788000
0(
#604059000
b111 7
1(
#604330000
0(
#604601000
b1000 7
1(
#604872000
0(
#605143000
b1001 7
1(
#605414000
0(
#605685000
b1010 7
1(
#605956000
0(
#606227000
b1011 7
1(
#606498000
0(
#606769000
11
b0 7
1(
#607040000
0(
#607311000
b101 B
b1101 K
01
b1 7
1(
#607582000
0(
#607853000
b10 7
1(
#608124000
0(
#608395000
b11 7
1(
#608666000
0(
#608937000
b100 7
1(
#609208000
0(
#609479000
b101 7
1(
#609750000
0(
#610021000
b110 7
1(
#610292000
0(
#610563000
b111 7
1(
#610834000
0(
#611105000
b1000 7
1(
#611376000
0(
#611647000
b1001 7
1(
#611918000
0(
#612189000
b1010 7
1(
#612460000
0(
#612731000
b1011 7
1(
#613002000
0(
#613273000
11
b0 7
1(
#613544000
0(
#613815000
b110 B
b1110 K
01
b1 7
1(
#614086000
0(
#614357000
b10 7
1(
#614628000
0(
#614899000
b11 7
1(
#615170000
0(
#615441000
b100 7
1(
#615712000
0(
#615983000
b101 7
1(
#616254000
0(
#616525000
b110 7
1(
#616796000
0(
#617067000
b111 7
1(
#617338000
0(
#617609000
b1000 7
1(
#617880000
0(
#618151000
b1001 7
1(
#618422000
0(
#618693000
b1010 7
1(
#618964000
0(
#619235000
b1011 7
1(
#619506000
0(
#619777000
11
b0 7
1(
#620048000
0(
#620319000
b111 B
b1111 K
01
b1 7
1(
#620590000
0(
#620861000
b10 7
1(
#621132000
0(
#621403000
b11 7
1(
#621674000
0(
#621945000
b100 7
1(
#622216000
0(
#622487000
b101 7
1(
#622758000
0(
#623029000
b110 7
1(
#623300000
0(
#623571000
b111 7
1(
#623842000
0(
#624113000
b1000 7
1(
#624384000
0(
#624655000
b1001 7
1(
#624926000
0(
#625197000
b1010 7
1(
#625468000
0(
#625739000
b1011 7
1(
#626010000
0(
#626281000
11
b0 7
1(
#626552000
0(
#626823000
b1000 B
b101 H
b0 K
01
b1 7
1(
#627094000
0(
#627365000
b10 7
1(
#627636000
0(
#627907000
b11 7
1(
#628178000
0(
#628449000
b100 7
1(
#628720000
0(
#628991000
b101 7
1(
#629262000
0(
#629533000
b110 7
1(
#629804000
0(
#630075000
b111 7
1(
#630346000
0(
#630617000
b1000 7
1(
#630888000
0(
#631159000
b1001 7
1(
#631430000
0(
#631701000
b1010 7
1(
#631972000
0(
#632243000
b1011 7
1(
#632514000
0(
#632785000
11
b0 7
1(
#633056000
0(
#633327000
b1001 B
b1 K
01
b1 7
1(
#633598000
0(
#633869000
b10 7
1(
#634140000
0(
#634411000
b11 7
1(
#634682000
0(
#634953000
b100 7
1(
#635224000
0(
#635495000
b101 7
1(
#635766000
0(
#636037000
b110 7
1(
#636308000
0(
#636579000
b111 7
1(
#636850000
0(
#637121000
b1000 7
1(
#637392000
0(
#637663000
b1001 7
1(
#637934000
0(
#638205000
b1010 7
1(
#638476000
0(
#638747000
b1011 7
1(
#639018000
0(
#639289000
11
b0 7
1(
#639560000
0(
#639831000
b1010 B
b10 K
01
b1 7
1(
#640102000
0(
#640373000
b10 7
1(
#640644000
0(
#640915000
b11 7
1(
#641186000
0(
#641457000
b100 7
1(
#641728000
0(
#641999000
b101 7
1(
#642270000
0(
#642541000
b110 7
1(
#642812000
0(
#643083000
b111 7
1(
#643354000
0(
#643625000
b1000 7
1(
#643896000
0(
#644167000
b1001 7
1(
#644438000
0(
#644709000
b1010 7
1(
#644980000
0(
#645251000
b1011 7
1(
#645522000
0(
#645793000
11
b0 7
1(
#646064000
0(
#646335000
b1011 B
b11 K
01
b1 7
1(
#646606000
0(
#646877000
b10 7
1(
#647148000
0(
#647419000
b11 7
1(
#647690000
0(
#647961000
b100 7
1(
#648232000
0(
#648503000
b101 7
1(
#648774000
0(
#649045000
b110 7
1(
#649316000
0(
#649587000
b111 7
1(
#649858000
0(
#650129000
b1000 7
1(
#650400000
0(
#650671000
b1001 7
1(
#650942000
0(
#651213000
b1010 7
1(
#651484000
0(
#651755000
b1011 7
1(
#652026000
0(
#652297000
11
b0 7
1(
#652568000
0(
#652839000
b1100 B
b100 K
01
b1 7
1(
#653110000
0(
#653381000
b10 7
1(
#653652000
0(
#653923000
b11 7
1(
#654194000
0(
#654465000
b100 7
1(
#654736000
0(
#655007000
b101 7
1(
#655278000
0(
#655549000
b110 7
1(
#655820000
0(
#656091000
b111 7
1(
#656362000
0(
#656633000
b1000 7
1(
#656904000
0(
#657175000
b1001 7
1(
#657446000
0(
#657717000
b1010 7
1(
#657988000
0(
#658259000
b1011 7
1(
#658530000
0(
#658801000
11
b0 7
1(
#659072000
0(
#659343000
b1101 B
b101 K
01
b1 7
1(
#659614000
0(
#659885000
b10 7
1(
#660156000
0(
#660427000
b11 7
1(
#660698000
0(
#660969000
b100 7
1(
#661240000
0(
#661511000
b101 7
1(
#661782000
0(
#662053000
b110 7
1(
#662324000
0(
#662595000
b111 7
1(
#662866000
0(
#663137000
b1000 7
1(
#663408000
0(
#663679000
b1001 7
1(
#663950000
0(
#664221000
b1010 7
1(
#664492000
0(
#664763000
b1011 7
1(
#665034000
0(
#665305000
11
b0 7
1(
#665576000
0(
#665847000
b1110 B
b110 K
01
b1 7
1(
#666118000
0(
#666389000
b10 7
1(
#666660000
0(
#666931000
b11 7
1(
#667202000
0(
#667473000
b100 7
1(
#667744000
0(
#668015000
b101 7
1(
#668286000
0(
#668557000
b110 7
1(
#668828000
0(
#669099000
b111 7
1(
#669370000
0(
#669641000
b1000 7
1(
#669912000
0(
#670183000
b1001 7
1(
#670454000
0(
#670725000
b1010 7
1(
#670996000
0(
#671267000
b1011 7
1(
#671538000
0(
#671809000
11
b0 7
1(
#672080000
0(
#672351000
b1111 B
b111 K
01
b1 7
1(
#672622000
0(
#672893000
b10 7
1(
#673164000
0(
#673435000
b11 7
1(
#673706000
0(
#673977000
b100 7
1(
#674248000
0(
#674519000
b101 7
1(
#674790000
0(
#675061000
b110 7
1(
#675332000
0(
#675603000
b111 7
1(
#675874000
0(
#676145000
b1000 7
1(
#676416000
0(
#676687000
b1001 7
1(
#676958000
0(
#677229000
b1010 7
1(
#677500000
0(
#677771000
b1011 7
1(
#678042000
0(
#678313000
11
b0 7
1(
#678584000
0(
#678855000
b110 <
b0 B
b1000 K
01
b1 7
1(
#679126000
0(
#679397000
b10 7
1(
#679668000
0(
#679939000
b11 7
1(
#680210000
0(
#680481000
b100 7
1(
#680752000
0(
#681023000
b101 7
1(
#681294000
0(
#681565000
b110 7
1(
#681836000
0(
#682107000
b111 7
1(
#682378000
0(
#682649000
b1000 7
1(
#682920000
0(
#683191000
b1001 7
1(
#683462000
0(
#683733000
b1010 7
1(
#684004000
0(
#684275000
b1011 7
1(
#684546000
0(
#684817000
11
b0 7
1(
#685088000
0(
#685359000
b1 B
b1001 K
01
b1 7
1(
#685630000
0(
#685901000
b10 7
1(
#686172000
0(
#686443000
b11 7
1(
#686714000
0(
#686985000
b100 7
1(
#687256000
0(
#687527000
b101 7
1(
#687798000
0(
#688069000
b110 7
1(
#688340000
0(
#688611000
b111 7
1(
#688882000
0(
#689153000
b1000 7
1(
#689424000
0(
#689695000
b1001 7
1(
#689966000
0(
#690237000
b1010 7
1(
#690508000
0(
#690779000
b1011 7
1(
#691050000
0(
#691321000
11
b0 7
1(
#691592000
0(
#691863000
b10 B
b1010 K
01
b1 7
1(
#692134000
0(
#692405000
b10 7
1(
#692676000
0(
#692947000
b11 7
1(
#693218000
0(
#693489000
b100 7
1(
#693760000
0(
#694031000
b101 7
1(
#694302000
0(
#694573000
b110 7
1(
#694844000
0(
#695115000
b111 7
1(
#695386000
0(
#695657000
b1000 7
1(
#695928000
0(
#696199000
b1001 7
1(
#696470000
0(
#696741000
b1010 7
1(
#697012000
0(
#697283000
b1011 7
1(
#697554000
0(
#697825000
11
b0 7
1(
#698096000
0(
#698367000
b11 B
b1011 K
01
b1 7
1(
#698638000
0(
#698909000
b10 7
1(
#699180000
0(
#699451000
b11 7
1(
#699722000
0(
#699993000
b100 7
1(
#700264000
0(
#700535000
b101 7
1(
#700806000
0(
#701077000
b110 7
1(
#701348000
0(
#701619000
b111 7
1(
#701890000
0(
#702161000
b1000 7
1(
#702432000
0(
#702703000
b1001 7
1(
#702974000
0(
#703245000
b1010 7
1(
#703516000
0(
#703787000
b1011 7
1(
#704058000
0(
#704329000
11
b0 7
1(
#704600000
0(
#704871000
b100 B
b1100 K
01
b1 7
1(
#705142000
0(
#705413000
b10 7
1(
#705684000
0(
#705955000
b11 7
1(
#706226000
0(
#706497000
b100 7
1(
#706768000
0(
#707039000
b101 7
1(
#707310000
0(
#707581000
b110 7
1(
#707852000
0(
#708123000
b111 7
1(
#708394000
0(
#708665000
b1000 7
1(
#708936000
0(
#709207000
b1001 7
1(
#709478000
0(
#709749000
b1010 7
1(
#710020000
0(
#710291000
b1011 7
1(
#710562000
0(
#710833000
11
b0 7
1(
#711104000
0(
#711375000
b101 B
b1101 K
01
b1 7
1(
#711646000
0(
#711917000
b10 7
1(
#712188000
0(
#712459000
b11 7
1(
#712730000
0(
#713001000
b100 7
1(
#713272000
0(
#713543000
b101 7
1(
#713814000
0(
#714085000
b110 7
1(
#714356000
0(
#714627000
b111 7
1(
#714898000
0(
#715169000
b1000 7
1(
#715440000
0(
#715711000
b1001 7
1(
#715982000
0(
#716253000
b1010 7
1(
#716524000
0(
#716795000
b1011 7
1(
#717066000
0(
#717337000
11
b0 7
1(
#717608000
0(
#717879000
b110 B
b1110 K
01
b1 7
1(
#718150000
0(
#718421000
b10 7
1(
#718692000
0(
#718963000
b11 7
1(
#719234000
0(
#719505000
b100 7
1(
#719776000
0(
#720047000
b101 7
1(
#720318000
0(
#720589000
b110 7
1(
#720860000
0(
#721131000
b111 7
1(
#721402000
0(
#721673000
b1000 7
1(
#721944000
0(
#722215000
b1001 7
1(
#722486000
0(
#722757000
b1010 7
1(
#723028000
0(
#723299000
b1011 7
1(
#723570000
0(
#723841000
11
b0 7
1(
#724112000
0(
#724383000
b111 B
b1111 K
01
b1 7
1(
#724654000
0(
#724925000
b10 7
1(
#725196000
0(
#725467000
b11 7
1(
#725738000
0(
#726009000
b100 7
1(
#726280000
0(
#726551000
b101 7
1(
#726822000
0(
#727093000
b110 7
1(
#727364000
0(
#727635000
b111 7
1(
#727906000
0(
#728177000
b1000 7
1(
#728448000
0(
#728719000
b1001 7
1(
#728990000
0(
#729261000
b1010 7
1(
#729532000
0(
#729803000
b1011 7
1(
#730074000
0(
#730345000
11
b0 7
1(
#730616000
0(
#730887000
b1000 B
b110 H
b0 K
01
b1 7
1(
#731158000
0(
#731429000
b10 7
1"
1(
#731700000
0(
#731971000
1>
b11 7
1(
#732242000
0(
#732513000
b100 7
1?
1(
#732784000
0(
#733055000
b101 7
1(
#733326000
0(
#733597000
b110 7
1(
#733868000
0(
#734139000
b111 7
1(
#734410000
0(
#734681000
b1000 7
1(
#734952000
0(
#735223000
b1001 7
1(
#735494000
0(
#735765000
b1010 7
1(
#736036000
0(
#736307000
b1011 7
1(
#736578000
0(
#736849000
11
b0 7
1(
#737120000
0(
#737391000
b1001 B
b1 K
01
b1 7
1(
#737662000
0(
#737933000
b10 7
1(
#738204000
0(
#738475000
b11 7
1(
#738746000
0(
#739017000
b100 7
1(
#739288000
0(
#739559000
b101 7
1(
#739830000
0(
#740101000
b110 7
1(
#740372000
0(
#740643000
b111 7
1(
#740914000
0(
#741185000
b1000 7
1(
#741456000
0(
#741727000
b1001 7
1(
#741998000
0(
#742269000
b1010 7
1(
#742540000
0(
#742811000
b1011 7
1(
#743082000
0(
#743353000
11
b0 7
1(
#743624000
0(
#743895000
b1010 B
b10 K
01
b1 7
1(
#744166000
0(
#744437000
b10 7
1(
#744708000
0(
#744979000
b11 7
1(
#745250000
0(
#745521000
b100 7
1(
#745792000
0(
#746063000
b101 7
1(
#746334000
0(
#746605000
b110 7
1(
#746876000
0(
#747147000
b111 7
1(
#747418000
0(
#747689000
b1000 7
1(
#747960000
0(
#748231000
b1001 7
1(
#748502000
0(
#748773000
b1010 7
1(
#749044000
0(
#749315000
b1011 7
1(
#749586000
0(
#749857000
11
b0 7
1(
#750128000
0(
#750399000
b1011 B
b11 K
01
b1 7
1(
#750670000
0(
#750941000
b10 7
1(
#751212000
0(
#751483000
b11 7
1(
#751754000
0(
#752025000
b100 7
1(
#752296000
0(
#752567000
b101 7
1(
#752838000
0(
#753109000
b110 7
1(
#753380000
0(
#753651000
b111 7
1(
#753922000
0(
#754193000
b1000 7
1(
#754464000
0(
#754735000
b1001 7
1(
#755006000
0(
#755277000
b1010 7
1(
#755548000
0(
#755819000
b1011 7
1(
#756090000
0(
#756361000
11
b0 7
1(
#756632000
0(
#756903000
b1100 B
b100 K
01
b1 7
1(
#757174000
0(
#757445000
b10 7
1(
#757716000
0(
#757987000
b11 7
1(
#758258000
0(
#758529000
b100 7
1(
#758800000
0(
#759071000
b101 7
1(
#759342000
0(
#759613000
b110 7
1(
#759884000
0(
#760155000
b111 7
1(
#760426000
0(
#760697000
b1000 7
1(
#760968000
0(
#761239000
b1001 7
1(
#761510000
0(
#761781000
b1010 7
1(
#762052000
0(
#762323000
b1011 7
1(
#762594000
0(
#762865000
11
b0 7
1(
#763136000
0(
#763407000
b1101 B
b101 K
01
b1 7
1(
#763678000
0(
#763949000
b10 7
1(
#764220000
0(
#764491000
b11 7
1(
#764762000
0(
#765033000
b100 7
1(
#765304000
0(
#765575000
b101 7
1(
#765846000
0(
#766117000
b110 7
1(
#766388000
0(
#766659000
b111 7
1(
#766930000
0(
#767201000
b1000 7
1(
#767472000
0(
#767743000
b1001 7
1(
#768014000
0(
#768285000
b1010 7
1(
#768556000
0(
#768827000
b1011 7
1(
#769098000
0(
#769369000
11
b0 7
1(
#769640000
0(
#769911000
b1110 B
b110 K
01
b1 7
1(
#770182000
0(
#770453000
b10 7
1(
#770724000
0(
#770995000
b11 7
1(
#771266000
0(
#771537000
b100 7
1(
#771808000
0(
#772079000
b101 7
1(
#772350000
0(
#772621000
b110 7
1(
#772892000
0(
#773163000
b111 7
1(
#773434000
0(
#773705000
b1000 7
1(
#773976000
0(
#774247000
b1001 7
1(
#774518000
0(
#774789000
b1010 7
1(
#775060000
0(
#775331000
b1011 7
1(
#775602000
0(
#775873000
11
b0 7
1(
#776144000
0(
#776415000
b1111 B
b111 K
01
b1 7
1(
#776686000
0(
#776957000
b10 7
1(
#777228000
0(
#777499000
b11 7
1(
#777770000
0(
#778041000
b100 7
1(
#778312000
0(
#778583000
b101 7
1(
#778854000
0(
#779125000
b110 7
1(
#779396000
0(
#779667000
b111 7
1(
#779938000
0(
#780209000
b1000 7
1(
#780480000
0(
#780751000
b1001 7
1(
#781022000
0(
#781293000
b1010 7
1(
#781564000
0(
#781835000
b1011 7
1(
#782106000
0(
#782377000
11
b0 7
1(
#782648000
0(
#782919000
b111 <
b1000001 @
b0 B
b1000 K
01
b1 7
1(
#783190000
0(
#783461000
b10 7
1(
#783732000
0(
#784003000
b11 7
1(
#784274000
0(
#784545000
b100 7
1(
#784816000
0(
#785087000
b101 7
1(
#785358000
0(
#785629000
b110 7
1(
#785900000
0(
#786171000
b111 7
1(
#786442000
0(
#786713000
b1000 7
1(
#786984000
0(
#787255000
b1001 7
1(
#787526000
0(
#787797000
b1010 7
1(
#788068000
0(
#788339000
b1011 7
1(
#788610000
0(
#788881000
11
b0 7
1(
#789152000
0(
#789423000
b1 B
b1001 K
01
b1 7
1(
#789694000
0(
#789965000
b10 7
1(
#790236000
0(
#790507000
b11 7
1(
#790778000
0(
#791049000
b100 7
1(
#791320000
0(
#791591000
b101 7
1(
#791862000
0(
#792133000
b110 7
1(
#792404000
0(
#792675000
b111 7
1(
#792946000
0(
#793217000
b1000 7
1(
#793488000
0(
#793759000
b1001 7
1(
#794030000
0(
#794301000
b1010 7
1(
#794572000
0(
#794843000
b1011 7
1(
#795114000
0(
#795385000
11
b0 7
1(
#795656000
0(
#795927000
b10 B
b1010 K
01
b1 7
1(
#796198000
0(
#796469000
b10 7
1(
#796740000
0(
#797011000
b11 7
1(
#797282000
0(
#797553000
b100 7
1(
#797824000
0(
#798095000
b101 7
1(
#798366000
0(
#798637000
b110 7
1(
#798908000
0(
#799179000
b111 7
1(
#799450000
0(
#799721000
b1000 7
1(
#799992000
0(
#800263000
b1001 7
1(
#800534000
0(
#800805000
b1010 7
1(
#801076000
0(
#801347000
b1011 7
1(
#801618000
0(
#801889000
11
b0 7
1(
#802160000
0(
#802431000
b11 B
b1011 K
01
b1 7
1(
#802702000
0(
#802973000
b10 7
1(
#803244000
0(
#803515000
b11 7
1(
#803786000
0(
#804057000
b100 7
1(
#804328000
0(
#804599000
b101 7
1(
#804870000
0(
#805141000
b110 7
1(
#805412000
0(
#805683000
b111 7
1(
#805954000
0(
#806225000
b1000 7
1(
#806496000
0(
#806767000
b1001 7
1(
#807038000
0(
#807309000
b1010 7
1(
#807580000
0(
#807851000
b1011 7
1(
#808122000
0(
#808393000
11
b0 7
1(
#808664000
0(
#808935000
b100 B
b1100 K
01
b1 7
1(
#809206000
0(
#809477000
b10 7
1(
#809748000
0(
#810019000
b11 7
1(
#810290000
0(
#810561000
b100 7
1(
#810832000
0(
#811103000
b101 7
1(
#811374000
0(
#811645000
b110 7
1(
#811916000
0(
#812187000
b111 7
1(
#812458000
0(
#812729000
b1000 7
1(
#813000000
0(
#813271000
b1001 7
1(
#813542000
0(
#813813000
b1010 7
1(
#814084000
0(
#814355000
b1011 7
1(
#814626000
0(
#814897000
11
b0 7
1(
#815168000
0(
#815439000
b101 B
b1101 K
01
b1 7
1(
#815710000
0(
#815981000
b10 7
1(
#816252000
0(
#816523000
b11 7
1(
#816794000
0(
#817065000
b100 7
1(
#817336000
0(
#817607000
b101 7
1(
#817878000
0(
#818149000
b110 7
1(
#818420000
0(
#818691000
b111 7
1(
#818962000
0(
#819233000
b1000 7
1(
#819504000
0(
#819775000
b1001 7
1(
#820046000
0(
#820317000
b1010 7
1(
#820588000
0(
#820859000
b1011 7
1(
#821130000
0(
#821401000
11
b0 7
1(
#821672000
0(
#821943000
b110 B
b1110 K
01
b1 7
1(
#822214000
0(
#822485000
b10 7
1(
#822756000
0(
#823027000
b11 7
1(
#823298000
0(
#823569000
b100 7
1(
#823840000
0(
#824111000
b101 7
1(
#824382000
0(
#824653000
b110 7
1(
#824924000
0(
#825195000
b111 7
1(
#825466000
0(
#825737000
b1000 7
1(
#826008000
0(
#826279000
b1001 7
1(
#826550000
0(
#826821000
b1010 7
1(
#827092000
0(
#827363000
b1011 7
1(
#827634000
0(
#827905000
11
b0 7
1(
#828176000
0(
#828447000
b111 B
b1111 K
01
b1 7
1(
#828718000
0(
#828989000
b10 7
1(
#829260000
0(
#829531000
b11 7
1(
#829802000
0(
#830073000
b100 7
1(
#830344000
0(
#830615000
b101 7
1(
#830886000
0(
#831157000
b110 7
1(
#831428000
0(
#831699000
b111 7
1(
#831970000
0(
#832241000
b1000 7
1(
#832512000
0(
#832783000
b1001 7
1(
#833054000
0(
#833325000
b1010 7
1(
#833596000
0(
#833867000
b1011 7
1(
#834138000
0(
#834409000
11
b0 7
1(
#834680000
0(
#834951000
b1000 B
b111 H
b0 K
01
b1 7
1(
#835222000
0(
#835493000
b10 7
0"
1(
#835764000
0(
#836035000
0>
b11 7
1(
#836306000
0(
#836577000
b100 7
0?
1(
#836848000
0(
#837119000
b101 7
1(
#837390000
0(
#837661000
b110 7
1(
#837932000
0(
#838203000
b111 7
1(
#838474000
0(
#838745000
b1000 7
1(
#839016000
0(
#839287000
b1001 7
1(
#839558000
0(
#839829000
b1010 7
1(
#840100000
0(
#840371000
b1011 7
1(
#840642000
0(
#840913000
11
b0 7
1(
#841184000
0(
#841455000
b1001 B
b1 K
01
b1 7
1(
#841726000
0(
#841997000
b10 7
1(
#842268000
0(
#842539000
b11 7
1(
#842810000
0(
#843081000
b100 7
1(
#843352000
0(
#843623000
b101 7
1(
#843894000
0(
#844165000
b110 7
1(
#844436000
0(
#844707000
b111 7
1(
#844978000
0(
#845249000
b1000 7
1(
#845520000
0(
#845791000
b1001 7
1(
#846062000
0(
#846333000
b1010 7
1(
#846604000
0(
#846875000
b1011 7
1(
#847146000
0(
#847417000
11
b0 7
1(
#847688000
0(
#847959000
b1010 B
b10 K
01
b1 7
1(
#848230000
0(
#848501000
b10 7
1(
#848772000
0(
#849043000
b11 7
1(
#849314000
0(
#849585000
b100 7
1(
#849856000
0(
#850127000
b101 7
1(
#850398000
0(
#850669000
b110 7
1(
#850940000
0(
#851211000
b111 7
1(
#851482000
0(
#851753000
b1000 7
1(
#852024000
0(
#852295000
b1001 7
1(
#852566000
0(
#852837000
b1010 7
1(
#853108000
0(
#853379000
b1011 7
1(
#853650000
0(
#853921000
11
b0 7
1(
#854192000
0(
#854463000
b1011 B
b11 K
01
b1 7
1(
#854734000
0(
#855005000
b10 7
1(
#855276000
0(
#855547000
b11 7
1(
#855818000
0(
#856089000
b100 7
1(
#856360000
0(
#856631000
b101 7
1(
#856902000
0(
#857173000
b110 7
1(
#857444000
0(
#857715000
b111 7
1(
#857986000
0(
#858257000
b1000 7
1(
#858528000
0(
#858799000
b1001 7
1(
#859070000
0(
#859341000
b1010 7
1(
#859612000
0(
#859883000
b1011 7
1(
#860154000
0(
#860425000
11
b0 7
1(
#860696000
0(
#860967000
b1100 B
b100 K
01
b1 7
1(
#861238000
0(
#861509000
b10 7
1(
#861780000
0(
#862051000
b11 7
1(
#862322000
0(
#862593000
b100 7
1(
#862864000
0(
#863135000
b101 7
1(
#863406000
0(
#863677000
b110 7
1(
#863948000
0(
#864219000
b111 7
1(
#864490000
0(
#864761000
b1000 7
1(
#865032000
0(
#865303000
b1001 7
1(
#865574000
0(
#865845000
b1010 7
1(
#866116000
0(
#866387000
b1011 7
1(
#866658000
0(
#866929000
11
b0 7
1(
#867200000
0(
#867471000
b1101 B
b101 K
01
b1 7
1(
#867742000
0(
#868013000
b10 7
1(
#868284000
0(
#868555000
b11 7
1(
#868826000
0(
#869097000
b100 7
1(
#869368000
0(
#869639000
b101 7
1(
#869910000
0(
#870181000
b110 7
1(
#870452000
0(
#870723000
b111 7
1(
#870994000
0(
#871265000
b1000 7
1(
#871536000
0(
#871807000
b1001 7
1(
#872078000
0(
#872349000
b1010 7
1(
#872620000
0(
#872891000
b1011 7
1(
#873162000
0(
#873433000
11
b0 7
1(
#873704000
0(
#873975000
b1110 B
b110 K
01
b1 7
1(
#874246000
0(
#874517000
b10 7
1(
#874788000
0(
#875059000
b11 7
1(
#875330000
0(
#875601000
b100 7
1(
#875872000
0(
#876143000
b101 7
1(
#876414000
0(
#876685000
b110 7
1(
#876956000
0(
#877227000
b111 7
1(
#877498000
0(
#877769000
b1000 7
1(
#878040000
0(
#878311000
b1001 7
1(
#878582000
0(
#878853000
b1010 7
1(
#879124000
0(
#879395000
b1011 7
1(
#879666000
0(
#879937000
11
b0 7
1(
#880208000
0(
#880479000
b1111 B
b111 K
01
b1 7
1(
#880750000
0(
#881021000
b10 7
1(
#881292000
0(
#881563000
b11 7
1(
#881834000
0(
#882105000
b100 7
1(
#882376000
0(
#882647000
b101 7
1(
#882918000
0(
#883189000
b110 7
1(
#883460000
0(
#883731000
b111 7
1(
#884002000
0(
#884273000
b1000 7
1(
#884544000
0(
#884815000
b1001 7
1(
#885086000
0(
#885357000
b1010 7
1(
#885628000
0(
#885899000
b1011 7
1(
#886170000
0(
#886441000
11
b0 7
1(
#886712000
0(
#886983000
b11 A
b0 B
b1000 K
01
b1 7
1(
#887254000
0(
#887525000
b10 7
1(
#887796000
0(
#888067000
b11 7
1(
#888338000
0(
#888609000
b100 7
1(
#888880000
0(
#889151000
b101 7
1(
#889422000
0(
#889693000
b110 7
1(
#889964000
0(
#890235000
b111 7
1(
#890506000
0(
#890777000
b1000 7
1(
#891048000
0(
#891319000
b1001 7
1(
#891590000
0(
#891861000
b1010 7
1(
#892132000
0(
#892403000
b1011 7
1(
#892674000
0(
#892945000
11
b0 7
1(
#893216000
0(
#893487000
b1 B
b1001 K
01
b1 7
1(
#893758000
0(
#894029000
b10 7
1(
#894300000
0(
#894571000
b11 7
1(
#894842000
0(
#895113000
b100 7
1(
#895384000
0(
#895655000
b101 7
1(
#895926000
0(
#896197000
b110 7
1(
#896468000
0(
#896739000
b111 7
1(
#897010000
0(
#897281000
b1000 7
1(
#897552000
0(
#897823000
b1001 7
1(
#898094000
0(
#898365000
b1010 7
1(
#898636000
0(
#898907000
b1011 7
1(
#899178000
0(
#899449000
11
b0 7
1(
#899720000
0(
#899991000
b10 B
b1010 K
01
b1 7
1(
#900262000
0(
#900533000
b10 7
1(
#900804000
0(
#901075000
b11 7
1(
#901346000
0(
#901617000
b100 7
1(
#901888000
0(
#902159000
b101 7
1(
#902430000
0(
#902701000
b110 7
1(
#902972000
0(
#903243000
b111 7
1(
#903514000
0(
#903785000
b1000 7
1(
#904056000
0(
#904327000
b1001 7
1(
#904598000
0(
#904869000
b1010 7
1(
#905140000
0(
#905411000
b1011 7
1(
#905682000
0(
#905953000
11
b0 7
1(
#906224000
0(
#906495000
b11 B
b1011 K
01
b1 7
1(
#906766000
0(
#907037000
b10 7
1(
#907308000
0(
#907579000
b11 7
1(
#907850000
0(
#908121000
b100 7
1(
#908392000
0(
#908663000
b101 7
1(
#908934000
0(
#909205000
b110 7
1(
#909476000
0(
#909747000
b111 7
1(
#910018000
0(
#910289000
b1000 7
1(
#910560000
0(
#910831000
b1001 7
1(
#911102000
0(
#911373000
b1010 7
1(
#911644000
0(
#911915000
b1011 7
1(
#912186000
0(
#912457000
11
b0 7
1(
#912728000
0(
#912999000
b100 B
b1100 K
01
b1 7
1(
#913270000
0(
#913541000
b10 7
1(
#913812000
0(
#914083000
b11 7
1(
#914354000
0(
#914625000
b100 7
1(
#914896000
0(
#915167000
b101 7
1(
#915438000
0(
#915709000
b110 7
1(
#915980000
0(
#916251000
b111 7
1(
#916522000
0(
#916793000
b1000 7
1(
#917064000
0(
#917335000
b1001 7
1(
#917606000
0(
#917877000
b1010 7
1(
#918148000
0(
#918419000
b1011 7
1(
#918690000
0(
#918961000
11
b0 7
1(
#919232000
0(
#919503000
b101 B
b1101 K
01
b1 7
1(
#919774000
0(
#920045000
b10 7
1(
#920316000
0(
#920587000
b11 7
1(
#920858000
0(
#921129000
b100 7
1(
#921400000
0(
#921671000
b101 7
1(
#921942000
0(
#922213000
b110 7
1(
#922484000
0(
#922755000
b111 7
1(
#923026000
0(
#923297000
b1000 7
1(
#923568000
0(
#923839000
b1001 7
1(
#924110000
0(
#924381000
b1010 7
1(
#924652000
0(
#924923000
b1011 7
1(
#925194000
0(
#925465000
11
b0 7
1(
#925736000
0(
#926007000
b110 B
b1110 K
01
b1 7
1(
#926278000
0(
#926549000
b10 7
1(
#926820000
0(
#927091000
b11 7
1(
#927362000
0(
#927633000
b100 7
1(
#927904000
0(
#928175000
b101 7
1(
#928446000
0(
#928717000
b110 7
1(
#928988000
0(
#929259000
b111 7
1(
#929530000
0(
#929801000
b1000 7
1(
#930072000
0(
#930343000
b1001 7
1(
#930614000
0(
#930885000
b1010 7
1(
#931156000
0(
#931427000
b1011 7
1(
#931698000
0(
#931969000
11
b0 7
1(
#932240000
0(
#932511000
b111 B
b1111 K
01
b1 7
1(
#932782000
0(
#933053000
b10 7
1(
#933324000
0(
#933595000
b11 7
1(
#933866000
0(
#934137000
b100 7
1(
#934408000
0(
#934679000
b101 7
1(
#934950000
0(
#935221000
b110 7
1(
#935492000
0(
#935763000
b111 7
1(
#936034000
0(
#936305000
b1000 7
1(
#936576000
0(
#936847000
b1001 7
1(
#937118000
0(
#937389000
b1010 7
1(
#937660000
0(
#937931000
b1011 7
1(
#938202000
0(
#938473000
11
b0 7
1(
#938744000
0(
#939015000
b1000 B
b11 J
b0 K
01
b1 7
1(
#939286000
0(
#939557000
b10 7
1"
1(
#939828000
0(
#940099000
1>
b11 7
1(
#940370000
0(
#940641000
b100 7
1?
1(
#940912000
0(
#941183000
b101 7
1(
#941454000
0(
#941725000
b110 7
1(
#941996000
0(
#942267000
b111 7
1(
#942538000
0(
#942809000
b1000 7
1(
#943080000
0(
#943351000
b1001 7
1(
#943622000
0(
#943893000
b1010 7
1(
#944164000
0(
#944435000
b1011 7
1(
#944706000
0(
#944977000
11
b0 7
1(
#945248000
0(
#945519000
b1001 B
b1 K
01
b1 7
1(
#945790000
0(
#946061000
b10 7
1(
#946332000
0(
#946603000
b11 7
1(
#946874000
0(
#947145000
b100 7
1(
#947416000
0(
#947687000
b101 7
1(
#947958000
0(
#948229000
b110 7
1(
#948500000
0(
#948771000
b111 7
1(
#949042000
0(
#949313000
b1000 7
1(
#949584000
0(
#949855000
b1001 7
1(
#950126000
0(
#950397000
b1010 7
1(
#950668000
0(
#950939000
b1011 7
1(
#951210000
0(
#951481000
11
b0 7
1(
#951752000
0(
#952023000
b1010 B
b10 K
01
b1 7
1(
#952294000
0(
#952565000
b10 7
1(
#952836000
0(
#953107000
b11 7
1(
#953378000
0(
#953649000
b100 7
1(
#953920000
0(
#954191000
b101 7
1(
#954462000
0(
#954733000
b110 7
1(
#955004000
0(
#955275000
b111 7
1(
#955546000
0(
#955817000
b1000 7
1(
#956088000
0(
#956359000
b1001 7
1(
#956630000
0(
#956901000
b1010 7
1(
#957172000
0(
#957443000
b1011 7
1(
#957714000
0(
#957985000
11
b0 7
1(
#958256000
0(
#958527000
b1011 B
b11 K
01
b1 7
1(
#958798000
0(
#959069000
b10 7
1(
#959340000
0(
#959611000
b11 7
1(
#959882000
0(
#960153000
b100 7
1(
#960424000
0(
#960695000
b101 7
1(
#960966000
0(
#961237000
b110 7
1(
#961508000
0(
#961779000
b111 7
1(
#962050000
0(
#962321000
b1000 7
1(
#962592000
0(
#962863000
b1001 7
1(
#963134000
0(
#963405000
b1010 7
1(
#963676000
0(
#963947000
b1011 7
1(
#964218000
0(
#964489000
11
b0 7
1(
#964760000
0(
#965031000
b1100 B
b100 K
01
b1 7
1(
#965302000
0(
#965573000
b10 7
1(
#965844000
0(
#966115000
b11 7
1(
#966386000
0(
#966657000
b100 7
1(
#966928000
0(
#967199000
b101 7
1(
#967470000
0(
#967741000
b110 7
1(
#968012000
0(
#968283000
b111 7
1(
#968554000
0(
#968825000
b1000 7
1(
#969096000
0(
#969367000
b1001 7
1(
#969638000
0(
#969909000
b1010 7
1(
#970180000
0(
#970451000
b1011 7
1(
#970722000
0(
#970993000
11
b0 7
1(
#971264000
0(
#971535000
b1101 B
b101 K
01
b1 7
1(
#971806000
0(
#972077000
b10 7
1(
#972348000
0(
#972619000
b11 7
1(
#972890000
0(
#973161000
b100 7
1(
#973432000
0(
#973703000
b101 7
1(
#973974000
0(
#974245000
b110 7
1(
#974516000
0(
#974787000
b111 7
1(
#975058000
0(
#975329000
b1000 7
1(
#975600000
0(
#975871000
b1001 7
1(
#976142000
0(
#976413000
b1010 7
1(
#976684000
0(
#976955000
b1011 7
1(
#977226000
0(
#977497000
11
b0 7
1(
#977768000
0(
#978039000
b1110 B
b110 K
01
b1 7
1(
#978310000
0(
#978581000
b10 7
1(
#978852000
0(
#979123000
b11 7
1(
#979394000
0(
#979665000
b100 7
1(
#979936000
0(
#980207000
b101 7
1(
#980478000
0(
#980749000
b110 7
1(
#981020000
0(
#981291000
b111 7
1(
#981562000
0(
#981833000
b1000 7
1(
#982104000
0(
#982375000
b1001 7
1(
#982646000
0(
#982917000
b1010 7
1(
#983188000
0(
#983459000
b1011 7
1(
#983730000
0(
#984001000
11
b0 7
1(
#984272000
0(
#984543000
b1111 B
b111 K
01
b1 7
1(
#984814000
0(
#985085000
b10 7
1(
#985356000
0(
#985627000
b11 7
1(
#985898000
0(
#986169000
b100 7
1(
#986440000
0(
#986711000
b101 7
1(
#986982000
0(
#987253000
b110 7
1(
#987524000
0(
#987795000
b111 7
1(
#988066000
0(
#988337000
b1000 7
1(
#988608000
0(
#988879000
b1001 7
1(
#989150000
0(
#989421000
b1010 7
1(
#989692000
0(
#989963000
b1011 7
1(
#990234000
0(
#990505000
11
b0 7
1(
#990776000
0(
#991047000
b10 -
b0 A
1#
b1000001 $
b1000001 0
b1000001 =
b0 B
b1000 K
01
b1 7
1(
#991318000
0(
#991589000
b10 7
0#
1(
#991860000
0(
#992131000
b11 7
1(
#992402000
0(
#992673000
b100 7
1(
#992944000
0(
#993215000
b101 7
1(
#993486000
0(
#993757000
b110 7
1(
#994028000
0(
#994299000
b111 7
1(
#994570000
0(
#994841000
b1000 7
1(
#995112000
0(
#995383000
b1001 7
1(
#995654000
0(
#995925000
b1010 7
1(
#996196000
0(
#996467000
b1011 7
1(
#996738000
0(
#997009000
11
b0 7
1(
#997280000
0(
#997551000
b1001 K
01
b1 7
1(
#997822000
0(
#998093000
b10 7
1(
#998364000
0(
#998635000
b11 7
1(
#998906000
0(
#999177000
b100 7
1(
#999448000
0(
#999719000
b101 7
1(
#999990000
0(
#1000261000
b110 7
1(
#1000532000
0(
#1000803000
b111 7
1(
#1001074000
0(
#1001345000
b1000 7
1(
#1001616000
0(
#1001887000
b1001 7
1(
#1002158000
0(
#1002429000
b1010 7
1(
#1002700000
0(
#1002971000
b1011 7
1(
#1003242000
0(
#1003513000
11
b0 7
1(
#1003784000
0(
#1004055000
b1010 K
01
b1 7
1(
#1004326000
0(
#1004597000
b10 7
1(
#1004868000
0(
#1005139000
b11 7
1(
#1005410000
0(
#1005681000
b100 7
1(
#1005952000
0(
#1006223000
b101 7
1(
#1006494000
0(
#1006765000
b110 7
1(
#1007036000
0(
#1007307000
b111 7
1(
#1007578000
0(
#1007849000
b1000 7
1(
#1008120000
0(
#1008391000
b1001 7
1(
#1008662000
0(
#1008933000
b1010 7
1(
#1009204000
0(
#1009475000
b1011 7
1(
#1009746000
0(
#1010017000
11
b0 7
1(
#1010288000
0(
#1010559000
b1011 K
01
b1 7
1(
#1010830000
0(
#1011101000
b10 7
1(
#1011372000
0(
#1011643000
b11 7
1(
#1011914000
0(
#1012185000
b100 7
1(
#1012456000
0(
#1012727000
b101 7
1(
#1012998000
0(
#1013269000
b110 7
1(
#1013540000
0(
#1013811000
b111 7
1(
#1014082000
0(
#1014353000
b1000 7
1(
#1014624000
0(
#1014895000
b1001 7
1(
#1015166000
0(
#1015437000
b1010 7
1(
#1015708000
0(
#1015979000
b1011 7
1(
#1016250000
0(
#1016521000
11
b0 7
1(
#1016792000
0(
#1017063000
b1100 K
01
b1 7
1(
#1017334000
0(
#1017605000
b10 7
1(
#1017876000
0(
#1018147000
b11 7
1(
#1018418000
0(
#1018689000
b100 7
1(
#1018960000
0(
#1019231000
b101 7
1(
#1019502000
0(
#1019773000
b110 7
1(
#1020044000
0(
#1020315000
b111 7
1(
#1020586000
0(
#1020857000
b1000 7
1(
#1021128000
0(
#1021399000
b1001 7
1(
#1021670000
0(
#1021941000
b1010 7
1(
#1022212000
0(
#1022483000
b1011 7
1(
#1022754000
0(
#1023025000
11
b0 7
1(
#1023296000
0(
#1023567000
b1101 K
01
b1 7
1(
#1023838000
0(
#1024109000
b10 7
1(
#1024380000
0(
#1024651000
b11 7
1(
#1024922000
0(
#1025193000
b100 7
1(
#1025464000
0(
#1025735000
b101 7
1(
#1026006000
0(
#1026277000
b110 7
1(
#1026548000
0(
#1026819000
b111 7
1(
#1027090000
0(
#1027361000
b1000 7
1(
#1027632000
0(
#1027903000
b1001 7
1(
#1028174000
0(
#1028445000
b1010 7
1(
#1028716000
0(
#1028987000
b1011 7
1(
#1029258000
0(
#1029529000
11
b0 7
1(
#1029800000
0(
#1030071000
b1110 K
01
b1 7
1(
#1030342000
0(
#1030613000
b10 7
1(
#1030884000
0(
#1031155000
b11 7
1(
#1031426000
0(
#1031697000
b100 7
1(
#1031968000
0(
#1032239000
b101 7
1(
#1032510000
0(
#1032781000
b110 7
1(
#1033052000
0(
#1033323000
b111 7
1(
#1033594000
0(
#1033865000
b1000 7
1(
#1034136000
0(
#1034407000
b1001 7
1(
#1034678000
0(
#1034949000
b1010 7
1(
#1035220000
0(
#1035491000
b1011 7
1(
#1035762000
0(
#1036033000
11
b0 7
1(
#1036304000
0(
#1036575000
b1111 K
01
b1 7
1(
#1036846000
0(
#1037117000
b10 7
1(
#1037388000
0(
#1037659000
b11 7
1(
#1037930000
0(
#1038201000
b100 7
1(
#1038472000
0(
#1038743000
b101 7
1(
#1039014000
0(
#1039285000
b110 7
1(
#1039556000
0(
#1039827000
b111 7
1(
#1040098000
0(
#1040369000
b1000 7
1(
#1040640000
0(
#1040911000
b1001 7
1(
#1041182000
0(
#1041453000
b1010 7
1(
#1041724000
0(
#1041995000
b1011 7
1(
#1042266000
0(
#1042537000
11
b0 7
1(
#1042808000
0(
#1043079000
b0 J
0!
b0 K
01
b1 7
1(
#1043350000
0(
#1043621000
b10 7
b11 .
b10101000111001001100001011011100111001101101101011010010111010000100000001001110100001000100111 M
b1000010 L
1(
#1043892000
0(
#1044163000
b11 7
b1000010 *
b1000010 /
b1000010 C
1+
1(
#1044434000
0(
#1044705000
b100 7
b1 J
1!
b1000010 I
0+
1(
#1044976000
0(
#1045247000
0"
b101 7
1(
#1045518000
0(
#1045789000
b110 7
0>
1(
#1046060000
0(
#1046331000
0?
b111 7
1(
#1046602000
0(
#1046873000
b1000 7
b1 A
1(
#1047144000
0(
#1047415000
b1001 7
1(
#1047686000
0(
#1047957000
b1010 7
1(
#1048228000
0(
#1048499000
b1011 7
1(
#1048770000
0(
#1049041000
11
b0 7
1(
#1049312000
0(
#1049583000
b1 B
b1 K
01
b1 7
1(
#1049854000
0(
#1050125000
b10 7
1(
#1050396000
0(
#1050667000
b11 7
1(
#1050938000
0(
#1051209000
b100 7
1(
#1051480000
0(
#1051751000
b101 7
1(
#1052022000
0(
#1052293000
b110 7
1(
#1052564000
0(
#1052835000
b111 7
1(
#1053106000
0(
#1053377000
b1000 7
1(
#1053648000
0(
#1053919000
b1001 7
1(
#1054190000
0(
#1054461000
b1010 7
1(
#1054732000
0(
#1055003000
b1011 7
1(
#1055274000
0(
#1055545000
11
b0 7
1(
#1055816000
0(
#1056087000
b10 B
b10 K
01
b1 7
1(
#1056358000
0(
#1056629000
b10 7
1(
#1056900000
0(
#1057171000
b11 7
1(
#1057442000
0(
#1057713000
b100 7
1(
#1057984000
0(
#1058255000
b101 7
1(
#1058526000
0(
#1058797000
b110 7
1(
#1059068000
0(
#1059339000
b111 7
1(
#1059610000
0(
#1059881000
b1000 7
1(
#1060152000
0(
#1060423000
b1001 7
1(
#1060694000
0(
#1060965000
b1010 7
1(
#1061236000
0(
#1061507000
b1011 7
1(
#1061778000
0(
#1062049000
11
b0 7
1(
#1062320000
0(
#1062591000
b11 B
b11 K
01
b1 7
1(
#1062862000
0(
#1063133000
b10 7
1(
#1063404000
0(
#1063675000
b11 7
1(
#1063946000
0(
#1064217000
b100 7
1(
#1064488000
0(
#1064759000
b101 7
1(
#1065030000
0(
#1065301000
b110 7
1(
#1065572000
0(
#1065843000
b111 7
1(
#1066114000
0(
#1066385000
b1000 7
1(
#1066656000
0(
#1066927000
b1001 7
1(
#1067198000
0(
#1067469000
b1010 7
1(
#1067740000
0(
#1068011000
b1011 7
1(
#1068282000
0(
#1068553000
11
b0 7
1(
#1068824000
0(
#1069095000
b100 B
b100 K
01
b1 7
1(
#1069366000
0(
#1069637000
b10 7
1(
#1069908000
0(
#1070179000
b11 7
1(
#1070450000
0(
#1070721000
b100 7
1(
#1070992000
0(
#1071263000
b101 7
1(
#1071534000
0(
#1071805000
b110 7
1(
#1072076000
0(
#1072347000
b111 7
1(
#1072618000
0(
#1072889000
b1000 7
1(
#1073160000
0(
#1073431000
b1001 7
1(
#1073702000
0(
#1073973000
b1010 7
1(
#1074244000
0(
#1074515000
b1011 7
1(
#1074786000
0(
#1075057000
11
b0 7
1(
#1075328000
0(
#1075599000
b101 B
b101 K
01
b1 7
1(
#1075870000
0(
#1076141000
b10 7
1(
#1076412000
0(
#1076683000
b11 7
1(
#1076954000
0(
#1077225000
b100 7
1(
#1077496000
0(
#1077767000
b101 7
1(
#1078038000
0(
#1078309000
b110 7
1(
#1078580000
0(
#1078851000
b111 7
1(
#1079122000
0(
#1079393000
b1000 7
1(
#1079664000
0(
#1079935000
b1001 7
1(
#1080206000
0(
#1080477000
b1010 7
1(
#1080748000
0(
#1081019000
b1011 7
1(
#1081290000
0(
#1081561000
11
b0 7
1(
#1081832000
0(
#1082103000
b110 B
b110 K
01
b1 7
1(
#1082374000
0(
#1082645000
b10 7
1(
#1082916000
0(
#1083187000
b11 7
1(
#1083458000
0(
#1083729000
b100 7
1(
#1084000000
0(
#1084271000
b101 7
1(
#1084542000
0(
#1084813000
b110 7
1(
#1085084000
0(
#1085355000
b111 7
1(
#1085626000
0(
#1085897000
b1000 7
1(
#1086168000
0(
#1086439000
b1001 7
1(
#1086710000
0(
#1086981000
b1010 7
1(
#1087252000
0(
#1087523000
b1011 7
1(
#1087794000
0(
#1088065000
11
b0 7
1(
#1088336000
0(
#1088607000
b111 B
b111 K
01
b1 7
1(
#1088878000
0(
#1089149000
b10 7
1(
#1089420000
0(
#1089691000
b11 7
1(
#1089962000
0(
#1090233000
b100 7
1(
#1090504000
0(
#1090775000
b101 7
1(
#1091046000
0(
#1091317000
b110 7
1(
#1091588000
0(
#1091859000
b111 7
1(
#1092130000
0(
#1092401000
b1000 7
1(
#1092672000
0(
#1092943000
b1001 7
1(
#1093214000
0(
#1093485000
b1010 7
1(
#1093756000
0(
#1094027000
b1011 7
1(
#1094298000
0(
#1094569000
11
b0 7
1(
#1094840000
0(
#1095111000
b10 A
b0 <
b0 B
b1000 K
01
b1 7
1(
#1095382000
0(
#1095653000
b10 7
1(
#1095924000
0(
#1096195000
b11 7
1(
#1096466000
0(
#1096737000
b100 7
1(
#1097008000
0(
#1097279000
b101 7
1(
#1097550000
0(
#1097821000
b110 7
1(
#1098092000
0(
#1098363000
b111 7
1(
#1098634000
0(
#1098905000
b1000 7
1(
#1099176000
0(
#1099447000
b1001 7
1(
#1099718000
0(
#1099989000
b1010 7
1(
#1100260000
0(
#1100531000
b1011 7
1(
#1100802000
0(
#1101073000
11
b0 7
1(
#1101344000
0(
#1101615000
b1 B
b1001 K
01
b1 7
1(
#1101886000
0(
#1102157000
b10 7
1(
#1102428000
0(
#1102699000
b11 7
1(
#1102970000
0(
#1103241000
b100 7
1(
#1103512000
0(
#1103783000
b101 7
1(
#1104054000
0(
#1104325000
b110 7
1(
#1104596000
0(
#1104867000
b111 7
1(
#1105138000
0(
#1105409000
b1000 7
1(
#1105680000
0(
#1105951000
b1001 7
1(
#1106222000
0(
#1106493000
b1010 7
1(
#1106764000
0(
#1107035000
b1011 7
1(
#1107306000
0(
#1107577000
11
b0 7
1(
#1107848000
0(
#1108119000
b10 B
b1010 K
01
b1 7
1(
#1108390000
0(
#1108661000
b10 7
1(
#1108932000
0(
#1109203000
b11 7
1(
#1109474000
0(
#1109745000
b100 7
1(
#1110016000
0(
#1110287000
b101 7
1(
#1110558000
0(
#1110829000
b110 7
1(
#1111100000
0(
#1111371000
b111 7
1(
#1111642000
0(
#1111913000
b1000 7
1(
#1112184000
0(
#1112455000
b1001 7
1(
#1112726000
0(
#1112997000
b1010 7
1(
#1113268000
0(
#1113539000
b1011 7
1(
#1113810000
0(
#1114081000
11
b0 7
1(
#1114352000
0(
#1114623000
b11 B
b1011 K
01
b1 7
1(
#1114894000
0(
#1115165000
b10 7
1(
#1115436000
0(
#1115707000
b11 7
1(
#1115978000
0(
#1116249000
b100 7
1(
#1116520000
0(
#1116791000
b101 7
1(
#1117062000
0(
#1117333000
b110 7
1(
#1117604000
0(
#1117875000
b111 7
1(
#1118146000
0(
#1118417000
b1000 7
1(
#1118688000
0(
#1118959000
b1001 7
1(
#1119230000
0(
#1119501000
b1010 7
1(
#1119772000
0(
#1120043000
b1011 7
1(
#1120314000
0(
#1120585000
11
b0 7
1(
#1120856000
0(
#1121127000
b100 B
b1100 K
01
b1 7
1(
#1121398000
0(
#1121669000
b10 7
1(
#1121940000
0(
#1122211000
b11 7
1(
#1122482000
0(
#1122753000
b100 7
1(
#1123024000
0(
#1123295000
b101 7
1(
#1123566000
0(
#1123837000
b110 7
1(
#1124108000
0(
#1124379000
b111 7
1(
#1124650000
0(
#1124921000
b1000 7
1(
#1125192000
0(
#1125463000
b1001 7
1(
#1125734000
0(
#1126005000
b1010 7
1(
#1126276000
0(
#1126547000
b1011 7
1(
#1126818000
0(
#1127089000
11
b0 7
1(
#1127360000
0(
#1127631000
b101 B
b1101 K
01
b1 7
1(
#1127902000
0(
#1128173000
b10 7
1(
#1128444000
0(
#1128715000
b11 7
1(
#1128986000
0(
#1129257000
b100 7
1(
#1129528000
0(
#1129799000
b101 7
1(
#1130070000
0(
#1130341000
b110 7
1(
#1130612000
0(
#1130883000
b111 7
1(
#1131154000
0(
#1131425000
b1000 7
1(
#1131696000
0(
#1131967000
b1001 7
1(
#1132238000
0(
#1132509000
b1010 7
1(
#1132780000
0(
#1133051000
b1011 7
1(
#1133322000
0(
#1133593000
11
b0 7
1(
#1133864000
0(
#1134135000
b110 B
b1110 K
01
b1 7
1(
#1134406000
0(
#1134677000
b10 7
1(
#1134948000
0(
#1135219000
b11 7
1(
#1135490000
0(
#1135761000
b100 7
1(
#1136032000
0(
#1136303000
b101 7
1(
#1136574000
0(
#1136845000
b110 7
1(
#1137116000
0(
#1137387000
b111 7
1(
#1137658000
0(
#1137929000
b1000 7
1(
#1138200000
0(
#1138471000
b1001 7
1(
#1138742000
0(
#1139013000
b1010 7
1(
#1139284000
0(
#1139555000
b1011 7
1(
#1139826000
0(
#1140097000
11
b0 7
1(
#1140368000
0(
#1140639000
b111 B
b1111 K
01
b1 7
1(
#1140910000
0(
#1141181000
b10 7
1(
#1141452000
0(
#1141723000
b11 7
1(
#1141994000
0(
#1142265000
b100 7
1(
#1142536000
0(
#1142807000
b101 7
1(
#1143078000
0(
#1143349000
b110 7
1(
#1143620000
0(
#1143891000
b111 7
1(
#1144162000
0(
#1144433000
b1000 7
1(
#1144704000
0(
#1144975000
b1001 7
1(
#1145246000
0(
#1145517000
b1010 7
1(
#1145788000
0(
#1146059000
b1011 7
1(
#1146330000
0(
#1146601000
11
b0 7
1(
#1146872000
0(
#1147143000
b1000 B
b10 J
b0 H
b0 K
01
b1 7
1(
#1147414000
0(
#1147685000
b10 7
1(
#1147956000
0(
#1148227000
b11 7
1(
#1148498000
0(
#1148769000
b100 7
1(
#1149040000
0(
#1149311000
b101 7
1(
#1149582000
0(
#1149853000
b110 7
1(
#1150124000
0(
#1150395000
b111 7
1(
#1150666000
0(
#1150937000
b1000 7
1(
#1151208000
0(
#1151479000
b1001 7
1(
#1151750000
0(
#1152021000
b1010 7
1(
#1152292000
0(
#1152563000
b1011 7
1(
#1152834000
0(
#1153105000
11
b0 7
1(
#1153376000
0(
#1153647000
b1001 B
b1 K
01
b1 7
1(
#1153918000
0(
#1154189000
b10 7
1(
#1154460000
0(
#1154731000
b11 7
1(
#1155002000
0(
#1155273000
b100 7
1(
#1155544000
0(
#1155815000
b101 7
1(
#1156086000
0(
#1156357000
b110 7
1(
#1156628000
0(
#1156899000
b111 7
1(
#1157170000
0(
#1157441000
b1000 7
1(
#1157712000
0(
#1157983000
b1001 7
1(
#1158254000
0(
#1158525000
b1010 7
1(
#1158796000
0(
#1159067000
b1011 7
1(
#1159338000
0(
#1159609000
11
b0 7
1(
#1159880000
0(
#1160151000
b1010 B
b10 K
01
b1 7
1(
#1160422000
0(
#1160693000
b10 7
1(
#1160964000
0(
#1161235000
b11 7
1(
#1161506000
0(
#1161777000
b100 7
1(
#1162048000
0(
#1162319000
b101 7
1(
#1162590000
0(
#1162861000
b110 7
1(
#1163132000
0(
#1163403000
b111 7
1(
#1163674000
0(
#1163945000
b1000 7
1(
#1164216000
0(
#1164487000
b1001 7
1(
#1164758000
0(
#1165029000
b1010 7
1(
#1165300000
0(
#1165571000
b1011 7
1(
#1165842000
0(
#1166113000
11
b0 7
1(
#1166384000
0(
#1166655000
b1011 B
b11 K
01
b1 7
1(
#1166926000
0(
#1167197000
b10 7
1(
#1167468000
0(
#1167739000
b11 7
1(
#1168010000
0(
#1168281000
b100 7
1(
#1168552000
0(
#1168823000
b101 7
1(
#1169094000
0(
#1169365000
b110 7
1(
#1169636000
0(
#1169907000
b111 7
1(
#1170178000
0(
#1170449000
b1000 7
1(
#1170720000
0(
#1170991000
b1001 7
1(
#1171262000
0(
#1171533000
b1010 7
1(
#1171804000
0(
#1172075000
b1011 7
1(
#1172346000
0(
#1172617000
11
b0 7
1(
#1172888000
0(
#1173159000
b1100 B
b100 K
01
b1 7
1(
#1173430000
0(
#1173701000
b10 7
1(
#1173972000
0(
#1174243000
b11 7
1(
#1174514000
0(
#1174785000
b100 7
1(
#1175056000
0(
#1175327000
b101 7
1(
#1175598000
0(
#1175869000
b110 7
1(
#1176140000
0(
#1176411000
b111 7
1(
#1176682000
0(
#1176953000
b1000 7
1(
#1177224000
0(
#1177495000
b1001 7
1(
#1177766000
0(
#1178037000
b1010 7
1(
#1178308000
0(
#1178579000
b1011 7
1(
#1178850000
0(
#1179121000
11
b0 7
1(
#1179392000
0(
#1179663000
b1101 B
b101 K
01
b1 7
1(
#1179934000
0(
#1180205000
b10 7
1(
#1180476000
0(
#1180747000
b11 7
1(
#1181018000
0(
#1181289000
b100 7
1(
#1181560000
0(
#1181831000
b101 7
1(
#1182102000
0(
#1182373000
b110 7
1(
#1182644000
0(
#1182915000
b111 7
1(
#1183186000
0(
#1183457000
b1000 7
1(
#1183728000
0(
#1183999000
b1001 7
1(
#1184270000
0(
#1184541000
b1010 7
1(
#1184812000
0(
#1185083000
b1011 7
1(
#1185354000
0(
#1185625000
11
b0 7
1(
#1185896000
0(
#1186167000
b1110 B
b110 K
01
b1 7
1(
#1186438000
0(
#1186709000
b10 7
1(
#1186980000
0(
#1187251000
b11 7
1(
#1187522000
0(
#1187793000
b100 7
1(
#1188064000
0(
#1188335000
b101 7
1(
#1188606000
0(
#1188877000
b110 7
1(
#1189148000
0(
#1189419000
b111 7
1(
#1189690000
0(
#1189961000
b1000 7
1(
#1190232000
0(
#1190503000
b1001 7
1(
#1190774000
0(
#1191045000
b1010 7
1(
#1191316000
0(
#1191587000
b1011 7
1(
#1191858000
0(
#1192129000
11
b0 7
1(
#1192400000
0(
#1192671000
b1111 B
b111 K
01
b1 7
1(
#1192942000
0(
#1193213000
b10 7
1(
#1193484000
0(
#1193755000
b11 7
1(
#1194026000
0(
#1194297000
b100 7
1(
#1194568000
0(
#1194839000
b101 7
1(
#1195110000
0(
#1195381000
b110 7
1(
#1195652000
0(
#1195923000
b111 7
1(
#1196194000
0(
#1196465000
b1000 7
1(
#1196736000
0(
#1197007000
b1001 7
1(
#1197278000
0(
#1197549000
b1010 7
1(
#1197820000
0(
#1198091000
b1011 7
1(
#1198362000
0(
#1198633000
11
b0 7
1(
#1198904000
0(
#1199175000
b1 <
b1000000 @
b0 B
b1000 K
01
b1 7
1(
#1199446000
0(
#1199717000
b10 7
1(
#1199988000
0(
#1200259000
b11 7
1(
#1200530000
0(
#1200801000
b100 7
1(
#1201072000
0(
#1201343000
b101 7
1(
#1201614000
0(
#1201885000
b110 7
1(
#1202156000
0(
#1202427000
b111 7
1(
#1202698000
0(
#1202969000
b1000 7
1(
#1203240000
0(
#1203511000
b1001 7
1(
#1203782000
0(
#1204053000
b1010 7
1(
#1204324000
0(
#1204595000
b1011 7
1(
#1204866000
0(
#1205137000
11
b0 7
1(
#1205408000
0(
#1205679000
b1 B
b1001 K
01
b1 7
1(
#1205950000
0(
#1206221000
b10 7
1(
#1206492000
0(
#1206763000
b11 7
1(
#1207034000
0(
#1207305000
b100 7
1(
#1207576000
0(
#1207847000
b101 7
1(
#1208118000
0(
#1208389000
b110 7
1(
#1208660000
0(
#1208931000
b111 7
1(
#1209202000
0(
#1209473000
b1000 7
1(
#1209744000
0(
#1210015000
b1001 7
1(
#1210286000
0(
#1210557000
b1010 7
1(
#1210828000
0(
#1211099000
b1011 7
1(
#1211370000
0(
#1211641000
11
b0 7
1(
#1211912000
0(
#1212183000
b10 B
b1010 K
01
b1 7
1(
#1212454000
0(
#1212725000
b10 7
1(
#1212996000
0(
#1213267000
b11 7
1(
#1213538000
0(
#1213809000
b100 7
1(
#1214080000
0(
#1214351000
b101 7
1(
#1214622000
0(
#1214893000
b110 7
1(
#1215164000
0(
#1215435000
b111 7
1(
#1215706000
0(
#1215977000
b1000 7
1(
#1216248000
0(
#1216519000
b1001 7
1(
#1216790000
0(
#1217061000
b1010 7
1(
#1217332000
0(
#1217603000
b1011 7
1(
#1217874000
0(
#1218145000
11
b0 7
1(
#1218416000
0(
#1218687000
b11 B
b1011 K
01
b1 7
1(
#1218958000
0(
#1219229000
b10 7
1(
#1219500000
0(
#1219771000
b11 7
1(
#1220042000
0(
#1220313000
b100 7
1(
#1220584000
0(
#1220855000
b101 7
1(
#1221126000
0(
#1221397000
b110 7
1(
#1221668000
0(
#1221939000
b111 7
1(
#1222210000
0(
#1222481000
b1000 7
1(
#1222752000
0(
#1223023000
b1001 7
1(
#1223294000
0(
#1223565000
b1010 7
1(
#1223836000
0(
#1224107000
b1011 7
1(
#1224378000
0(
#1224649000
11
b0 7
1(
#1224920000
0(
#1225191000
b100 B
b1100 K
01
b1 7
1(
#1225462000
0(
#1225733000
b10 7
1(
#1226004000
0(
#1226275000
b11 7
1(
#1226546000
0(
#1226817000
b100 7
1(
#1227088000
0(
#1227359000
b101 7
1(
#1227630000
0(
#1227901000
b110 7
1(
#1228172000
0(
#1228443000
b111 7
1(
#1228714000
0(
#1228985000
b1000 7
1(
#1229256000
0(
#1229527000
b1001 7
1(
#1229798000
0(
#1230069000
b1010 7
1(
#1230340000
0(
#1230611000
b1011 7
1(
#1230882000
0(
#1231153000
11
b0 7
1(
#1231424000
0(
#1231695000
b101 B
b1101 K
01
b1 7
1(
#1231966000
0(
#1232237000
b10 7
1(
#1232508000
0(
#1232779000
b11 7
1(
#1233050000
0(
#1233321000
b100 7
1(
#1233592000
0(
#1233863000
b101 7
1(
#1234134000
0(
#1234405000
b110 7
1(
#1234676000
0(
#1234947000
b111 7
1(
#1235218000
0(
#1235489000
b1000 7
1(
#1235760000
0(
#1236031000
b1001 7
1(
#1236302000
0(
#1236573000
b1010 7
1(
#1236844000
0(
#1237115000
b1011 7
1(
#1237386000
0(
#1237657000
11
b0 7
1(
#1237928000
0(
#1238199000
b110 B
b1110 K
01
b1 7
1(
#1238470000
0(
#1238741000
b10 7
1(
#1239012000
0(
#1239283000
b11 7
1(
#1239554000
0(
#1239825000
b100 7
1(
#1240096000
0(
#1240367000
b101 7
1(
#1240638000
0(
#1240909000
b110 7
1(
#1241180000
0(
#1241451000
b111 7
1(
#1241722000
0(
#1241993000
b1000 7
1(
#1242264000
0(
#1242535000
b1001 7
1(
#1242806000
0(
#1243077000
b1010 7
1(
#1243348000
0(
#1243619000
b1011 7
1(
#1243890000
0(
#1244161000
11
b0 7
1(
#1244432000
0(
#1244703000
b111 B
b1111 K
01
b1 7
1(
#1244974000
0(
#1245245000
b10 7
1(
#1245516000
0(
#1245787000
b11 7
1(
#1246058000
0(
#1246329000
b100 7
1(
#1246600000
0(
#1246871000
b101 7
1(
#1247142000
0(
#1247413000
b110 7
1(
#1247684000
0(
#1247955000
b111 7
1(
#1248226000
0(
#1248497000
b1000 7
1(
#1248768000
0(
#1249039000
b1001 7
1(
#1249310000
0(
#1249581000
b1010 7
1(
#1249852000
0(
#1250123000
b1011 7
1(
#1250394000
0(
#1250665000
11
b0 7
1(
#1250936000
0(
#1251207000
b1000 B
b1 H
b0 K
01
b1 7
1(
#1251478000
0(
#1251749000
b10 7
1"
1(
#1252020000
0(
#1252291000
1>
b11 7
1(
#1252562000
0(
#1252833000
b100 7
1?
1(
#1253104000
0(
#1253375000
b101 7
1(
#1253646000
0(
#1253917000
b110 7
1(
#1254188000
0(
#1254459000
b111 7
1(
#1254730000
0(
#1255001000
b1000 7
1(
#1255272000
0(
#1255543000
b1001 7
1(
#1255814000
0(
#1256085000
b1010 7
1(
#1256356000
0(
#1256627000
b1011 7
1(
#1256898000
0(
#1257169000
11
b0 7
1(
#1257440000
0(
#1257711000
b1001 B
b1 K
01
b1 7
1(
#1257982000
0(
#1258253000
b10 7
1(
#1258524000
0(
#1258795000
b11 7
1(
#1259066000
0(
#1259337000
b100 7
1(
#1259608000
0(
#1259879000
b101 7
1(
#1260150000
0(
#1260421000
b110 7
1(
#1260692000
0(
#1260963000
b111 7
1(
#1261234000
0(
#1261505000
b1000 7
1(
#1261776000
0(
#1262047000
b1001 7
1(
#1262318000
0(
#1262589000
b1010 7
1(
#1262860000
0(
#1263131000
b1011 7
1(
#1263402000
0(
#1263673000
11
b0 7
1(
#1263944000
0(
#1264215000
b1010 B
b10 K
01
b1 7
1(
#1264486000
0(
#1264757000
b10 7
1(
#1265028000
0(
#1265299000
b11 7
1(
#1265570000
0(
#1265841000
b100 7
1(
#1266112000
0(
#1266383000
b101 7
1(
#1266654000
0(
#1266925000
b110 7
1(
#1267196000
0(
#1267467000
b111 7
1(
#1267738000
0(
#1268009000
b1000 7
1(
#1268280000
0(
#1268551000
b1001 7
1(
#1268822000
0(
#1269093000
b1010 7
1(
#1269364000
0(
#1269635000
b1011 7
1(
#1269906000
0(
#1270177000
11
b0 7
1(
#1270448000
0(
#1270719000
b1011 B
b11 K
01
b1 7
1(
#1270990000
0(
#1271261000
b10 7
1(
#1271532000
0(
#1271803000
b11 7
1(
#1272074000
0(
#1272345000
b100 7
1(
#1272616000
0(
#1272887000
b101 7
1(
#1273158000
0(
#1273429000
b110 7
1(
#1273700000
0(
#1273971000
b111 7
1(
#1274242000
0(
#1274513000
b1000 7
1(
#1274784000
0(
#1275055000
b1001 7
1(
#1275326000
0(
#1275597000
b1010 7
1(
#1275868000
0(
#1276139000
b1011 7
1(
#1276410000
0(
#1276681000
11
b0 7
1(
#1276952000
0(
#1277223000
b1100 B
b100 K
01
b1 7
1(
#1277494000
0(
#1277765000
b10 7
1(
#1278036000
0(
#1278307000
b11 7
1(
#1278578000
0(
#1278849000
b100 7
1(
#1279120000
0(
#1279391000
b101 7
1(
#1279662000
0(
#1279933000
b110 7
1(
#1280204000
0(
#1280475000
b111 7
1(
#1280746000
0(
#1281017000
b1000 7
1(
#1281288000
0(
#1281559000
b1001 7
1(
#1281830000
0(
#1282101000
b1010 7
1(
#1282372000
0(
#1282643000
b1011 7
1(
#1282914000
0(
#1283185000
11
b0 7
1(
#1283456000
0(
#1283727000
b1101 B
b101 K
01
b1 7
1(
#1283998000
0(
#1284269000
b10 7
1(
#1284540000
0(
#1284811000
b11 7
1(
#1285082000
0(
#1285353000
b100 7
1(
#1285624000
0(
#1285895000
b101 7
1(
#1286166000
0(
#1286437000
b110 7
1(
#1286708000
0(
#1286979000
b111 7
1(
#1287250000
0(
#1287521000
b1000 7
1(
#1287792000
0(
#1288063000
b1001 7
1(
#1288334000
0(
#1288605000
b1010 7
1(
#1288876000
0(
#1289147000
b1011 7
1(
#1289418000
0(
#1289689000
11
b0 7
1(
#1289960000
0(
#1290231000
b1110 B
b110 K
01
b1 7
1(
#1290502000
0(
#1290773000
b10 7
1(
#1291044000
0(
#1291315000
b11 7
1(
#1291586000
0(
#1291857000
b100 7
1(
#1292128000
0(
#1292399000
b101 7
1(
#1292670000
0(
#1292941000
b110 7
1(
#1293212000
0(
#1293483000
b111 7
1(
#1293754000
0(
#1294025000
b1000 7
1(
#1294296000
0(
#1294567000
b1001 7
1(
#1294838000
0(
#1295109000
b1010 7
1(
#1295380000
0(
#1295651000
b1011 7
1(
#1295922000
0(
#1296193000
11
b0 7
1(
#1296464000
0(
#1296735000
b1111 B
b111 K
01
b1 7
1(
#1297006000
0(
#1297277000
b10 7
1(
#1297548000
0(
#1297819000
b11 7
1(
#1298090000
0(
#1298361000
b100 7
1(
#1298632000
0(
#1298903000
b101 7
1(
#1299174000
0(
#1299445000
b110 7
1(
#1299716000
0(
#1299987000
b111 7
1(
#1300258000
0(
#1300529000
b1000 7
1(
#1300800000
0(
#1301071000
b1001 7
1(
#1301342000
0(
#1301613000
b1010 7
1(
#1301884000
0(
#1302155000
b1011 7
1(
#1302426000
0(
#1302697000
11
b0 7
1(
#1302968000
0(
#1303239000
b10 <
b1000010 @
b0 B
b1000 K
01
b1 7
1(
#1303510000
0(
#1303781000
b10 7
1(
#1304052000
0(
#1304323000
b11 7
1(
#1304594000
0(
#1304865000
b100 7
1(
#1305136000
0(
#1305407000
b101 7
1(
#1305678000
0(
#1305949000
b110 7
1(
#1306220000
0(
#1306491000
b111 7
1(
#1306762000
0(
#1307033000
b1000 7
1(
#1307304000
0(
#1307575000
b1001 7
1(
#1307846000
0(
#1308117000
b1010 7
1(
#1308388000
0(
#1308659000
b1011 7
1(
#1308930000
0(
#1309201000
11
b0 7
1(
#1309472000
0(
#1309743000
b1 B
b1001 K
01
b1 7
1(
#1310014000
0(
#1310285000
b10 7
1(
#1310556000
0(
#1310827000
b11 7
1(
#1311098000
0(
#1311369000
b100 7
1(
#1311640000
0(
#1311911000
b101 7
1(
#1312182000
0(
#1312453000
b110 7
1(
#1312724000
0(
#1312995000
b111 7
1(
#1313266000
0(
#1313537000
b1000 7
1(
#1313808000
0(
#1314079000
b1001 7
1(
#1314350000
0(
#1314621000
b1010 7
1(
#1314892000
0(
#1315163000
b1011 7
1(
#1315434000
0(
#1315705000
11
b0 7
1(
#1315976000
0(
#1316247000
b10 B
b1010 K
01
b1 7
1(
#1316518000
0(
#1316789000
b10 7
1(
#1317060000
0(
#1317331000
b11 7
1(
#1317602000
0(
#1317873000
b100 7
1(
#1318144000
0(
#1318415000
b101 7
1(
#1318686000
0(
#1318957000
b110 7
1(
#1319228000
0(
#1319499000
b111 7
1(
#1319770000
0(
#1320041000
b1000 7
1(
#1320312000
0(
#1320583000
b1001 7
1(
#1320854000
0(
#1321125000
b1010 7
1(
#1321396000
0(
#1321667000
b1011 7
1(
#1321938000
0(
#1322209000
11
b0 7
1(
#1322480000
0(
#1322751000
b11 B
b1011 K
01
b1 7
1(
#1323022000
0(
#1323293000
b10 7
1(
#1323564000
0(
#1323835000
b11 7
1(
#1324106000
0(
#1324377000
b100 7
1(
#1324648000
0(
#1324919000
b101 7
1(
#1325190000
0(
#1325461000
b110 7
1(
#1325732000
0(
#1326003000
b111 7
1(
#1326274000
0(
#1326545000
b1000 7
1(
#1326816000
0(
#1327087000
b1001 7
1(
#1327358000
0(
#1327629000
b1010 7
1(
#1327900000
0(
#1328171000
b1011 7
1(
#1328442000
0(
#1328713000
11
b0 7
1(
#1328984000
0(
#1329255000
b100 B
b1100 K
01
b1 7
1(
#1329526000
0(
#1329797000
b10 7
1(
#1330068000
0(
#1330339000
b11 7
1(
#1330610000
0(
#1330881000
b100 7
1(
#1331152000
0(
#1331423000
b101 7
1(
#1331694000
0(
#1331965000
b110 7
1(
#1332236000
0(
#1332507000
b111 7
1(
#1332778000
0(
#1333049000
b1000 7
1(
#1333320000
0(
#1333591000
b1001 7
1(
#1333862000
0(
#1334133000
b1010 7
1(
#1334404000
0(
#1334675000
b1011 7
1(
#1334946000
0(
#1335217000
11
b0 7
1(
#1335488000
0(
#1335759000
b101 B
b1101 K
01
b1 7
1(
#1336030000
0(
#1336301000
b10 7
1(
#1336572000
0(
#1336843000
b11 7
1(
#1337114000
0(
#1337385000
b100 7
1(
#1337656000
0(
#1337927000
b101 7
1(
#1338198000
0(
#1338469000
b110 7
1(
#1338740000
0(
#1339011000
b111 7
1(
#1339282000
0(
#1339553000
b1000 7
1(
#1339824000
0(
#1340095000
b1001 7
1(
#1340366000
0(
#1340637000
b1010 7
1(
#1340908000
0(
#1341179000
b1011 7
1(
#1341450000
0(
#1341721000
11
b0 7
1(
#1341992000
0(
#1342263000
b110 B
b1110 K
01
b1 7
1(
#1342534000
0(
#1342805000
b10 7
1(
#1343076000
0(
#1343347000
b11 7
1(
#1343618000
0(
#1343889000
b100 7
1(
#1344160000
0(
#1344431000
b101 7
1(
#1344702000
0(
#1344973000
b110 7
1(
#1345244000
0(
#1345515000
b111 7
1(
#1345786000
0(
#1346057000
b1000 7
1(
#1346328000
0(
#1346599000
b1001 7
1(
#1346870000
0(
#1347141000
b1010 7
1(
#1347412000
0(
#1347683000
b1011 7
1(
#1347954000
0(
#1348225000
11
b0 7
1(
#1348496000
0(
#1348767000
b111 B
b1111 K
01
b1 7
1(
#1349038000
0(
#1349309000
b10 7
1(
#1349580000
0(
#1349851000
b11 7
1(
#1350122000
0(
#1350393000
b100 7
1(
#1350664000
0(
#1350935000
b101 7
1(
#1351206000
0(
#1351477000
b110 7
1(
#1351748000
0(
#1352019000
b111 7
1(
#1352290000
0(
#1352561000
b1000 7
1(
#1352832000
0(
#1353103000
b1001 7
1(
#1353374000
0(
#1353645000
b1010 7
1(
#1353916000
0(
#1354187000
b1011 7
1(
#1354458000
0(
#1354729000
11
b0 7
1(
#1355000000
0(
#1355271000
b1000 B
b10 H
b0 K
01
b1 7
1(
#1355542000
0(
#1355813000
b10 7
0"
1(
#1356084000
0(
#1356355000
0>
b11 7
1(
#1356626000
0(
#1356897000
b100 7
0?
1(
#1357168000
0(
#1357439000
b101 7
1(
#1357710000
0(
#1357981000
b110 7
1(
#1358252000
0(
#1358523000
b111 7
1(
#1358794000
0(
#1359065000
b1000 7
1(
#1359336000
0(
#1359607000
b1001 7
1(
#1359878000
0(
#1360149000
b1010 7
1(
#1360420000
0(
#1360691000
b1011 7
1(
#1360962000
0(
#1361233000
11
b0 7
1(
#1361504000
0(
#1361775000
b1001 B
b1 K
01
b1 7
1(
#1362046000
0(
#1362317000
b10 7
1(
#1362588000
0(
#1362859000
b11 7
1(
#1363130000
0(
#1363401000
b100 7
1(
#1363672000
0(
#1363943000
b101 7
1(
#1364214000
0(
#1364485000
b110 7
1(
#1364756000
0(
#1365027000
b111 7
1(
#1365298000
0(
#1365569000
b1000 7
1(
#1365840000
0(
#1366111000
b1001 7
1(
#1366382000
0(
#1366653000
b1010 7
1(
#1366924000
0(
#1367195000
b1011 7
1(
#1367466000
0(
#1367737000
11
b0 7
1(
#1368008000
0(
#1368279000
b1010 B
b10 K
01
b1 7
1(
#1368550000
0(
#1368821000
b10 7
1(
#1369092000
0(
#1369363000
b11 7
1(
#1369634000
0(
#1369905000
b100 7
1(
#1370176000
0(
#1370447000
b101 7
1(
#1370718000
0(
#1370989000
b110 7
1(
#1371260000
0(
#1371531000
b111 7
1(
#1371802000
0(
#1372073000
b1000 7
1(
#1372344000
0(
#1372615000
b1001 7
1(
#1372886000
0(
#1373157000
b1010 7
1(
#1373428000
0(
#1373699000
b1011 7
1(
#1373970000
0(
#1374241000
11
b0 7
1(
#1374512000
0(
#1374783000
b1011 B
b11 K
01
b1 7
1(
#1375054000
0(
#1375325000
b10 7
1(
#1375596000
0(
#1375867000
b11 7
1(
#1376138000
0(
#1376409000
b100 7
1(
#1376680000
0(
#1376951000
b101 7
1(
#1377222000
0(
#1377493000
b110 7
1(
#1377764000
0(
#1378035000
b111 7
1(
#1378306000
0(
#1378577000
b1000 7
1(
#1378848000
0(
#1379119000
b1001 7
1(
#1379390000
0(
#1379661000
b1010 7
1(
#1379932000
0(
#1380203000
b1011 7
1(
#1380474000
0(
#1380745000
11
b0 7
1(
#1381016000
0(
#1381287000
b1100 B
b100 K
01
b1 7
1(
#1381558000
0(
#1381829000
b10 7
1(
#1382100000
0(
#1382371000
b11 7
1(
#1382642000
0(
#1382913000
b100 7
1(
#1383184000
0(
#1383455000
b101 7
1(
#1383726000
0(
#1383997000
b110 7
1(
#1384268000
0(
#1384539000
b111 7
1(
#1384810000
0(
#1385081000
b1000 7
1(
#1385352000
0(
#1385623000
b1001 7
1(
#1385894000
0(
#1386165000
b1010 7
1(
#1386436000
0(
#1386707000
b1011 7
1(
#1386978000
0(
#1387249000
11
b0 7
1(
#1387520000
0(
#1387791000
b1101 B
b101 K
01
b1 7
1(
#1388062000
0(
#1388333000
b10 7
1(
#1388604000
0(
#1388875000
b11 7
1(
#1389146000
0(
#1389417000
b100 7
1(
#1389688000
0(
#1389959000
b101 7
1(
#1390230000
0(
#1390501000
b110 7
1(
#1390772000
0(
#1391043000
b111 7
1(
#1391314000
0(
#1391585000
b1000 7
1(
#1391856000
0(
#1392127000
b1001 7
1(
#1392398000
0(
#1392669000
b1010 7
1(
#1392940000
0(
#1393211000
b1011 7
1(
#1393482000
0(
#1393753000
11
b0 7
1(
#1394024000
0(
#1394295000
b1110 B
b110 K
01
b1 7
1(
#1394566000
0(
#1394837000
b10 7
1(
#1395108000
0(
#1395379000
b11 7
1(
#1395650000
0(
#1395921000
b100 7
1(
#1396192000
0(
#1396463000
b101 7
1(
#1396734000
0(
#1397005000
b110 7
1(
#1397276000
0(
#1397547000
b111 7
1(
#1397818000
0(
#1398089000
b1000 7
1(
#1398360000
0(
#1398631000
b1001 7
1(
#1398902000
0(
#1399173000
b1010 7
1(
#1399444000
0(
#1399715000
b1011 7
1(
#1399986000
0(
#1400257000
11
b0 7
1(
#1400528000
0(
#1400799000
b1111 B
b111 K
01
b1 7
1(
#1401070000
0(
#1401341000
b10 7
1(
#1401612000
0(
#1401883000
b11 7
1(
#1402154000
0(
#1402425000
b100 7
1(
#1402696000
0(
#1402967000
b101 7
1(
#1403238000
0(
#1403509000
b110 7
1(
#1403780000
0(
#1404051000
b111 7
1(
#1404322000
0(
#1404593000
b1000 7
1(
#1404864000
0(
#1405135000
b1001 7
1(
#1405406000
0(
#1405677000
b1010 7
1(
#1405948000
0(
#1406219000
b1011 7
1(
#1406490000
0(
#1406761000
11
b0 7
1(
#1407032000
0(
#1407303000
b11 <
b0 B
b1000 K
01
b1 7
1(
#1407574000
0(
#1407845000
b10 7
1(
#1408116000
0(
#1408387000
b11 7
1(
#1408658000
0(
#1408929000
b100 7
1(
#1409200000
0(
#1409471000
b101 7
1(
#1409742000
0(
#1410013000
b110 7
1(
#1410284000
0(
#1410555000
b111 7
1(
#1410826000
0(
#1411097000
b1000 7
1(
#1411368000
0(
#1411639000
b1001 7
1(
#1411910000
0(
#1412181000
b1010 7
1(
#1412452000
0(
#1412723000
b1011 7
1(
#1412994000
0(
#1413265000
11
b0 7
1(
#1413536000
0(
#1413807000
b1 B
b1001 K
01
b1 7
1(
#1414078000
0(
#1414349000
b10 7
1(
#1414620000
0(
#1414891000
b11 7
1(
#1415162000
0(
#1415433000
b100 7
1(
#1415704000
0(
#1415975000
b101 7
1(
#1416246000
0(
#1416517000
b110 7
1(
#1416788000
0(
#1417059000
b111 7
1(
#1417330000
0(
#1417601000
b1000 7
1(
#1417872000
0(
#1418143000
b1001 7
1(
#1418414000
0(
#1418685000
b1010 7
1(
#1418956000
0(
#1419227000
b1011 7
1(
#1419498000
0(
#1419769000
11
b0 7
1(
#1420040000
0(
#1420311000
b10 B
b1010 K
01
b1 7
1(
#1420582000
0(
#1420853000
b10 7
1(
#1421124000
0(
#1421395000
b11 7
1(
#1421666000
0(
#1421937000
b100 7
1(
#1422208000
0(
#1422479000
b101 7
1(
#1422750000
0(
#1423021000
b110 7
1(
#1423292000
0(
#1423563000
b111 7
1(
#1423834000
0(
#1424105000
b1000 7
1(
#1424376000
0(
#1424647000
b1001 7
1(
#1424918000
0(
#1425189000
b1010 7
1(
#1425460000
0(
#1425731000
b1011 7
1(
#1426002000
0(
#1426273000
11
b0 7
1(
#1426544000
0(
#1426815000
b11 B
b1011 K
01
b1 7
1(
#1427086000
0(
#1427357000
b10 7
1(
#1427628000
0(
#1427899000
b11 7
1(
#1428170000
0(
#1428441000
b100 7
1(
#1428712000
0(
#1428983000
b101 7
1(
#1429254000
0(
#1429525000
b110 7
1(
#1429796000
0(
#1430067000
b111 7
1(
#1430338000
0(
#1430609000
b1000 7
1(
#1430880000
0(
#1431151000
b1001 7
1(
#1431422000
0(
#1431693000
b1010 7
1(
#1431964000
0(
#1432235000
b1011 7
1(
#1432506000
0(
#1432777000
11
b0 7
1(
#1433048000
0(
#1433319000
b100 B
b1100 K
01
b1 7
1(
#1433590000
0(
#1433861000
b10 7
1(
#1434132000
0(
#1434403000
b11 7
1(
#1434674000
0(
#1434945000
b100 7
1(
#1435216000
0(
#1435487000
b101 7
1(
#1435758000
0(
#1436029000
b110 7
1(
#1436300000
0(
#1436571000
b111 7
1(
#1436842000
0(
#1437113000
b1000 7
1(
#1437384000
0(
#1437655000
b1001 7
1(
#1437926000
0(
#1438197000
b1010 7
1(
#1438468000
0(
#1438739000
b1011 7
1(
#1439010000
0(
#1439281000
11
b0 7
1(
#1439552000
0(
#1439823000
b101 B
b1101 K
01
b1 7
1(
#1440094000
0(
#1440365000
b10 7
1(
#1440636000
0(
#1440907000
b11 7
1(
#1441178000
0(
#1441449000
b100 7
1(
#1441720000
0(
#1441991000
b101 7
1(
#1442262000
0(
#1442533000
b110 7
1(
#1442804000
0(
#1443075000
b111 7
1(
#1443346000
0(
#1443617000
b1000 7
1(
#1443888000
0(
#1444159000
b1001 7
1(
#1444430000
0(
#1444701000
b1010 7
1(
#1444972000
0(
#1445243000
b1011 7
1(
#1445514000
0(
#1445785000
11
b0 7
1(
#1446056000
0(
#1446327000
b110 B
b1110 K
01
b1 7
1(
#1446598000
0(
#1446869000
b10 7
1(
#1447140000
0(
#1447411000
b11 7
1(
#1447682000
0(
#1447953000
b100 7
1(
#1448224000
0(
#1448495000
b101 7
1(
#1448766000
0(
#1449037000
b110 7
1(
#1449308000
0(
#1449579000
b111 7
1(
#1449850000
0(
#1450121000
b1000 7
1(
#1450392000
0(
#1450663000
b1001 7
1(
#1450934000
0(
#1451205000
b1010 7
1(
#1451476000
0(
#1451747000
b1011 7
1(
#1452018000
0(
#1452289000
11
b0 7
1(
#1452560000
0(
#1452831000
b111 B
b1111 K
01
b1 7
1(
#1453102000
0(
#1453373000
b10 7
1(
#1453644000
0(
#1453915000
b11 7
1(
#1454186000
0(
#1454457000
b100 7
1(
#1454728000
0(
#1454999000
b101 7
1(
#1455270000
0(
#1455541000
b110 7
1(
#1455812000
0(
#1456083000
b111 7
1(
#1456354000
0(
#1456625000
b1000 7
1(
#1456896000
0(
#1457167000
b1001 7
1(
#1457438000
0(
#1457709000
b1010 7
1(
#1457980000
0(
#1458251000
b1011 7
1(
#1458522000
0(
#1458793000
11
b0 7
1(
#1459064000
0(
#1459335000
b1000 B
b11 H
b0 K
01
b1 7
1(
#1459606000
0(
#1459877000
b10 7
1(
#1460148000
0(
#1460419000
b11 7
1(
#1460690000
0(
#1460961000
b100 7
1(
#1461232000
0(
#1461503000
b101 7
1(
#1461774000
0(
#1462045000
b110 7
1(
#1462316000
0(
#1462587000
b111 7
1(
#1462858000
0(
#1463129000
b1000 7
1(
#1463400000
0(
#1463671000
b1001 7
1(
#1463942000
0(
#1464213000
b1010 7
1(
#1464484000
0(
#1464755000
b1011 7
1(
#1465026000
0(
#1465297000
11
b0 7
1(
#1465568000
0(
#1465839000
b1001 B
b1 K
01
b1 7
1(
#1466110000
0(
#1466381000
b10 7
1(
#1466652000
0(
#1466923000
b11 7
1(
#1467194000
0(
#1467465000
b100 7
1(
#1467736000
0(
#1468007000
b101 7
1(
#1468278000
0(
#1468549000
b110 7
1(
#1468820000
0(
#1469091000
b111 7
1(
#1469362000
0(
#1469633000
b1000 7
1(
#1469904000
0(
#1470175000
b1001 7
1(
#1470446000
0(
#1470717000
b1010 7
1(
#1470988000
0(
#1471259000
b1011 7
1(
#1471530000
0(
#1471801000
11
b0 7
1(
#1472072000
0(
#1472343000
b1010 B
b10 K
01
b1 7
1(
#1472614000
0(
#1472885000
b10 7
1(
#1473156000
0(
#1473427000
b11 7
1(
#1473698000
0(
#1473969000
b100 7
1(
#1474240000
0(
#1474511000
b101 7
1(
#1474782000
0(
#1475053000
b110 7
1(
#1475324000
0(
#1475595000
b111 7
1(
#1475866000
0(
#1476137000
b1000 7
1(
#1476408000
0(
#1476679000
b1001 7
1(
#1476950000
0(
#1477221000
b1010 7
1(
#1477492000
0(
#1477763000
b1011 7
1(
#1478034000
0(
#1478305000
11
b0 7
1(
#1478576000
0(
#1478847000
b1011 B
b11 K
01
b1 7
1(
#1479118000
0(
#1479389000
b10 7
1(
#1479660000
0(
#1479931000
b11 7
1(
#1480202000
0(
#1480473000
b100 7
1(
#1480744000
0(
#1481015000
b101 7
1(
#1481286000
0(
#1481557000
b110 7
1(
#1481828000
0(
#1482099000
b111 7
1(
#1482370000
0(
#1482641000
b1000 7
1(
#1482912000
0(
#1483183000
b1001 7
1(
#1483454000
0(
#1483725000
b1010 7
1(
#1483996000
0(
#1484267000
b1011 7
1(
#1484538000
0(
#1484809000
11
b0 7
1(
#1485080000
0(
#1485351000
b1100 B
b100 K
01
b1 7
1(
#1485622000
0(
#1485893000
b10 7
1(
#1486164000
0(
#1486435000
b11 7
1(
#1486706000
0(
#1486977000
b100 7
1(
#1487248000
0(
#1487519000
b101 7
1(
#1487790000
0(
#1488061000
b110 7
1(
#1488332000
0(
#1488603000
b111 7
1(
#1488874000
0(
#1489145000
b1000 7
1(
#1489416000
0(
#1489687000
b1001 7
1(
#1489958000
0(
#1490229000
b1010 7
1(
#1490500000
0(
#1490771000
b1011 7
1(
#1491042000
0(
#1491313000
11
b0 7
1(
#1491584000
0(
#1491855000
b1101 B
b101 K
01
b1 7
1(
#1492126000
0(
#1492397000
b10 7
1(
#1492668000
0(
#1492939000
b11 7
1(
#1493210000
0(
#1493481000
b100 7
1(
#1493752000
0(
#1494023000
b101 7
1(
#1494294000
0(
#1494565000
b110 7
1(
#1494836000
0(
#1495107000
b111 7
1(
#1495378000
0(
#1495649000
b1000 7
1(
#1495920000
0(
#1496191000
b1001 7
1(
#1496462000
0(
#1496733000
b1010 7
1(
#1497004000
0(
#1497275000
b1011 7
1(
#1497546000
0(
#1497817000
11
b0 7
1(
#1498088000
0(
#1498359000
b1110 B
b110 K
01
b1 7
1(
#1498630000
0(
#1498901000
b10 7
1(
#1499172000
0(
#1499443000
b11 7
1(
#1499714000
0(
#1499985000
b100 7
1(
#1500256000
0(
#1500527000
b101 7
1(
#1500798000
0(
#1501069000
b110 7
1(
#1501340000
0(
#1501611000
b111 7
1(
#1501882000
0(
#1502153000
b1000 7
1(
#1502424000
0(
#1502695000
b1001 7
1(
#1502966000
0(
#1503237000
b1010 7
1(
#1503508000
0(
#1503779000
b1011 7
1(
#1504050000
0(
#1504321000
11
b0 7
1(
#1504592000
0(
#1504863000
b1111 B
b111 K
01
b1 7
1(
#1505134000
0(
#1505405000
b10 7
1(
#1505676000
0(
#1505947000
b11 7
1(
#1506218000
0(
#1506489000
b100 7
1(
#1506760000
0(
#1507031000
b101 7
1(
#1507302000
0(
#1507573000
b110 7
1(
#1507844000
0(
#1508115000
b111 7
1(
#1508386000
0(
#1508657000
b1000 7
1(
#1508928000
0(
#1509199000
b1001 7
1(
#1509470000
0(
#1509741000
b1010 7
1(
#1510012000
0(
#1510283000
b1011 7
1(
#1510554000
0(
#1510825000
11
b0 7
1(
#1511096000
0(
#1511367000
b100 <
b0 B
b1000 K
01
b1 7
1(
#1511638000
0(
#1511909000
b10 7
1(
#1512180000
0(
#1512451000
b11 7
1(
#1512722000
0(
#1512993000
b100 7
1(
#1513264000
0(
#1513535000
b101 7
1(
#1513806000
0(
#1514077000
b110 7
1(
#1514348000
0(
#1514619000
b111 7
1(
#1514890000
0(
#1515161000
b1000 7
1(
#1515432000
0(
#1515703000
b1001 7
1(
#1515974000
0(
#1516245000
b1010 7
1(
#1516516000
0(
#1516787000
b1011 7
1(
#1517058000
0(
#1517329000
11
b0 7
1(
#1517600000
0(
#1517871000
b1 B
b1001 K
01
b1 7
1(
#1518142000
0(
#1518413000
b10 7
1(
#1518684000
0(
#1518955000
b11 7
1(
#1519226000
0(
#1519497000
b100 7
1(
#1519768000
0(
#1520039000
b101 7
1(
#1520310000
0(
#1520581000
b110 7
1(
#1520852000
0(
#1521123000
b111 7
1(
#1521394000
0(
#1521665000
b1000 7
1(
#1521936000
0(
#1522207000
b1001 7
1(
#1522478000
0(
#1522749000
b1010 7
1(
#1523020000
0(
#1523291000
b1011 7
1(
#1523562000
0(
#1523833000
11
b0 7
1(
#1524104000
0(
#1524375000
b10 B
b1010 K
01
b1 7
1(
#1524646000
0(
#1524917000
b10 7
1(
#1525188000
0(
#1525459000
b11 7
1(
#1525730000
0(
#1526001000
b100 7
1(
#1526272000
0(
#1526543000
b101 7
1(
#1526814000
0(
#1527085000
b110 7
1(
#1527356000
0(
#1527627000
b111 7
1(
#1527898000
0(
#1528169000
b1000 7
1(
#1528440000
0(
#1528711000
b1001 7
1(
#1528982000
0(
#1529253000
b1010 7
1(
#1529524000
0(
#1529795000
b1011 7
1(
#1530066000
0(
#1530337000
11
b0 7
1(
#1530608000
0(
#1530879000
b11 B
b1011 K
01
b1 7
1(
#1531150000
0(
#1531421000
b10 7
1(
#1531692000
0(
#1531963000
b11 7
1(
#1532234000
0(
#1532505000
b100 7
1(
#1532776000
0(
#1533047000
b101 7
1(
#1533318000
0(
#1533589000
b110 7
1(
#1533860000
0(
#1534131000
b111 7
1(
#1534402000
0(
#1534673000
b1000 7
1(
#1534944000
0(
#1535215000
b1001 7
1(
#1535486000
0(
#1535757000
b1010 7
1(
#1536028000
0(
#1536299000
b1011 7
1(
#1536570000
0(
#1536841000
11
b0 7
1(
#1537112000
0(
#1537383000
b100 B
b1100 K
01
b1 7
1(
#1537654000
0(
#1537925000
b10 7
1(
#1538196000
0(
#1538467000
b11 7
1(
#1538738000
0(
#1539009000
b100 7
1(
#1539280000
0(
#1539551000
b101 7
1(
#1539822000
0(
#1540093000
b110 7
1(
#1540364000
0(
#1540635000
b111 7
1(
#1540906000
0(
#1541177000
b1000 7
1(
#1541448000
0(
#1541719000
b1001 7
1(
#1541990000
0(
#1542261000
b1010 7
1(
#1542532000
0(
#1542803000
b1011 7
1(
#1543074000
0(
#1543345000
11
b0 7
1(
#1543616000
0(
#1543887000
b101 B
b1101 K
01
b1 7
1(
#1544158000
0(
#1544429000
b10 7
1(
#1544700000
0(
#1544971000
b11 7
1(
#1545242000
0(
#1545513000
b100 7
1(
#1545784000
0(
#1546055000
b101 7
1(
#1546326000
0(
#1546597000
b110 7
1(
#1546868000
0(
#1547139000
b111 7
1(
#1547410000
0(
#1547681000
b1000 7
1(
#1547952000
0(
#1548223000
b1001 7
1(
#1548494000
0(
#1548765000
b1010 7
1(
#1549036000
0(
#1549307000
b1011 7
1(
#1549578000
0(
#1549849000
11
b0 7
1(
#1550120000
0(
#1550391000
b110 B
b1110 K
01
b1 7
1(
#1550662000
0(
#1550933000
b10 7
1(
#1551204000
0(
#1551475000
b11 7
1(
#1551746000
0(
#1552017000
b100 7
1(
#1552288000
0(
#1552559000
b101 7
1(
#1552830000
0(
#1553101000
b110 7
1(
#1553372000
0(
#1553643000
b111 7
1(
#1553914000
0(
#1554185000
b1000 7
1(
#1554456000
0(
#1554727000
b1001 7
1(
#1554998000
0(
#1555269000
b1010 7
1(
#1555540000
0(
#1555811000
b1011 7
1(
#1556082000
0(
#1556353000
11
b0 7
1(
#1556624000
0(
#1556895000
b111 B
b1111 K
01
b1 7
1(
#1557166000
0(
#1557437000
b10 7
1(
#1557708000
0(
#1557979000
b11 7
1(
#1558250000
0(
#1558521000
b100 7
1(
#1558792000
0(
#1559063000
b101 7
1(
#1559334000
0(
#1559605000
b110 7
1(
#1559876000
0(
#1560147000
b111 7
1(
#1560418000
0(
#1560689000
b1000 7
1(
#1560960000
0(
#1561231000
b1001 7
1(
#1561502000
0(
#1561773000
b1010 7
1(
#1562044000
0(
#1562315000
b1011 7
1(
#1562586000
0(
#1562857000
11
b0 7
1(
#1563128000
0(
#1563399000
b1000 B
b100 H
b0 K
01
b1 7
1(
#1563670000
0(
#1563941000
b10 7
1(
#1564212000
0(
#1564483000
b11 7
1(
#1564754000
0(
#1565025000
b100 7
1(
#1565296000
0(
#1565567000
b101 7
1(
#1565838000
0(
#1566109000
b110 7
1(
#1566380000
0(
#1566651000
b111 7
1(
#1566922000
0(
#1567193000
b1000 7
1(
#1567464000
0(
#1567735000
b1001 7
1(
#1568006000
0(
#1568277000
b1010 7
1(
#1568548000
0(
#1568819000
b1011 7
1(
#1569090000
0(
#1569361000
11
b0 7
1(
#1569632000
0(
#1569903000
b1001 B
b1 K
01
b1 7
1(
#1570174000
0(
#1570445000
b10 7
1(
#1570716000
0(
#1570987000
b11 7
1(
#1571258000
0(
#1571529000
b100 7
1(
#1571800000
0(
#1572071000
b101 7
1(
#1572342000
0(
#1572613000
b110 7
1(
#1572884000
0(
#1573155000
b111 7
1(
#1573426000
0(
#1573697000
b1000 7
1(
#1573968000
0(
#1574239000
b1001 7
1(
#1574510000
0(
#1574781000
b1010 7
1(
#1575052000
0(
#1575323000
b1011 7
1(
#1575594000
0(
#1575865000
11
b0 7
1(
#1576136000
0(
#1576407000
b1010 B
b10 K
01
b1 7
1(
#1576678000
0(
#1576949000
b10 7
1(
#1577220000
0(
#1577491000
b11 7
1(
#1577762000
0(
#1578033000
b100 7
1(
#1578304000
0(
#1578575000
b101 7
1(
#1578846000
0(
#1579117000
b110 7
1(
#1579388000
0(
#1579659000
b111 7
1(
#1579930000
0(
#1580201000
b1000 7
1(
#1580472000
0(
#1580743000
b1001 7
1(
#1581014000
0(
#1581285000
b1010 7
1(
#1581556000
0(
#1581827000
b1011 7
1(
#1582098000
0(
#1582369000
11
b0 7
1(
#1582640000
0(
#1582911000
b1011 B
b11 K
01
b1 7
1(
#1583182000
0(
#1583453000
b10 7
1(
#1583724000
0(
#1583995000
b11 7
1(
#1584266000
0(
#1584537000
b100 7
1(
#1584808000
0(
#1585079000
b101 7
1(
#1585350000
0(
#1585621000
b110 7
1(
#1585892000
0(
#1586163000
b111 7
1(
#1586434000
0(
#1586705000
b1000 7
1(
#1586976000
0(
#1587247000
b1001 7
1(
#1587518000
0(
#1587789000
b1010 7
1(
#1588060000
0(
#1588331000
b1011 7
1(
#1588602000
0(
#1588873000
11
b0 7
1(
#1589144000
0(
#1589415000
b1100 B
b100 K
01
b1 7
1(
#1589686000
0(
#1589957000
b10 7
1(
#1590228000
0(
#1590499000
b11 7
1(
#1590770000
0(
#1591041000
b100 7
1(
#1591312000
0(
#1591583000
b101 7
1(
#1591854000
0(
#1592125000
b110 7
1(
#1592396000
0(
#1592667000
b111 7
1(
#1592938000
0(
#1593209000
b1000 7
1(
#1593480000
0(
#1593751000
b1001 7
1(
#1594022000
0(
#1594293000
b1010 7
1(
#1594564000
0(
#1594835000
b1011 7
1(
#1595106000
0(
#1595377000
11
b0 7
1(
#1595648000
0(
#1595919000
b1101 B
b101 K
01
b1 7
1(
#1596190000
0(
#1596461000
b10 7
1(
#1596732000
0(
#1597003000
b11 7
1(
#1597274000
0(
#1597545000
b100 7
1(
#1597816000
0(
#1598087000
b101 7
1(
#1598358000
0(
#1598629000
b110 7
1(
#1598900000
0(
#1599171000
b111 7
1(
#1599442000
0(
#1599713000
b1000 7
1(
#1599984000
0(
#1600255000
b1001 7
1(
#1600526000
0(
#1600797000
b1010 7
1(
#1601068000
0(
#1601339000
b1011 7
1(
#1601610000
0(
#1601881000
11
b0 7
1(
#1602152000
0(
#1602423000
b1110 B
b110 K
01
b1 7
1(
#1602694000
0(
#1602965000
b10 7
1(
#1603236000
0(
#1603507000
b11 7
1(
#1603778000
0(
#1604049000
b100 7
1(
#1604320000
0(
#1604591000
b101 7
1(
#1604862000
0(
#1605133000
b110 7
1(
#1605404000
0(
#1605675000
b111 7
1(
#1605946000
0(
#1606217000
b1000 7
1(
#1606488000
0(
#1606759000
b1001 7
1(
#1607030000
0(
#1607301000
b1010 7
1(
#1607572000
0(
#1607843000
b1011 7
1(
#1608114000
0(
#1608385000
11
b0 7
1(
#1608656000
0(
#1608927000
b1111 B
b111 K
01
b1 7
1(
#1609198000
0(
#1609469000
b10 7
1(
#1609740000
0(
#1610011000
b11 7
1(
#1610282000
0(
#1610553000
b100 7
1(
#1610824000
0(
#1611095000
b101 7
1(
#1611366000
0(
#1611637000
b110 7
1(
#1611908000
0(
#1612179000
b111 7
1(
#1612450000
0(
#1612721000
b1000 7
1(
#1612992000
0(
#1613263000
b1001 7
1(
#1613534000
0(
#1613805000
b1010 7
1(
#1614076000
0(
#1614347000
b1011 7
1(
#1614618000
0(
#1614889000
11
b0 7
1(
#1615160000
0(
#1615431000
b101 <
b0 B
b1000 K
01
b1 7
1(
#1615702000
0(
#1615973000
b10 7
1(
#1616244000
0(
#1616515000
b11 7
1(
#1616786000
0(
#1617057000
b100 7
1(
#1617328000
0(
#1617599000
b101 7
1(
#1617870000
0(
#1618141000
b110 7
1(
#1618412000
0(
#1618683000
b111 7
1(
#1618954000
0(
#1619225000
b1000 7
1(
#1619496000
0(
#1619767000
b1001 7
1(
#1620038000
0(
#1620309000
b1010 7
1(
#1620580000
0(
#1620851000
b1011 7
1(
#1621122000
0(
#1621393000
11
b0 7
1(
#1621664000
0(
#1621935000
b1 B
b1001 K
01
b1 7
1(
#1622206000
0(
#1622477000
b10 7
1(
#1622748000
0(
#1623019000
b11 7
1(
#1623290000
0(
#1623561000
b100 7
1(
#1623832000
0(
#1624103000
b101 7
1(
#1624374000
0(
#1624645000
b110 7
1(
#1624916000
0(
#1625187000
b111 7
1(
#1625458000
0(
#1625729000
b1000 7
1(
#1626000000
0(
#1626271000
b1001 7
1(
#1626542000
0(
#1626813000
b1010 7
1(
#1627084000
0(
#1627355000
b1011 7
1(
#1627626000
0(
#1627897000
11
b0 7
1(
#1628168000
0(
#1628439000
b10 B
b1010 K
01
b1 7
1(
#1628710000
0(
#1628981000
b10 7
1(
#1629252000
0(
#1629523000
b11 7
1(
#1629794000
0(
#1630065000
b100 7
1(
#1630336000
0(
#1630607000
b101 7
1(
#1630878000
0(
#1631149000
b110 7
1(
#1631420000
0(
#1631691000
b111 7
1(
#1631962000
0(
#1632233000
b1000 7
1(
#1632504000
0(
#1632775000
b1001 7
1(
#1633046000
0(
#1633317000
b1010 7
1(
#1633588000
0(
#1633859000
b1011 7
1(
#1634130000
0(
#1634401000
11
b0 7
1(
#1634672000
0(
#1634943000
b11 B
b1011 K
01
b1 7
1(
#1635214000
0(
#1635485000
b10 7
1(
#1635756000
0(
#1636027000
b11 7
1(
#1636298000
0(
#1636569000
b100 7
1(
#1636840000
0(
#1637111000
b101 7
1(
#1637382000
0(
#1637653000
b110 7
1(
#1637924000
0(
#1638195000
b111 7
1(
#1638466000
0(
#1638737000
b1000 7
1(
#1639008000
0(
#1639279000
b1001 7
1(
#1639550000
0(
#1639821000
b1010 7
1(
#1640092000
0(
#1640363000
b1011 7
1(
#1640634000
0(
#1640905000
11
b0 7
1(
#1641176000
0(
#1641447000
b100 B
b1100 K
01
b1 7
1(
#1641718000
0(
#1641989000
b10 7
1(
#1642260000
0(
#1642531000
b11 7
1(
#1642802000
0(
#1643073000
b100 7
1(
#1643344000
0(
#1643615000
b101 7
1(
#1643886000
0(
#1644157000
b110 7
1(
#1644428000
0(
#1644699000
b111 7
1(
#1644970000
0(
#1645241000
b1000 7
1(
#1645512000
0(
#1645783000
b1001 7
1(
#1646054000
0(
#1646325000
b1010 7
1(
#1646596000
0(
#1646867000
b1011 7
1(
#1647138000
0(
#1647409000
11
b0 7
1(
#1647680000
0(
#1647951000
b101 B
b1101 K
01
b1 7
1(
#1648222000
0(
#1648493000
b10 7
1(
#1648764000
0(
#1649035000
b11 7
1(
#1649306000
0(
#1649577000
b100 7
1(
#1649848000
0(
#1650119000
b101 7
1(
#1650390000
0(
#1650661000
b110 7
1(
#1650932000
0(
#1651203000
b111 7
1(
#1651474000
0(
#1651745000
b1000 7
1(
#1652016000
0(
#1652287000
b1001 7
1(
#1652558000
0(
#1652829000
b1010 7
1(
#1653100000
0(
#1653371000
b1011 7
1(
#1653642000
0(
#1653913000
11
b0 7
1(
#1654184000
0(
#1654455000
b110 B
b1110 K
01
b1 7
1(
#1654726000
0(
#1654997000
b10 7
1(
#1655268000
0(
#1655539000
b11 7
1(
#1655810000
0(
#1656081000
b100 7
1(
#1656352000
0(
#1656623000
b101 7
1(
#1656894000
0(
#1657165000
b110 7
1(
#1657436000
0(
#1657707000
b111 7
1(
#1657978000
0(
#1658249000
b1000 7
1(
#1658520000
0(
#1658791000
b1001 7
1(
#1659062000
0(
#1659333000
b1010 7
1(
#1659604000
0(
#1659875000
b1011 7
1(
#1660146000
0(
#1660417000
11
b0 7
1(
#1660688000
0(
#1660959000
b111 B
b1111 K
01
b1 7
1(
#1661230000
0(
#1661501000
b10 7
1(
#1661772000
0(
#1662043000
b11 7
1(
#1662314000
0(
#1662585000
b100 7
1(
#1662856000
0(
#1663127000
b101 7
1(
#1663398000
0(
#1663669000
b110 7
1(
#1663940000
0(
#1664211000
b111 7
1(
#1664482000
0(
#1664753000
b1000 7
1(
#1665024000
0(
#1665295000
b1001 7
1(
#1665566000
0(
#1665837000
b1010 7
1(
#1666108000
0(
#1666379000
b1011 7
1(
#1666650000
0(
#1666921000
11
b0 7
1(
#1667192000
0(
#1667463000
b1000 B
b101 H
b0 K
01
b1 7
1(
#1667734000
0(
#1668005000
b10 7
1(
#1668276000
0(
#1668547000
b11 7
1(
#1668818000
0(
#1669089000
b100 7
1(
#1669360000
0(
#1669631000
b101 7
1(
#1669902000
0(
#1670173000
b110 7
1(
#1670444000
0(
#1670715000
b111 7
1(
#1670986000
0(
#1671257000
b1000 7
1(
#1671528000
0(
#1671799000
b1001 7
1(
#1672070000
0(
#1672341000
b1010 7
1(
#1672612000
0(
#1672883000
b1011 7
1(
#1673154000
0(
#1673425000
11
b0 7
1(
#1673696000
0(
#1673967000
b1001 B
b1 K
01
b1 7
1(
#1674238000
0(
#1674509000
b10 7
1(
#1674780000
0(
#1675051000
b11 7
1(
#1675322000
0(
#1675593000
b100 7
1(
#1675864000
0(
#1676135000
b101 7
1(
#1676406000
0(
#1676677000
b110 7
1(
#1676948000
0(
#1677219000
b111 7
1(
#1677490000
0(
#1677761000
b1000 7
1(
#1678032000
0(
#1678303000
b1001 7
1(
#1678574000
0(
#1678845000
b1010 7
1(
#1679116000
0(
#1679387000
b1011 7
1(
#1679658000
0(
#1679929000
11
b0 7
1(
#1680200000
0(
#1680471000
b1010 B
b10 K
01
b1 7
1(
#1680742000
0(
#1681013000
b10 7
1(
#1681284000
0(
#1681555000
b11 7
1(
#1681826000
0(
#1682097000
b100 7
1(
#1682368000
0(
#1682639000
b101 7
1(
#1682910000
0(
#1683181000
b110 7
1(
#1683452000
0(
#1683723000
b111 7
1(
#1683994000
0(
#1684265000
b1000 7
1(
#1684536000
0(
#1684807000
b1001 7
1(
#1685078000
0(
#1685349000
b1010 7
1(
#1685620000
0(
#1685891000
b1011 7
1(
#1686162000
0(
#1686433000
11
b0 7
1(
#1686704000
0(
#1686975000
b1011 B
b11 K
01
b1 7
1(
#1687246000
0(
#1687517000
b10 7
1(
#1687788000
0(
#1688059000
b11 7
1(
#1688330000
0(
#1688601000
b100 7
1(
#1688872000
0(
#1689143000
b101 7
1(
#1689414000
0(
#1689685000
b110 7
1(
#1689956000
0(
#1690227000
b111 7
1(
#1690498000
0(
#1690769000
b1000 7
1(
#1691040000
0(
#1691311000
b1001 7
1(
#1691582000
0(
#1691853000
b1010 7
1(
#1692124000
0(
#1692395000
b1011 7
1(
#1692666000
0(
#1692937000
11
b0 7
1(
#1693208000
0(
#1693479000
b1100 B
b100 K
01
b1 7
1(
#1693750000
0(
#1694021000
b10 7
1(
#1694292000
0(
#1694563000
b11 7
1(
#1694834000
0(
#1695105000
b100 7
1(
#1695376000
0(
#1695647000
b101 7
1(
#1695918000
0(
#1696189000
b110 7
1(
#1696460000
0(
#1696731000
b111 7
1(
#1697002000
0(
#1697273000
b1000 7
1(
#1697544000
0(
#1697815000
b1001 7
1(
#1698086000
0(
#1698357000
b1010 7
1(
#1698628000
0(
#1698899000
b1011 7
1(
#1699170000
0(
#1699441000
11
b0 7
1(
#1699712000
0(
#1699983000
b1101 B
b101 K
01
b1 7
1(
#1700254000
0(
#1700525000
b10 7
1(
#1700796000
0(
#1701067000
b11 7
1(
#1701338000
0(
#1701609000
b100 7
1(
#1701880000
0(
#1702151000
b101 7
1(
#1702422000
0(
#1702693000
b110 7
1(
#1702964000
0(
#1703235000
b111 7
1(
#1703506000
0(
#1703777000
b1000 7
1(
#1704048000
0(
#1704319000
b1001 7
1(
#1704590000
0(
#1704861000
b1010 7
1(
#1705132000
0(
#1705403000
b1011 7
1(
#1705674000
0(
#1705945000
11
b0 7
1(
#1706216000
0(
#1706487000
b1110 B
b110 K
01
b1 7
1(
#1706758000
0(
#1707029000
b10 7
1(
#1707300000
0(
#1707571000
b11 7
1(
#1707842000
0(
#1708113000
b100 7
1(
#1708384000
0(
#1708655000
b101 7
1(
#1708926000
0(
#1709197000
b110 7
1(
#1709468000
0(
#1709739000
b111 7
1(
#1710010000
0(
#1710281000
b1000 7
1(
#1710552000
0(
#1710823000
b1001 7
1(
#1711094000
0(
#1711365000
b1010 7
1(
#1711636000
0(
#1711907000
b1011 7
1(
#1712178000
0(
#1712449000
11
b0 7
1(
#1712720000
0(
#1712991000
b1111 B
b111 K
01
b1 7
1(
#1713262000
0(
#1713533000
b10 7
1(
#1713804000
0(
#1714075000
b11 7
1(
#1714346000
0(
#1714617000
b100 7
1(
#1714888000
0(
#1715159000
b101 7
1(
#1715430000
0(
#1715701000
b110 7
1(
#1715972000
0(
#1716243000
b111 7
1(
#1716514000
0(
#1716785000
b1000 7
1(
#1717056000
0(
#1717327000
b1001 7
1(
#1717598000
0(
#1717869000
b1010 7
1(
#1718140000
0(
#1718411000
b1011 7
1(
#1718682000
0(
#1718953000
11
b0 7
1(
#1719224000
0(
#1719495000
b110 <
b0 B
b1000 K
01
b1 7
1(
#1719766000
0(
#1720037000
b10 7
1(
#1720308000
0(
#1720579000
b11 7
1(
#1720850000
0(
#1721121000
b100 7
1(
#1721392000
0(
#1721663000
b101 7
1(
#1721934000
0(
#1722205000
b110 7
1(
#1722476000
0(
#1722747000
b111 7
1(
#1723018000
0(
#1723289000
b1000 7
1(
#1723560000
0(
#1723831000
b1001 7
1(
#1724102000
0(
#1724373000
b1010 7
1(
#1724644000
0(
#1724915000
b1011 7
1(
#1725186000
0(
#1725457000
11
b0 7
1(
#1725728000
0(
#1725999000
b1 B
b1001 K
01
b1 7
1(
#1726270000
0(
#1726541000
b10 7
1(
#1726812000
0(
#1727083000
b11 7
1(
#1727354000
0(
#1727625000
b100 7
1(
#1727896000
0(
#1728167000
b101 7
1(
#1728438000
0(
#1728709000
b110 7
1(
#1728980000
0(
#1729251000
b111 7
1(
#1729522000
0(
#1729793000
b1000 7
1(
#1730064000
0(
#1730335000
b1001 7
1(
#1730606000
0(
#1730877000
b1010 7
1(
#1731148000
0(
#1731419000
b1011 7
1(
#1731690000
0(
#1731961000
11
b0 7
1(
#1732232000
0(
#1732503000
b10 B
b1010 K
01
b1 7
1(
#1732774000
0(
#1733045000
b10 7
1(
#1733316000
0(
#1733587000
b11 7
1(
#1733858000
0(
#1734129000
b100 7
1(
#1734400000
0(
#1734671000
b101 7
1(
#1734942000
0(
#1735213000
b110 7
1(
#1735484000
0(
#1735755000
b111 7
1(
#1736026000
0(
#1736297000
b1000 7
1(
#1736568000
0(
#1736839000
b1001 7
1(
#1737110000
0(
#1737381000
b1010 7
1(
#1737652000
0(
#1737923000
b1011 7
1(
#1738194000
0(
#1738465000
11
b0 7
1(
#1738736000
0(
#1739007000
b11 B
b1011 K
01
b1 7
1(
#1739278000
0(
#1739549000
b10 7
1(
#1739820000
0(
#1740091000
b11 7
1(
#1740362000
0(
#1740633000
b100 7
1(
#1740904000
0(
#1741175000
b101 7
1(
#1741446000
0(
#1741717000
b110 7
1(
#1741988000
0(
#1742259000
b111 7
1(
#1742530000
0(
#1742801000
b1000 7
1(
#1743072000
0(
#1743343000
b1001 7
1(
#1743614000
0(
#1743885000
b1010 7
1(
#1744156000
0(
#1744427000
b1011 7
1(
#1744698000
0(
#1744969000
11
b0 7
1(
#1745240000
0(
#1745511000
b100 B
b1100 K
01
b1 7
1(
#1745782000
0(
#1746053000
b10 7
1(
#1746324000
0(
#1746595000
b11 7
1(
#1746866000
0(
#1747137000
b100 7
1(
#1747408000
0(
#1747679000
b101 7
1(
#1747950000
0(
#1748221000
b110 7
1(
#1748492000
0(
#1748763000
b111 7
1(
#1749034000
0(
#1749305000
b1000 7
1(
#1749576000
0(
#1749847000
b1001 7
1(
#1750118000
0(
#1750389000
b1010 7
1(
#1750660000
0(
#1750931000
b1011 7
1(
#1751202000
0(
#1751473000
11
b0 7
1(
#1751744000
0(
#1752015000
b101 B
b1101 K
01
b1 7
1(
#1752286000
0(
#1752557000
b10 7
1(
#1752828000
0(
#1753099000
b11 7
1(
#1753370000
0(
#1753641000
b100 7
1(
#1753912000
0(
#1754183000
b101 7
1(
#1754454000
0(
#1754725000
b110 7
1(
#1754996000
0(
#1755267000
b111 7
1(
#1755538000
0(
#1755809000
b1000 7
1(
#1756080000
0(
#1756351000
b1001 7
1(
#1756622000
0(
#1756893000
b1010 7
1(
#1757164000
0(
#1757435000
b1011 7
1(
#1757706000
0(
#1757977000
11
b0 7
1(
#1758248000
0(
#1758519000
b110 B
b1110 K
01
b1 7
1(
#1758790000
0(
#1759061000
b10 7
1(
#1759332000
0(
#1759603000
b11 7
1(
#1759874000
0(
#1760145000
b100 7
1(
#1760416000
0(
#1760687000
b101 7
1(
#1760958000
0(
#1761229000
b110 7
1(
#1761500000
0(
#1761771000
b111 7
1(
#1762042000
0(
#1762313000
b1000 7
1(
#1762584000
0(
#1762855000
b1001 7
1(
#1763126000
0(
#1763397000
b1010 7
1(
#1763668000
0(
#1763939000
b1011 7
1(
#1764210000
0(
#1764481000
11
b0 7
1(
#1764752000
0(
#1765023000
b111 B
b1111 K
01
b1 7
1(
#1765294000
0(
#1765565000
b10 7
1(
#1765836000
0(
#1766107000
b11 7
1(
#1766378000
0(
#1766649000
b100 7
1(
#1766920000
0(
#1767191000
b101 7
1(
#1767462000
0(
#1767733000
b110 7
1(
#1768004000
0(
#1768275000
b111 7
1(
#1768546000
0(
#1768817000
b1000 7
1(
#1769088000
0(
#1769359000
b1001 7
1(
#1769630000
0(
#1769901000
b1010 7
1(
#1770172000
0(
#1770443000
b1011 7
1(
#1770714000
0(
#1770985000
11
b0 7
1(
#1771256000
0(
#1771527000
b1000 B
b110 H
b0 K
01
b1 7
1(
#1771798000
0(
#1772069000
b10 7
1"
1(
#1772340000
0(
#1772611000
1>
b11 7
1(
#1772882000
0(
#1773153000
b100 7
1?
1(
#1773424000
0(
#1773695000
b101 7
1(
#1773966000
0(
#1774237000
b110 7
1(
#1774508000
0(
#1774779000
b111 7
1(
#1775050000
0(
#1775321000
b1000 7
1(
#1775592000
0(
#1775863000
b1001 7
1(
#1776134000
0(
#1776405000
b1010 7
1(
#1776676000
0(
#1776947000
b1011 7
1(
#1777218000
0(
#1777489000
11
b0 7
1(
#1777760000
0(
#1778031000
b1001 B
b1 K
01
b1 7
1(
#1778302000
0(
#1778573000
b10 7
1(
#1778844000
0(
#1779115000
b11 7
1(
#1779386000
0(
#1779657000
b100 7
1(
#1779928000
0(
#1780199000
b101 7
1(
#1780470000
0(
#1780741000
b110 7
1(
#1781012000
0(
#1781283000
b111 7
1(
#1781554000
0(
#1781825000
b1000 7
1(
#1782096000
0(
#1782367000
b1001 7
1(
#1782638000
0(
#1782909000
b1010 7
1(
#1783180000
0(
#1783451000
b1011 7
1(
#1783722000
0(
#1783993000
11
b0 7
1(
#1784264000
0(
#1784535000
b1010 B
b10 K
01
b1 7
1(
#1784806000
0(
#1785077000
b10 7
1(
#1785348000
0(
#1785619000
b11 7
1(
#1785890000
0(
#1786161000
b100 7
1(
#1786432000
0(
#1786703000
b101 7
1(
#1786974000
0(
#1787245000
b110 7
1(
#1787516000
0(
#1787787000
b111 7
1(
#1788058000
0(
#1788329000
b1000 7
1(
#1788600000
0(
#1788871000
b1001 7
1(
#1789142000
0(
#1789413000
b1010 7
1(
#1789684000
0(
#1789955000
b1011 7
1(
#1790226000
0(
#1790497000
11
b0 7
1(
#1790768000
0(
#1791039000
b1011 B
b11 K
01
b1 7
1(
#1791310000
0(
#1791581000
b10 7
1(
#1791852000
0(
#1792123000
b11 7
1(
#1792394000
0(
#1792665000
b100 7
1(
#1792936000
0(
#1793207000
b101 7
1(
#1793478000
0(
#1793749000
b110 7
1(
#1794020000
0(
#1794291000
b111 7
1(
#1794562000
0(
#1794833000
b1000 7
1(
#1795104000
0(
#1795375000
b1001 7
1(
#1795646000
0(
#1795917000
b1010 7
1(
#1796188000
0(
#1796459000
b1011 7
1(
#1796730000
0(
#1797001000
11
b0 7
1(
#1797272000
0(
#1797543000
b1100 B
b100 K
01
b1 7
1(
#1797814000
0(
#1798085000
b10 7
1(
#1798356000
0(
#1798627000
b11 7
1(
#1798898000
0(
#1799169000
b100 7
1(
#1799440000
0(
#1799711000
b101 7
1(
#1799982000
0(
#1800253000
b110 7
1(
#1800524000
0(
#1800795000
b111 7
1(
#1801066000
0(
#1801337000
b1000 7
1(
#1801608000
0(
#1801879000
b1001 7
1(
#1802150000
0(
#1802421000
b1010 7
1(
#1802692000
0(
#1802963000
b1011 7
1(
#1803234000
0(
#1803505000
11
b0 7
1(
#1803776000
0(
#1804047000
b1101 B
b101 K
01
b1 7
1(
#1804318000
0(
#1804589000
b10 7
1(
#1804860000
0(
#1805131000
b11 7
1(
#1805402000
0(
#1805673000
b100 7
1(
#1805944000
0(
#1806215000
b101 7
1(
#1806486000
0(
#1806757000
b110 7
1(
#1807028000
0(
#1807299000
b111 7
1(
#1807570000
0(
#1807841000
b1000 7
1(
#1808112000
0(
#1808383000
b1001 7
1(
#1808654000
0(
#1808925000
b1010 7
1(
#1809196000
0(
#1809467000
b1011 7
1(
#1809738000
0(
#1810009000
11
b0 7
1(
#1810280000
0(
#1810551000
b1110 B
b110 K
01
b1 7
1(
#1810822000
0(
#1811093000
b10 7
1(
#1811364000
0(
#1811635000
b11 7
1(
#1811906000
0(
#1812177000
b100 7
1(
#1812448000
0(
#1812719000
b101 7
1(
#1812990000
0(
#1813261000
b110 7
1(
#1813532000
0(
#1813803000
b111 7
1(
#1814074000
0(
#1814345000
b1000 7
1(
#1814616000
0(
#1814887000
b1001 7
1(
#1815158000
0(
#1815429000
b1010 7
1(
#1815700000
0(
#1815971000
b1011 7
1(
#1816242000
0(
#1816513000
11
b0 7
1(
#1816784000
0(
#1817055000
b1111 B
b111 K
01
b1 7
1(
#1817326000
0(
#1817597000
b10 7
1(
#1817868000
0(
#1818139000
b11 7
1(
#1818410000
0(
#1818681000
b100 7
1(
#1818952000
0(
#1819223000
b101 7
1(
#1819494000
0(
#1819765000
b110 7
1(
#1820036000
0(
#1820307000
b111 7
1(
#1820578000
0(
#1820849000
b1000 7
1(
#1821120000
0(
#1821391000
b1001 7
1(
#1821662000
0(
#1821933000
b1010 7
1(
#1822204000
0(
#1822475000
b1011 7
1(
#1822746000
0(
#1823017000
11
b0 7
1(
#1823288000
0(
#1823559000
b111 <
b0 B
b1000 K
01
b1 7
1(
#1823830000
0(
#1824101000
b10 7
1(
#1824372000
0(
#1824643000
b11 7
1(
#1824914000
0(
#1825185000
b100 7
1(
#1825456000
0(
#1825727000
b101 7
1(
#1825998000
0(
#1826269000
b110 7
1(
#1826540000
0(
#1826811000
b111 7
1(
#1827082000
0(
#1827353000
b1000 7
1(
#1827624000
0(
#1827895000
b1001 7
1(
#1828166000
0(
#1828437000
b1010 7
1(
#1828708000
0(
#1828979000
b1011 7
1(
#1829250000
0(
#1829521000
11
b0 7
1(
#1829792000
0(
#1830063000
b1 B
b1001 K
01
b1 7
1(
#1830334000
0(
#1830605000
b10 7
1(
#1830876000
0(
#1831147000
b11 7
1(
#1831418000
0(
#1831689000
b100 7
1(
#1831960000
0(
#1832231000
b101 7
1(
#1832502000
0(
#1832773000
b110 7
1(
#1833044000
0(
#1833315000
b111 7
1(
#1833586000
0(
#1833857000
b1000 7
1(
#1834128000
0(
#1834399000
b1001 7
1(
#1834670000
0(
#1834941000
b1010 7
1(
#1835212000
0(
#1835483000
b1011 7
1(
#1835754000
0(
#1836025000
11
b0 7
1(
#1836296000
0(
#1836567000
b10 B
b1010 K
01
b1 7
1(
#1836838000
0(
#1837109000
b10 7
1(
#1837380000
0(
#1837651000
b11 7
1(
#1837922000
0(
#1838193000
b100 7
1(
#1838464000
0(
#1838735000
b101 7
1(
#1839006000
0(
#1839277000
b110 7
1(
#1839548000
0(
#1839819000
b111 7
1(
#1840090000
0(
#1840361000
b1000 7
1(
#1840632000
0(
#1840903000
b1001 7
1(
#1841174000
0(
#1841445000
b1010 7
1(
#1841716000
0(
#1841987000
b1011 7
1(
#1842258000
0(
#1842529000
11
b0 7
1(
#1842800000
0(
#1843071000
b11 B
b1011 K
01
b1 7
1(
#1843342000
0(
#1843613000
b10 7
1(
#1843884000
0(
#1844155000
b11 7
1(
#1844426000
0(
#1844697000
b100 7
1(
#1844968000
0(
#1845239000
b101 7
1(
#1845510000
0(
#1845781000
b110 7
1(
#1846052000
0(
#1846323000
b111 7
1(
#1846594000
0(
#1846865000
b1000 7
1(
#1847136000
0(
#1847407000
b1001 7
1(
#1847678000
0(
#1847949000
b1010 7
1(
#1848220000
0(
#1848491000
b1011 7
1(
#1848762000
0(
#1849033000
11
b0 7
1(
#1849304000
0(
#1849575000
b100 B
b1100 K
01
b1 7
1(
#1849846000
0(
#1850117000
b10 7
1(
#1850388000
0(
#1850659000
b11 7
1(
#1850930000
0(
#1851201000
b100 7
1(
#1851472000
0(
#1851743000
b101 7
1(
#1852014000
0(
#1852285000
b110 7
1(
#1852556000
0(
#1852827000
b111 7
1(
#1853098000
0(
#1853369000
b1000 7
1(
#1853640000
0(
#1853911000
b1001 7
1(
#1854182000
0(
#1854453000
b1010 7
1(
#1854724000
0(
#1854995000
b1011 7
1(
#1855266000
0(
#1855537000
11
b0 7
1(
#1855808000
0(
#1856079000
b101 B
b1101 K
01
b1 7
1(
#1856350000
0(
#1856621000
b10 7
1(
#1856892000
0(
#1857163000
b11 7
1(
#1857434000
0(
#1857705000
b100 7
1(
#1857976000
0(
#1858247000
b101 7
1(
#1858518000
0(
#1858789000
b110 7
1(
#1859060000
0(
#1859331000
b111 7
1(
#1859602000
0(
#1859873000
b1000 7
1(
#1860144000
0(
#1860415000
b1001 7
1(
#1860686000
0(
#1860957000
b1010 7
1(
#1861228000
0(
#1861499000
b1011 7
1(
#1861770000
0(
#1862041000
11
b0 7
1(
#1862312000
0(
#1862583000
b110 B
b1110 K
01
b1 7
1(
#1862854000
0(
#1863125000
b10 7
1(
#1863396000
0(
#1863667000
b11 7
1(
#1863938000
0(
#1864209000
b100 7
1(
#1864480000
0(
#1864751000
b101 7
1(
#1865022000
0(
#1865293000
b110 7
1(
#1865564000
0(
#1865835000
b111 7
1(
#1866106000
0(
#1866377000
b1000 7
1(
#1866648000
0(
#1866919000
b1001 7
1(
#1867190000
0(
#1867461000
b1010 7
1(
#1867732000
0(
#1868003000
b1011 7
1(
#1868274000
0(
#1868545000
11
b0 7
1(
#1868816000
0(
#1869087000
b111 B
b1111 K
01
b1 7
1(
#1869358000
0(
#1869629000
b10 7
1(
#1869900000
0(
#1870171000
b11 7
1(
#1870442000
0(
#1870713000
b100 7
1(
#1870984000
0(
#1871255000
b101 7
1(
#1871526000
0(
#1871797000
b110 7
1(
#1872068000
0(
#1872339000
b111 7
1(
#1872610000
0(
#1872881000
b1000 7
1(
#1873152000
0(
#1873423000
b1001 7
1(
#1873694000
0(
#1873965000
b1010 7
1(
#1874236000
0(
#1874507000
b1011 7
1(
#1874778000
0(
#1875049000
11
b0 7
1(
#1875320000
0(
#1875591000
b1000 B
b111 H
b0 K
01
b1 7
1(
#1875862000
0(
#1876133000
b10 7
0"
1(
#1876404000
0(
#1876675000
0>
b11 7
1(
#1876946000
0(
#1877217000
b100 7
0?
1(
#1877488000
0(
#1877759000
b101 7
1(
#1878030000
0(
#1878301000
b110 7
1(
#1878572000
0(
#1878843000
b111 7
1(
#1879114000
0(
#1879385000
b1000 7
1(
#1879656000
0(
#1879927000
b1001 7
1(
#1880198000
0(
#1880469000
b1010 7
1(
#1880740000
0(
#1881011000
b1011 7
1(
#1881282000
0(
#1881553000
11
b0 7
1(
#1881824000
0(
#1882095000
b1001 B
b1 K
01
b1 7
1(
#1882366000
0(
#1882637000
b10 7
1(
#1882908000
0(
#1883179000
b11 7
1(
#1883450000
0(
#1883721000
b100 7
1(
#1883992000
0(
#1884263000
b101 7
1(
#1884534000
0(
#1884805000
b110 7
1(
#1885076000
0(
#1885347000
b111 7
1(
#1885618000
0(
#1885889000
b1000 7
1(
#1886160000
0(
#1886431000
b1001 7
1(
#1886702000
0(
#1886973000
b1010 7
1(
#1887244000
0(
#1887515000
b1011 7
1(
#1887786000
0(
#1888057000
11
b0 7
1(
#1888328000
0(
#1888599000
b1010 B
b10 K
01
b1 7
1(
#1888870000
0(
#1889141000
b10 7
1(
#1889412000
0(
#1889683000
b11 7
1(
#1889954000
0(
#1890225000
b100 7
1(
#1890496000
0(
#1890767000
b101 7
1(
#1891038000
0(
#1891309000
b110 7
1(
#1891580000
0(
#1891851000
b111 7
1(
#1892122000
0(
#1892393000
b1000 7
1(
#1892664000
0(
#1892935000
b1001 7
1(
#1893206000
0(
#1893477000
b1010 7
1(
#1893748000
0(
#1894019000
b1011 7
1(
#1894290000
0(
#1894561000
11
b0 7
1(
#1894832000
0(
#1895103000
b1011 B
b11 K
01
b1 7
1(
#1895374000
0(
#1895645000
b10 7
1(
#1895916000
0(
#1896187000
b11 7
1(
#1896458000
0(
#1896729000
b100 7
1(
#1897000000
0(
#1897271000
b101 7
1(
#1897542000
0(
#1897813000
b110 7
1(
#1898084000
0(
#1898355000
b111 7
1(
#1898626000
0(
#1898897000
b1000 7
1(
#1899168000
0(
#1899439000
b1001 7
1(
#1899710000
0(
#1899981000
b1010 7
1(
#1900252000
0(
#1900523000
b1011 7
1(
#1900794000
0(
#1901065000
11
b0 7
1(
#1901336000
0(
#1901607000
b1100 B
b100 K
01
b1 7
1(
#1901878000
0(
#1902149000
b10 7
1(
#1902420000
0(
#1902691000
b11 7
1(
#1902962000
0(
#1903233000
b100 7
1(
#1903504000
0(
#1903775000
b101 7
1(
#1904046000
0(
#1904317000
b110 7
1(
#1904588000
0(
#1904859000
b111 7
1(
#1905130000
0(
#1905401000
b1000 7
1(
#1905672000
0(
#1905943000
b1001 7
1(
#1906214000
0(
#1906485000
b1010 7
1(
#1906756000
0(
#1907027000
b1011 7
1(
#1907298000
0(
#1907569000
11
b0 7
1(
#1907840000
0(
#1908111000
b1101 B
b101 K
01
b1 7
1(
#1908382000
0(
#1908653000
b10 7
1(
#1908924000
0(
#1909195000
b11 7
1(
#1909466000
0(
#1909737000
b100 7
1(
#1910008000
0(
#1910279000
b101 7
1(
#1910550000
0(
#1910821000
b110 7
1(
#1911092000
0(
#1911363000
b111 7
1(
#1911634000
0(
#1911905000
b1000 7
1(
#1912176000
0(
#1912447000
b1001 7
1(
#1912718000
0(
#1912989000
b1010 7
1(
#1913260000
0(
#1913531000
b1011 7
1(
#1913802000
0(
#1914073000
11
b0 7
1(
#1914344000
0(
#1914615000
b1110 B
b110 K
01
b1 7
1(
#1914886000
0(
#1915157000
b10 7
1(
#1915428000
0(
#1915699000
b11 7
1(
#1915970000
0(
#1916241000
b100 7
1(
#1916512000
0(
#1916783000
b101 7
1(
#1917054000
0(
#1917325000
b110 7
1(
#1917596000
0(
#1917867000
b111 7
1(
#1918138000
0(
#1918409000
b1000 7
1(
#1918680000
0(
#1918951000
b1001 7
1(
#1919222000
0(
#1919493000
b1010 7
1(
#1919764000
0(
#1920035000
b1011 7
1(
#1920306000
0(
#1920577000
11
b0 7
1(
#1920848000
0(
#1921119000
b1111 B
b111 K
01
b1 7
1(
#1921390000
0(
#1921661000
b10 7
1(
#1921932000
0(
#1922203000
b11 7
1(
#1922474000
0(
#1922745000
b100 7
1(
#1923016000
0(
#1923287000
b101 7
1(
#1923558000
0(
#1923829000
b110 7
1(
#1924100000
0(
#1924371000
b111 7
1(
#1924642000
0(
#1924913000
b1000 7
1(
#1925184000
0(
#1925455000
b1001 7
1(
#1925726000
0(
#1925997000
b1010 7
1(
#1926268000
0(
#1926539000
b1011 7
1(
#1926810000
0(
#1927081000
11
b0 7
1(
#1927352000
0(
#1927623000
b11 A
b0 B
b1000 K
01
b1 7
1(
#1927894000
0(
#1928165000
b10 7
1(
#1928436000
0(
#1928707000
b11 7
1(
#1928978000
0(
#1929249000
b100 7
1(
#1929520000
0(
#1929791000
b101 7
1(
#1930062000
0(
#1930333000
b110 7
1(
#1930604000
0(
#1930875000
b111 7
1(
#1931146000
0(
#1931417000
b1000 7
1(
#1931688000
0(
#1931959000
b1001 7
1(
#1932230000
0(
#1932501000
b1010 7
1(
#1932772000
0(
#1933043000
b1011 7
1(
#1933314000
0(
#1933585000
11
b0 7
1(
#1933856000
0(
#1934127000
b1 B
b1001 K
01
b1 7
1(
#1934398000
0(
#1934669000
b10 7
1(
#1934940000
0(
#1935211000
b11 7
1(
#1935482000
0(
#1935753000
b100 7
1(
#1936024000
0(
#1936295000
b101 7
1(
#1936566000
0(
#1936837000
b110 7
1(
#1937108000
0(
#1937379000
b111 7
1(
#1937650000
0(
#1937921000
b1000 7
1(
#1938192000
0(
#1938463000
b1001 7
1(
#1938734000
0(
#1939005000
b1010 7
1(
#1939276000
0(
#1939547000
b1011 7
1(
#1939818000
0(
#1940089000
11
b0 7
1(
#1940360000
0(
#1940631000
b10 B
b1010 K
01
b1 7
1(
#1940902000
0(
#1941173000
b10 7
1(
#1941444000
0(
#1941715000
b11 7
1(
#1941986000
0(
#1942257000
b100 7
1(
#1942528000
0(
#1942799000
b101 7
1(
#1943070000
0(
#1943341000
b110 7
1(
#1943612000
0(
#1943883000
b111 7
1(
#1944154000
0(
#1944425000
b1000 7
1(
#1944696000
0(
#1944967000
b1001 7
1(
#1945238000
0(
#1945509000
b1010 7
1(
#1945780000
0(
#1946051000
b1011 7
1(
#1946322000
0(
#1946593000
11
b0 7
1(
#1946864000
0(
#1947135000
b11 B
b1011 K
01
b1 7
1(
#1947406000
0(
#1947677000
b10 7
1(
#1947948000
0(
#1948219000
b11 7
1(
#1948490000
0(
#1948761000
b100 7
1(
#1949032000
0(
#1949303000
b101 7
1(
#1949574000
0(
#1949845000
b110 7
1(
#1950116000
0(
#1950387000
b111 7
1(
#1950658000
0(
#1950929000
b1000 7
1(
#1951200000
0(
#1951471000
b1001 7
1(
#1951742000
0(
#1952013000
b1010 7
1(
#1952284000
0(
#1952555000
b1011 7
1(
#1952826000
0(
#1953097000
11
b0 7
1(
#1953368000
0(
#1953639000
b100 B
b1100 K
01
b1 7
1(
#1953910000
0(
#1954181000
b10 7
1(
#1954452000
0(
#1954723000
b11 7
1(
#1954994000
0(
#1955265000
b100 7
1(
#1955536000
0(
#1955807000
b101 7
1(
#1956078000
0(
#1956349000
b110 7
1(
#1956620000
0(
#1956891000
b111 7
1(
#1957162000
0(
#1957433000
b1000 7
1(
#1957704000
0(
#1957975000
b1001 7
1(
#1958246000
0(
#1958517000
b1010 7
1(
#1958788000
0(
#1959059000
b1011 7
1(
#1959330000
0(
#1959601000
11
b0 7
1(
#1959872000
0(
#1960143000
b101 B
b1101 K
01
b1 7
1(
#1960414000
0(
#1960685000
b10 7
1(
#1960956000
0(
#1961227000
b11 7
1(
#1961498000
0(
#1961769000
b100 7
1(
#1962040000
0(
#1962311000
b101 7
1(
#1962582000
0(
#1962853000
b110 7
1(
#1963124000
0(
#1963395000
b111 7
1(
#1963666000
0(
#1963937000
b1000 7
1(
#1964208000
0(
#1964479000
b1001 7
1(
#1964750000
0(
#1965021000
b1010 7
1(
#1965292000
0(
#1965563000
b1011 7
1(
#1965834000
0(
#1966105000
11
b0 7
1(
#1966376000
0(
#1966647000
b110 B
b1110 K
01
b1 7
1(
#1966918000
0(
#1967189000
b10 7
1(
#1967460000
0(
#1967731000
b11 7
1(
#1968002000
0(
#1968273000
b100 7
1(
#1968544000
0(
#1968815000
b101 7
1(
#1969086000
0(
#1969357000
b110 7
1(
#1969628000
0(
#1969899000
b111 7
1(
#1970170000
0(
#1970441000
b1000 7
1(
#1970712000
0(
#1970983000
b1001 7
1(
#1971254000
0(
#1971525000
b1010 7
1(
#1971796000
0(
#1972067000
b1011 7
1(
#1972338000
0(
#1972609000
11
b0 7
1(
#1972880000
0(
#1973151000
b111 B
b1111 K
01
b1 7
1(
#1973422000
0(
#1973693000
b10 7
1(
#1973964000
0(
#1974235000
b11 7
1(
#1974506000
0(
#1974777000
b100 7
1(
#1975048000
0(
#1975319000
b101 7
1(
#1975590000
0(
#1975861000
b110 7
1(
#1976132000
0(
#1976403000
b111 7
1(
#1976674000
0(
#1976945000
b1000 7
1(
#1977216000
0(
#1977487000
b1001 7
1(
#1977758000
0(
#1978029000
b1010 7
1(
#1978300000
0(
#1978571000
b1011 7
1(
#1978842000
0(
#1979113000
11
b0 7
1(
#1979384000
0(
#1979655000
b1000 B
b11 J
b0 K
01
b1 7
1(
#1979926000
0(
#1980197000
b10 7
1"
1(
#1980468000
0(
#1980739000
1>
b11 7
1(
#1981010000
0(
#1981281000
b100 7
1?
1(
#1981552000
0(
#1981823000
b101 7
1(
#1982094000
0(
#1982365000
b110 7
1(
#1982636000
0(
#1982907000
b111 7
1(
#1983178000
0(
#1983449000
b1000 7
1(
#1983720000
0(
#1983991000
b1001 7
1(
#1984262000
0(
#1984533000
b1010 7
1(
#1984804000
0(
#1985075000
b1011 7
1(
#1985346000
0(
#1985617000
11
b0 7
1(
#1985888000
0(
#1986159000
b1001 B
b1 K
01
b1 7
1(
#1986430000
0(
#1986701000
b10 7
1(
#1986972000
0(
#1987243000
b11 7
1(
#1987514000
0(
#1987785000
b100 7
1(
#1988056000
0(
#1988327000
b101 7
1(
#1988598000
0(
#1988869000
b110 7
1(
#1989140000
0(
#1989411000
b111 7
1(
#1989682000
0(
#1989953000
b1000 7
1(
#1990224000
0(
#1990495000
b1001 7
1(
#1990766000
0(
#1991037000
b1010 7
1(
#1991308000
0(
#1991579000
b1011 7
1(
#1991850000
0(
#1992121000
11
b0 7
1(
#1992392000
0(
#1992663000
b1010 B
b10 K
01
b1 7
1(
#1992934000
0(
#1993205000
b10 7
1(
#1993476000
0(
#1993747000
b11 7
1(
#1994018000
0(
#1994289000
b100 7
1(
#1994560000
0(
#1994831000
b101 7
1(
#1995102000
0(
#1995373000
b110 7
1(
#1995644000
0(
#1995915000
b111 7
1(
#1996186000
0(
#1996457000
b1000 7
1(
#1996728000
0(
#1996999000
b1001 7
1(
#1997270000
0(
#1997541000
b1010 7
1(
#1997812000
0(
#1998083000
b1011 7
1(
#1998354000
0(
#1998625000
11
b0 7
1(
#1998896000
0(
#1999167000
b1011 B
b11 K
01
b1 7
1(
#1999438000
0(
#1999709000
b10 7
1(
#1999980000
0(
#2000251000
b11 7
1(
#2000522000
0(
#2000793000
b100 7
1(
#2001064000
0(
#2001335000
b101 7
1(
#2001606000
0(
#2001877000
b110 7
1(
#2002148000
0(
#2002419000
b111 7
1(
#2002690000
0(
#2002961000
b1000 7
1(
#2003232000
0(
#2003503000
b1001 7
1(
#2003774000
0(
#2004045000
b1010 7
1(
#2004316000
0(
#2004587000
b1011 7
1(
#2004858000
0(
#2005129000
11
b0 7
1(
#2005400000
0(
#2005671000
b1100 B
b100 K
01
b1 7
1(
#2005942000
0(
#2006213000
b10 7
1(
#2006484000
0(
#2006755000
b11 7
1(
#2007026000
0(
#2007297000
b100 7
1(
#2007568000
0(
#2007839000
b101 7
1(
#2008110000
0(
#2008381000
b110 7
1(
#2008652000
0(
#2008923000
b111 7
1(
#2009194000
0(
#2009465000
b1000 7
1(
#2009736000
0(
#2010007000
b1001 7
1(
#2010278000
0(
#2010549000
b1010 7
1(
#2010820000
0(
#2011091000
b1011 7
1(
#2011362000
0(
#2011633000
11
b0 7
1(
#2011904000
0(
#2012175000
b1101 B
b101 K
01
b1 7
1(
#2012446000
0(
#2012717000
b10 7
1(
#2012988000
0(
#2013259000
b11 7
1(
#2013530000
0(
#2013801000
b100 7
1(
#2014072000
0(
#2014343000
b101 7
1(
#2014614000
0(
#2014885000
b110 7
1(
#2015156000
0(
#2015427000
b111 7
1(
#2015698000
0(
#2015969000
b1000 7
1(
#2016240000
0(
#2016511000
b1001 7
1(
#2016782000
0(
#2017053000
b1010 7
1(
#2017324000
0(
#2017595000
b1011 7
1(
#2017866000
0(
#2018137000
11
b0 7
1(
#2018408000
0(
#2018679000
b1110 B
b110 K
01
b1 7
1(
#2018950000
0(
#2019221000
b10 7
1(
#2019492000
0(
#2019763000
b11 7
1(
#2020034000
0(
#2020305000
b100 7
1(
#2020576000
0(
#2020847000
b101 7
1(
#2021118000
0(
#2021389000
b110 7
1(
#2021660000
0(
#2021931000
b111 7
1(
#2022202000
0(
#2022473000
b1000 7
1(
#2022744000
0(
#2023015000
b1001 7
1(
#2023286000
0(
#2023557000
b1010 7
1(
#2023828000
0(
#2024099000
b1011 7
1(
#2024370000
0(
#2024641000
11
b0 7
1(
#2024912000
0(
#2025183000
b1111 B
b111 K
01
b1 7
1(
#2025454000
0(
#2025725000
b10 7
1(
#2025996000
0(
#2026267000
b11 7
1(
#2026538000
0(
#2026809000
b100 7
1(
#2027080000
0(
#2027351000
b101 7
1(
#2027622000
0(
#2027893000
b110 7
1(
#2028164000
0(
#2028435000
b111 7
1(
#2028706000
0(
#2028977000
b1000 7
1(
#2029248000
0(
#2029519000
b1001 7
1(
#2029790000
0(
#2030061000
b1010 7
1(
#2030332000
0(
#2030603000
b1011 7
1(
#2030874000
0(
#2031145000
11
b0 7
1(
#2031416000
0(
#2031687000
b11 -
b0 A
1#
b1000010 $
b1000010 0
b1000010 =
b0 B
b1000 K
01
b1 7
1(
#2031958000
0(
#2032229000
b10 7
0#
1(
#2032500000
0(
#2032771000
b11 7
1(
#2033042000
0(
#2033313000
b100 7
1(
#2033584000
0(
#2033855000
b101 7
1(
#2034126000
0(
#2034397000
b110 7
1(
#2034668000
0(
#2034939000
b111 7
1(
#2035210000
0(
#2035481000
b1000 7
1(
#2035752000
0(
#2036023000
b1001 7
1(
#2036294000
0(
#2036565000
b1010 7
1(
#2036836000
0(
#2037107000
b1011 7
1(
#2037378000
0(
#2037649000
11
b0 7
1(
#2037920000
0(
#2038191000
b1001 K
01
b1 7
1(
#2038462000
0(
#2038733000
b10 7
1(
#2039004000
0(
#2039275000
b11 7
1(
#2039546000
0(
#2039817000
b100 7
1(
#2040088000
0(
#2040359000
b101 7
1(
#2040630000
0(
#2040901000
b110 7
1(
#2041172000
0(
#2041443000
b111 7
1(
#2041714000
0(
#2041985000
b1000 7
1(
#2042256000
0(
#2042527000
b1001 7
1(
#2042798000
0(
#2043069000
b1010 7
1(
#2043340000
0(
#2043611000
b1011 7
1(
#2043882000
0(
#2044153000
11
b0 7
1(
#2044424000
0(
#2044695000
b1010 K
01
b1 7
1(
#2044966000
0(
#2045237000
b10 7
1(
#2045508000
0(
#2045779000
b11 7
1(
#2046050000
0(
#2046321000
b100 7
1(
#2046592000
0(
#2046863000
b101 7
1(
#2047134000
0(
#2047405000
b110 7
1(
#2047676000
0(
#2047947000
b111 7
1(
#2048218000
0(
#2048489000
b1000 7
1(
#2048760000
0(
#2049031000
b1001 7
1(
#2049302000
0(
#2049573000
b1010 7
1(
#2049844000
0(
#2050115000
b1011 7
1(
#2050386000
0(
#2050657000
11
b0 7
1(
#2050928000
0(
#2051199000
b1011 K
01
b1 7
1(
#2051470000
0(
#2051741000
b10 7
1(
#2052012000
0(
#2052283000
b11 7
1(
#2052554000
0(
#2052825000
b100 7
1(
#2053096000
0(
#2053367000
b101 7
1(
#2053638000
0(
#2053909000
b110 7
1(
#2054180000
0(
#2054451000
b111 7
1(
#2054722000
0(
#2054993000
b1000 7
1(
#2055264000
0(
#2055535000
b1001 7
1(
#2055806000
0(
#2056077000
b1010 7
1(
#2056348000
0(
#2056619000
b1011 7
1(
#2056890000
0(
#2057161000
11
b0 7
1(
#2057432000
0(
#2057703000
b1100 K
01
b1 7
1(
#2057974000
0(
#2058245000
b10 7
1(
#2058516000
0(
#2058787000
b11 7
1(
#2059058000
0(
#2059329000
b100 7
1(
#2059600000
0(
#2059871000
b101 7
1(
#2060142000
0(
#2060413000
b110 7
1(
#2060684000
0(
#2060955000
b111 7
1(
#2061226000
0(
#2061497000
b1000 7
1(
#2061768000
0(
#2062039000
b1001 7
1(
#2062310000
0(
#2062581000
b1010 7
1(
#2062852000
0(
#2063123000
b1011 7
1(
#2063394000
0(
#2063665000
11
b0 7
1(
#2063936000
0(
#2064207000
b1101 K
01
b1 7
1(
#2064478000
0(
#2064749000
b10 7
1(
#2065020000
0(
#2065291000
b11 7
1(
#2065562000
0(
#2065833000
b100 7
1(
#2066104000
0(
#2066375000
b101 7
1(
#2066646000
0(
#2066917000
b110 7
1(
#2067188000
0(
#2067459000
b111 7
1(
#2067730000
0(
#2068001000
b1000 7
1(
#2068272000
0(
#2068543000
b1001 7
1(
#2068814000
0(
#2069085000
b1010 7
1(
#2069356000
0(
#2069627000
b1011 7
1(
#2069898000
0(
#2070169000
11
b0 7
1(
#2070440000
0(
#2070711000
b1110 K
01
b1 7
1(
#2070982000
0(
#2071253000
b10 7
1(
#2071524000
0(
#2071795000
b11 7
1(
#2072066000
0(
#2072337000
b100 7
1(
#2072608000
0(
#2072879000
b101 7
1(
#2073150000
0(
#2073421000
b110 7
1(
#2073692000
0(
#2073963000
b111 7
1(
#2074234000
0(
#2074505000
b1000 7
1(
#2074776000
0(
#2075047000
b1001 7
1(
#2075318000
0(
#2075589000
b1010 7
1(
#2075860000
0(
#2076131000
b1011 7
1(
#2076402000
0(
#2076673000
11
b0 7
1(
#2076944000
0(
#2077215000
b1111 K
01
b1 7
1(
#2077486000
0(
#2077757000
b10 7
1(
#2078028000
0(
#2078299000
b11 7
1(
#2078570000
0(
#2078841000
b100 7
1(
#2079112000
0(
#2079383000
b101 7
1(
#2079654000
0(
#2079925000
b110 7
1(
#2080196000
0(
#2080467000
b111 7
1(
#2080738000
0(
#2081009000
b1000 7
1(
#2081280000
0(
#2081551000
b1001 7
1(
#2081822000
0(
#2082093000
b1010 7
1(
#2082364000
0(
#2082635000
b1011 7
1(
#2082906000
0(
#2083177000
11
b0 7
1(
#2083448000
0(
#2083719000
b0 J
0!
b0 K
01
b1 7
1(
#2083990000
0(
#2084261000
b10 7
b100 .
b1010100011100100110000101101110011100110110110101101001011101000010000000110000011110000011000000110000 M
b0 L
1(
#2084532000
0(
#2084803000
b11 7
b0 *
b0 /
b0 C
1+
1(
#2085074000
0(
#2085345000
b100 7
b1 J
1!
b0 I
0+
1(
#2085616000
0(
#2085887000
0"
b101 7
1(
#2086158000
0(
#2086429000
b110 7
0>
1(
#2086700000
0(
#2086971000
0?
b111 7
1(
#2087242000
0(
#2087513000
b1000 7
b1 A
1(
#2087784000
0(
#2088055000
b1001 7
1(
#2088326000
0(
#2088597000
b1010 7
1(
#2088868000
0(
#2089139000
b1011 7
1(
#2089410000
0(
#2089681000
11
b0 7
1(
#2089952000
0(
#2090223000
b1 B
b1 K
01
b1 7
1(
#2090494000
0(
#2090765000
b10 7
1(
#2091036000
0(
#2091307000
b11 7
1(
#2091578000
0(
#2091849000
b100 7
1(
#2092120000
0(
#2092391000
b101 7
1(
#2092662000
0(
#2092933000
b110 7
1(
#2093204000
0(
#2093475000
b111 7
1(
#2093746000
0(
#2094017000
b1000 7
1(
#2094288000
0(
#2094559000
b1001 7
1(
#2094830000
0(
#2095101000
b1010 7
1(
#2095372000
0(
#2095643000
b1011 7
1(
#2095914000
0(
#2096185000
11
b0 7
1(
#2096456000
0(
#2096727000
b10 B
b10 K
01
b1 7
1(
#2096998000
0(
#2097269000
b10 7
1(
#2097540000
0(
#2097811000
b11 7
1(
#2098082000
0(
#2098353000
b100 7
1(
#2098624000
0(
#2098895000
b101 7
1(
#2099166000
0(
#2099437000
b110 7
1(
#2099708000
0(
#2099979000
b111 7
1(
#2100250000
0(
#2100521000
b1000 7
1(
#2100792000
0(
#2101063000
b1001 7
1(
#2101334000
0(
#2101605000
b1010 7
1(
#2101876000
0(
#2102147000
b1011 7
1(
#2102418000
0(
#2102689000
11
b0 7
1(
#2102960000
0(
#2103231000
b11 B
b11 K
01
b1 7
1(
#2103502000
0(
#2103773000
b10 7
1(
#2104044000
0(
#2104315000
b11 7
1(
#2104586000
0(
#2104857000
b100 7
1(
#2105128000
0(
#2105399000
b101 7
1(
#2105670000
0(
#2105941000
b110 7
1(
#2106212000
0(
#2106483000
b111 7
1(
#2106754000
0(
#2107025000
b1000 7
1(
#2107296000
0(
#2107567000
b1001 7
1(
#2107838000
0(
#2108109000
b1010 7
1(
#2108380000
0(
#2108651000
b1011 7
1(
#2108922000
0(
#2109193000
11
b0 7
1(
#2109464000
0(
#2109735000
b100 B
b100 K
01
b1 7
1(
#2110006000
0(
#2110277000
b10 7
1(
#2110548000
0(
#2110819000
b11 7
1(
#2111090000
0(
#2111361000
b100 7
1(
#2111632000
0(
#2111903000
b101 7
1(
#2112174000
0(
#2112445000
b110 7
1(
#2112716000
0(
#2112987000
b111 7
1(
#2113258000
0(
#2113529000
b1000 7
1(
#2113800000
0(
#2114071000
b1001 7
1(
#2114342000
0(
#2114613000
b1010 7
1(
#2114884000
0(
#2115155000
b1011 7
1(
#2115426000
0(
#2115697000
11
b0 7
1(
#2115968000
0(
#2116239000
b101 B
b101 K
01
b1 7
1(
#2116510000
0(
#2116781000
b10 7
1(
#2117052000
0(
#2117323000
b11 7
1(
#2117594000
0(
#2117865000
b100 7
1(
#2118136000
0(
#2118407000
b101 7
1(
#2118678000
0(
#2118949000
b110 7
1(
#2119220000
0(
#2119491000
b111 7
1(
#2119762000
0(
#2120033000
b1000 7
1(
#2120304000
0(
#2120575000
b1001 7
1(
#2120846000
0(
#2121117000
b1010 7
1(
#2121388000
0(
#2121659000
b1011 7
1(
#2121930000
0(
#2122201000
11
b0 7
1(
#2122472000
0(
#2122743000
b110 B
b110 K
01
b1 7
1(
#2123014000
0(
#2123285000
b10 7
1(
#2123556000
0(
#2123827000
b11 7
1(
#2124098000
0(
#2124369000
b100 7
1(
#2124640000
0(
#2124911000
b101 7
1(
#2125182000
0(
#2125453000
b110 7
1(
#2125724000
0(
#2125995000
b111 7
1(
#2126266000
0(
#2126537000
b1000 7
1(
#2126808000
0(
#2127079000
b1001 7
1(
#2127350000
0(
#2127621000
b1010 7
1(
#2127892000
0(
#2128163000
b1011 7
1(
#2128434000
0(
#2128705000
11
b0 7
1(
#2128976000
0(
#2129247000
b111 B
b111 K
01
b1 7
1(
#2129518000
0(
#2129789000
b10 7
1(
#2130060000
0(
#2130331000
b11 7
1(
#2130602000
0(
#2130873000
b100 7
1(
#2131144000
0(
#2131415000
b101 7
1(
#2131686000
0(
#2131957000
b110 7
1(
#2132228000
0(
#2132499000
b111 7
1(
#2132770000
0(
#2133041000
b1000 7
1(
#2133312000
0(
#2133583000
b1001 7
1(
#2133854000
0(
#2134125000
b1010 7
1(
#2134396000
0(
#2134667000
b1011 7
1(
#2134938000
0(
#2135209000
11
b0 7
1(
#2135480000
0(
#2135751000
b10 A
b0 <
b0 B
b1000 K
01
b1 7
1(
#2136022000
0(
#2136293000
b10 7
1(
#2136564000
0(
#2136835000
b11 7
1(
#2137106000
0(
#2137377000
b100 7
1(
#2137648000
0(
#2137919000
b101 7
1(
#2138190000
0(
#2138461000
b110 7
1(
#2138732000
0(
#2139003000
b111 7
1(
#2139274000
0(
#2139545000
b1000 7
1(
#2139816000
0(
#2140087000
b1001 7
1(
#2140358000
0(
#2140629000
b1010 7
1(
#2140900000
0(
#2141171000
b1011 7
1(
#2141442000
0(
#2141713000
11
b0 7
1(
#2141984000
0(
#2142255000
b1 B
b1001 K
01
b1 7
1(
#2142526000
0(
#2142797000
b10 7
1(
#2143068000
0(
#2143339000
b11 7
1(
#2143610000
0(
#2143881000
b100 7
1(
#2144152000
0(
#2144423000
b101 7
1(
#2144694000
0(
#2144965000
b110 7
1(
#2145236000
0(
#2145507000
b111 7
1(
#2145778000
0(
#2146049000
b1000 7
1(
#2146320000
0(
#2146591000
b1001 7
1(
#2146862000
0(
#2147133000
b1010 7
1(
#2147404000
0(
#2147675000
b1011 7
1(
#2147946000
0(
#2148217000
11
b0 7
1(
#2148488000
0(
#2148759000
b10 B
b1010 K
01
b1 7
1(
#2149030000
0(
#2149301000
b10 7
1(
#2149572000
0(
#2149843000
b11 7
1(
#2150114000
0(
#2150385000
b100 7
1(
#2150656000
0(
#2150927000
b101 7
1(
#2151198000
0(
#2151469000
b110 7
1(
#2151740000
0(
#2152011000
b111 7
1(
#2152282000
0(
#2152553000
b1000 7
1(
#2152824000
0(
#2153095000
b1001 7
1(
#2153366000
0(
#2153637000
b1010 7
1(
#2153908000
0(
#2154179000
b1011 7
1(
#2154450000
0(
#2154721000
11
b0 7
1(
#2154992000
0(
#2155263000
b11 B
b1011 K
01
b1 7
1(
#2155534000
0(
#2155805000
b10 7
1(
#2156076000
0(
#2156347000
b11 7
1(
#2156618000
0(
#2156889000
b100 7
1(
#2157160000
0(
#2157431000
b101 7
1(
#2157702000
0(
#2157973000
b110 7
1(
#2158244000
0(
#2158515000
b111 7
1(
#2158786000
0(
#2159057000
b1000 7
1(
#2159328000
0(
#2159599000
b1001 7
1(
#2159870000
0(
#2160141000
b1010 7
1(
#2160412000
0(
#2160683000
b1011 7
1(
#2160954000
0(
#2161225000
11
b0 7
1(
#2161496000
0(
#2161767000
b100 B
b1100 K
01
b1 7
1(
#2162038000
0(
#2162309000
b10 7
1(
#2162580000
0(
#2162851000
b11 7
1(
#2163122000
0(
#2163393000
b100 7
1(
#2163664000
0(
#2163935000
b101 7
1(
#2164206000
0(
#2164477000
b110 7
1(
#2164748000
0(
#2165019000
b111 7
1(
#2165290000
0(
#2165561000
b1000 7
1(
#2165832000
0(
#2166103000
b1001 7
1(
#2166374000
0(
#2166645000
b1010 7
1(
#2166916000
0(
#2167187000
b1011 7
1(
#2167458000
0(
#2167729000
11
b0 7
1(
#2168000000
0(
#2168271000
b101 B
b1101 K
01
b1 7
1(
#2168542000
0(
#2168813000
b10 7
1(
#2169084000
0(
#2169355000
b11 7
1(
#2169626000
0(
#2169897000
b100 7
1(
#2170168000
0(
#2170439000
b101 7
1(
#2170710000
0(
#2170981000
b110 7
1(
#2171252000
0(
#2171523000
b111 7
1(
#2171794000
0(
#2172065000
b1000 7
1(
#2172336000
0(
#2172607000
b1001 7
1(
#2172878000
0(
#2173149000
b1010 7
1(
#2173420000
0(
#2173691000
b1011 7
1(
#2173962000
0(
#2174233000
11
b0 7
1(
#2174504000
0(
#2174775000
b110 B
b1110 K
01
b1 7
1(
#2175046000
0(
#2175317000
b10 7
1(
#2175588000
0(
#2175859000
b11 7
1(
#2176130000
0(
#2176401000
b100 7
1(
#2176672000
0(
#2176943000
b101 7
1(
#2177214000
0(
#2177485000
b110 7
1(
#2177756000
0(
#2178027000
b111 7
1(
#2178298000
0(
#2178569000
b1000 7
1(
#2178840000
0(
#2179111000
b1001 7
1(
#2179382000
0(
#2179653000
b1010 7
1(
#2179924000
0(
#2180195000
b1011 7
1(
#2180466000
0(
#2180737000
11
b0 7
1(
#2181008000
0(
#2181279000
b111 B
b1111 K
01
b1 7
1(
#2181550000
0(
#2181821000
b10 7
1(
#2182092000
0(
#2182363000
b11 7
1(
#2182634000
0(
#2182905000
b100 7
1(
#2183176000
0(
#2183447000
b101 7
1(
#2183718000
0(
#2183989000
b110 7
1(
#2184260000
0(
#2184531000
b111 7
1(
#2184802000
0(
#2185073000
b1000 7
1(
#2185344000
0(
#2185615000
b1001 7
1(
#2185886000
0(
#2186157000
b1010 7
1(
#2186428000
0(
#2186699000
b1011 7
1(
#2186970000
0(
#2187241000
11
b0 7
1(
#2187512000
0(
#2187783000
b1000 B
b10 J
b0 H
b0 K
01
b1 7
1(
#2188054000
0(
#2188325000
b10 7
1(
#2188596000
0(
#2188867000
b11 7
1(
#2189138000
0(
#2189409000
b100 7
1(
#2189680000
0(
#2189951000
b101 7
1(
#2190222000
0(
#2190493000
b110 7
1(
#2190764000
0(
#2191035000
b111 7
1(
#2191306000
0(
#2191577000
b1000 7
1(
#2191848000
0(
#2192119000
b1001 7
1(
#2192390000
0(
#2192661000
b1010 7
1(
#2192932000
0(
#2193203000
b1011 7
1(
#2193474000
0(
#2193745000
11
b0 7
1(
#2194016000
0(
#2194287000
b1001 B
b1 K
01
b1 7
1(
#2194558000
0(
#2194829000
b10 7
1(
#2195100000
0(
#2195371000
b11 7
1(
#2195642000
0(
#2195913000
b100 7
1(
#2196184000
0(
#2196455000
b101 7
1(
#2196726000
0(
#2196997000
b110 7
1(
#2197268000
0(
#2197539000
b111 7
1(
#2197810000
0(
#2198081000
b1000 7
1(
#2198352000
0(
#2198623000
b1001 7
1(
#2198894000
0(
#2199165000
b1010 7
1(
#2199436000
0(
#2199707000
b1011 7
1(
#2199978000
0(
#2200249000
11
b0 7
1(
#2200520000
0(
#2200791000
b1010 B
b10 K
01
b1 7
1(
#2201062000
0(
#2201333000
b10 7
1(
#2201604000
0(
#2201875000
b11 7
1(
#2202146000
0(
#2202417000
b100 7
1(
#2202688000
0(
#2202959000
b101 7
1(
#2203230000
0(
#2203501000
b110 7
1(
#2203772000
0(
#2204043000
b111 7
1(
#2204314000
0(
#2204585000
b1000 7
1(
#2204856000
0(
#2205127000
b1001 7
1(
#2205398000
0(
#2205669000
b1010 7
1(
#2205940000
0(
#2206211000
b1011 7
1(
#2206482000
0(
#2206753000
11
b0 7
1(
#2207024000
0(
#2207295000
b1011 B
b11 K
01
b1 7
1(
#2207566000
0(
#2207837000
b10 7
1(
#2208108000
0(
#2208379000
b11 7
1(
#2208650000
0(
#2208921000
b100 7
1(
#2209192000
0(
#2209463000
b101 7
1(
#2209734000
0(
#2210005000
b110 7
1(
#2210276000
0(
#2210547000
b111 7
1(
#2210818000
0(
#2211089000
b1000 7
1(
#2211360000
0(
#2211631000
b1001 7
1(
#2211902000
0(
#2212173000
b1010 7
1(
#2212444000
0(
#2212715000
b1011 7
1(
#2212986000
0(
#2213257000
11
b0 7
1(
#2213528000
0(
#2213799000
b1100 B
b100 K
01
b1 7
1(
#2214070000
0(
#2214341000
b10 7
1(
#2214612000
0(
#2214883000
b11 7
1(
#2215154000
0(
#2215425000
b100 7
1(
#2215696000
0(
#2215967000
b101 7
1(
#2216238000
0(
#2216509000
b110 7
1(
#2216780000
0(
#2217051000
b111 7
1(
#2217322000
0(
#2217593000
b1000 7
1(
#2217864000
0(
#2218135000
b1001 7
1(
#2218406000
0(
#2218677000
b1010 7
1(
#2218948000
0(
#2219219000
b1011 7
1(
#2219490000
0(
#2219761000
11
b0 7
1(
#2220032000
0(
#2220303000
b1101 B
b101 K
01
b1 7
1(
#2220574000
0(
#2220845000
b10 7
1(
#2221116000
0(
#2221387000
b11 7
1(
#2221658000
0(
#2221929000
b100 7
1(
#2222200000
0(
#2222471000
b101 7
1(
#2222742000
0(
#2223013000
b110 7
1(
#2223284000
0(
#2223555000
b111 7
1(
#2223826000
0(
#2224097000
b1000 7
1(
#2224368000
0(
#2224639000
b1001 7
1(
#2224910000
0(
#2225181000
b1010 7
1(
#2225452000
0(
#2225723000
b1011 7
1(
#2225994000
0(
#2226265000
11
b0 7
1(
#2226536000
0(
#2226807000
b1110 B
b110 K
01
b1 7
1(
#2227078000
0(
#2227349000
b10 7
1(
#2227620000
0(
#2227891000
b11 7
1(
#2228162000
0(
#2228433000
b100 7
1(
#2228704000
0(
#2228975000
b101 7
1(
#2229246000
0(
#2229517000
b110 7
1(
#2229788000
0(
#2230059000
b111 7
1(
#2230330000
0(
#2230601000
b1000 7
1(
#2230872000
0(
#2231143000
b1001 7
1(
#2231414000
0(
#2231685000
b1010 7
1(
#2231956000
0(
#2232227000
b1011 7
1(
#2232498000
0(
#2232769000
11
b0 7
1(
#2233040000
0(
#2233311000
b1111 B
b111 K
01
b1 7
1(
#2233582000
0(
#2233853000
b10 7
1(
#2234124000
0(
#2234395000
b11 7
1(
#2234666000
0(
#2234937000
b100 7
1(
#2235208000
0(
#2235479000
b101 7
1(
#2235750000
0(
#2236021000
b110 7
1(
#2236292000
0(
#2236563000
b111 7
1(
#2236834000
0(
#2237105000
b1000 7
1(
#2237376000
0(
#2237647000
b1001 7
1(
#2237918000
0(
#2238189000
b1010 7
1(
#2238460000
0(
#2238731000
b1011 7
1(
#2239002000
0(
#2239273000
11
b0 7
1(
#2239544000
0(
#2239815000
b1 <
b0 B
b1000 K
01
b1 7
1(
#2240086000
0(
#2240357000
b10 7
1(
#2240628000
0(
#2240899000
b11 7
1(
#2241170000
0(
#2241441000
b100 7
1(
#2241712000
0(
#2241983000
b101 7
1(
#2242254000
0(
#2242525000
b110 7
1(
#2242796000
0(
#2243067000
b111 7
1(
#2243338000
0(
#2243609000
b1000 7
1(
#2243880000
0(
#2244151000
b1001 7
1(
#2244422000
0(
#2244693000
b1010 7
1(
#2244964000
0(
#2245235000
b1011 7
1(
#2245506000
0(
#2245777000
11
b0 7
1(
#2246048000
0(
#2246319000
b1 B
b1001 K
01
b1 7
1(
#2246590000
0(
#2246861000
b10 7
1(
#2247132000
0(
#2247403000
b11 7
1(
#2247674000
0(
#2247945000
b100 7
1(
#2248216000
0(
#2248487000
b101 7
1(
#2248758000
0(
#2249029000
b110 7
1(
#2249300000
0(
#2249571000
b111 7
1(
#2249842000
0(
#2250113000
b1000 7
1(
#2250384000
0(
#2250655000
b1001 7
1(
#2250926000
0(
#2251197000
b1010 7
1(
#2251468000
0(
#2251739000
b1011 7
1(
#2252010000
0(
#2252281000
11
b0 7
1(
#2252552000
0(
#2252823000
b10 B
b1010 K
01
b1 7
1(
#2253094000
0(
#2253365000
b10 7
1(
#2253636000
0(
#2253907000
b11 7
1(
#2254178000
0(
#2254449000
b100 7
1(
#2254720000
0(
#2254991000
b101 7
1(
#2255262000
0(
#2255533000
b110 7
1(
#2255804000
0(
#2256075000
b111 7
1(
#2256346000
0(
#2256617000
b1000 7
1(
#2256888000
0(
#2257159000
b1001 7
1(
#2257430000
0(
#2257701000
b1010 7
1(
#2257972000
0(
#2258243000
b1011 7
1(
#2258514000
0(
#2258785000
11
b0 7
1(
#2259056000
0(
#2259327000
b11 B
b1011 K
01
b1 7
1(
#2259598000
0(
#2259869000
b10 7
1(
#2260140000
0(
#2260411000
b11 7
1(
#2260682000
0(
#2260953000
b100 7
1(
#2261224000
0(
#2261495000
b101 7
1(
#2261766000
0(
#2262037000
b110 7
1(
#2262308000
0(
#2262579000
b111 7
1(
#2262850000
0(
#2263121000
b1000 7
1(
#2263392000
0(
#2263663000
b1001 7
1(
#2263934000
0(
#2264205000
b1010 7
1(
#2264476000
0(
#2264747000
b1011 7
1(
#2265018000
0(
#2265289000
11
b0 7
1(
#2265560000
0(
#2265831000
b100 B
b1100 K
01
b1 7
1(
#2266102000
0(
#2266373000
b10 7
1(
#2266644000
0(
#2266915000
b11 7
1(
#2267186000
0(
#2267457000
b100 7
1(
#2267728000
0(
#2267999000
b101 7
1(
#2268270000
0(
#2268541000
b110 7
1(
#2268812000
0(
#2269083000
b111 7
1(
#2269354000
0(
#2269625000
b1000 7
1(
#2269896000
0(
#2270167000
b1001 7
1(
#2270438000
0(
#2270709000
b1010 7
1(
#2270980000
0(
#2271251000
b1011 7
1(
#2271522000
0(
#2271793000
11
b0 7
1(
#2272064000
0(
#2272335000
b101 B
b1101 K
01
b1 7
1(
#2272606000
0(
#2272877000
b10 7
1(
#2273148000
0(
#2273419000
b11 7
1(
#2273690000
0(
#2273961000
b100 7
1(
#2274232000
0(
#2274503000
b101 7
1(
#2274774000
0(
#2275045000
b110 7
1(
#2275316000
0(
#2275587000
b111 7
1(
#2275858000
0(
#2276129000
b1000 7
1(
#2276400000
0(
#2276671000
b1001 7
1(
#2276942000
0(
#2277213000
b1010 7
1(
#2277484000
0(
#2277755000
b1011 7
1(
#2278026000
0(
#2278297000
11
b0 7
1(
#2278568000
0(
#2278839000
b110 B
b1110 K
01
b1 7
1(
#2279110000
0(
#2279381000
b10 7
1(
#2279652000
0(
#2279923000
b11 7
1(
#2280194000
0(
#2280465000
b100 7
1(
#2280736000
0(
#2281007000
b101 7
1(
#2281278000
0(
#2281549000
b110 7
1(
#2281820000
0(
#2282091000
b111 7
1(
#2282362000
0(
#2282633000
b1000 7
1(
#2282904000
0(
#2283175000
b1001 7
1(
#2283446000
0(
#2283717000
b1010 7
1(
#2283988000
0(
#2284259000
b1011 7
1(
#2284530000
0(
#2284801000
11
b0 7
1(
#2285072000
0(
#2285343000
b111 B
b1111 K
01
b1 7
1(
#2285614000
0(
#2285885000
b10 7
1(
#2286156000
0(
#2286427000
b11 7
1(
#2286698000
0(
#2286969000
b100 7
1(
#2287240000
0(
#2287511000
b101 7
1(
#2287782000
0(
#2288053000
b110 7
1(
#2288324000
0(
#2288595000
b111 7
1(
#2288866000
0(
#2289137000
b1000 7
1(
#2289408000
0(
#2289679000
b1001 7
1(
#2289950000
0(
#2290221000
b1010 7
1(
#2290492000
0(
#2290763000
b1011 7
1(
#2291034000
0(
#2291305000
11
b0 7
1(
#2291576000
0(
#2291847000
b1000 B
b1 H
b0 K
01
b1 7
1(
#2292118000
0(
#2292389000
b10 7
1(
#2292660000
0(
#2292931000
b11 7
1(
#2293202000
0(
#2293473000
b100 7
1(
#2293744000
0(
#2294015000
b101 7
1(
#2294286000
0(
#2294557000
b110 7
1(
#2294828000
0(
#2295099000
b111 7
1(
#2295370000
0(
#2295641000
b1000 7
1(
#2295912000
0(
#2296183000
b1001 7
1(
#2296454000
0(
#2296725000
b1010 7
1(
#2296996000
0(
#2297267000
b1011 7
1(
#2297538000
0(
#2297809000
11
b0 7
1(
#2298080000
0(
#2298351000
b1001 B
b1 K
01
b1 7
1(
#2298622000
0(
#2298893000
b10 7
1(
#2299164000
0(
#2299435000
b11 7
1(
#2299706000
0(
#2299977000
b100 7
1(
#2300248000
0(
#2300519000
b101 7
1(
#2300790000
0(
#2301061000
b110 7
1(
#2301332000
0(
#2301603000
b111 7
1(
#2301874000
0(
#2302145000
b1000 7
1(
#2302416000
0(
#2302687000
b1001 7
1(
#2302958000
0(
#2303229000
b1010 7
1(
#2303500000
0(
#2303771000
b1011 7
1(
#2304042000
0(
#2304313000
11
b0 7
1(
#2304584000
0(
#2304855000
b1010 B
b10 K
01
b1 7
1(
#2305126000
0(
#2305397000
b10 7
1(
#2305668000
0(
#2305939000
b11 7
1(
#2306210000
0(
#2306481000
b100 7
1(
#2306752000
0(
#2307023000
b101 7
1(
#2307294000
0(
#2307565000
b110 7
1(
#2307836000
0(
#2308107000
b111 7
1(
#2308378000
0(
#2308649000
b1000 7
1(
#2308920000
0(
#2309191000
b1001 7
1(
#2309462000
0(
#2309733000
b1010 7
1(
#2310004000
0(
#2310275000
b1011 7
1(
#2310546000
0(
#2310817000
11
b0 7
1(
#2311088000
0(
#2311359000
b1011 B
b11 K
01
b1 7
1(
#2311630000
0(
#2311901000
b10 7
1(
#2312172000
0(
#2312443000
b11 7
1(
#2312714000
0(
#2312985000
b100 7
1(
#2313256000
0(
#2313527000
b101 7
1(
#2313798000
0(
#2314069000
b110 7
1(
#2314340000
0(
#2314611000
b111 7
1(
#2314882000
0(
#2315153000
b1000 7
1(
#2315424000
0(
#2315695000
b1001 7
1(
#2315966000
0(
#2316237000
b1010 7
1(
#2316508000
0(
#2316779000
b1011 7
1(
#2317050000
0(
#2317321000
11
b0 7
1(
#2317592000
0(
#2317863000
b1100 B
b100 K
01
b1 7
1(
#2318134000
0(
#2318405000
b10 7
1(
#2318676000
0(
#2318947000
b11 7
1(
#2319218000
0(
#2319489000
b100 7
1(
#2319760000
0(
#2320031000
b101 7
1(
#2320302000
0(
#2320573000
b110 7
1(
#2320844000
0(
#2321115000
b111 7
1(
#2321386000
0(
#2321657000
b1000 7
1(
#2321928000
0(
#2322199000
b1001 7
1(
#2322470000
0(
#2322741000
b1010 7
1(
#2323012000
0(
#2323283000
b1011 7
1(
#2323554000
0(
#2323825000
11
b0 7
1(
#2324096000
0(
#2324367000
b1101 B
b101 K
01
b1 7
1(
#2324638000
0(
#2324909000
b10 7
1(
#2325180000
0(
#2325451000
b11 7
1(
#2325722000
0(
#2325993000
b100 7
1(
#2326264000
0(
#2326535000
b101 7
1(
#2326806000
0(
#2327077000
b110 7
1(
#2327348000
0(
#2327619000
b111 7
1(
#2327890000
0(
#2328161000
b1000 7
1(
#2328432000
0(
#2328703000
b1001 7
1(
#2328974000
0(
#2329245000
b1010 7
1(
#2329516000
0(
#2329787000
b1011 7
1(
#2330058000
0(
#2330329000
11
b0 7
1(
#2330600000
0(
#2330871000
b1110 B
b110 K
01
b1 7
1(
#2331142000
0(
#2331413000
b10 7
1(
#2331684000
0(
#2331955000
b11 7
1(
#2332226000
0(
#2332497000
b100 7
1(
#2332768000
0(
#2333039000
b101 7
1(
#2333310000
0(
#2333581000
b110 7
1(
#2333852000
0(
#2334123000
b111 7
1(
#2334394000
0(
#2334665000
b1000 7
1(
#2334936000
0(
#2335207000
b1001 7
1(
#2335478000
0(
#2335749000
b1010 7
1(
#2336020000
0(
#2336291000
b1011 7
1(
#2336562000
0(
#2336833000
11
b0 7
1(
#2337104000
0(
#2337375000
b1111 B
b111 K
01
b1 7
1(
#2337646000
0(
#2337917000
b10 7
1(
#2338188000
0(
#2338459000
b11 7
1(
#2338730000
0(
#2339001000
b100 7
1(
#2339272000
0(
#2339543000
b101 7
1(
#2339814000
0(
#2340085000
b110 7
1(
#2340356000
0(
#2340627000
b111 7
1(
#2340898000
0(
#2341169000
b1000 7
1(
#2341440000
0(
#2341711000
b1001 7
1(
#2341982000
0(
#2342253000
b1010 7
1(
#2342524000
0(
#2342795000
b1011 7
1(
#2343066000
0(
#2343337000
11
b0 7
1(
#2343608000
0(
#2343879000
b10 <
b1000000 @
b0 B
b1000 K
01
b1 7
1(
#2344150000
0(
#2344421000
b10 7
1(
#2344692000
0(
#2344963000
b11 7
1(
#2345234000
0(
#2345505000
b100 7
1(
#2345776000
0(
#2346047000
b101 7
1(
#2346318000
0(
#2346589000
b110 7
1(
#2346860000
0(
#2347131000
b111 7
1(
#2347402000
0(
#2347673000
b1000 7
1(
#2347944000
0(
#2348215000
b1001 7
1(
#2348486000
0(
#2348757000
b1010 7
1(
#2349028000
0(
#2349299000
b1011 7
1(
#2349570000
0(
#2349841000
11
b0 7
1(
#2350112000
0(
#2350383000
b1 B
b1001 K
01
b1 7
1(
#2350654000
0(
#2350925000
b10 7
1(
#2351196000
0(
#2351467000
b11 7
1(
#2351738000
0(
#2352009000
b100 7
1(
#2352280000
0(
#2352551000
b101 7
1(
#2352822000
0(
#2353093000
b110 7
1(
#2353364000
0(
#2353635000
b111 7
1(
#2353906000
0(
#2354177000
b1000 7
1(
#2354448000
0(
#2354719000
b1001 7
1(
#2354990000
0(
#2355261000
b1010 7
1(
#2355532000
0(
#2355803000
b1011 7
1(
#2356074000
0(
#2356345000
11
b0 7
1(
#2356616000
0(
#2356887000
b10 B
b1010 K
01
b1 7
1(
#2357158000
0(
#2357429000
b10 7
1(
#2357700000
0(
#2357971000
b11 7
1(
#2358242000
0(
#2358513000
b100 7
1(
#2358784000
0(
#2359055000
b101 7
1(
#2359326000
0(
#2359597000
b110 7
1(
#2359868000
0(
#2360139000
b111 7
1(
#2360410000
0(
#2360681000
b1000 7
1(
#2360952000
0(
#2361223000
b1001 7
1(
#2361494000
0(
#2361765000
b1010 7
1(
#2362036000
0(
#2362307000
b1011 7
1(
#2362578000
0(
#2362849000
11
b0 7
1(
#2363120000
0(
#2363391000
b11 B
b1011 K
01
b1 7
1(
#2363662000
0(
#2363933000
b10 7
1(
#2364204000
0(
#2364475000
b11 7
1(
#2364746000
0(
#2365017000
b100 7
1(
#2365288000
0(
#2365559000
b101 7
1(
#2365830000
0(
#2366101000
b110 7
1(
#2366372000
0(
#2366643000
b111 7
1(
#2366914000
0(
#2367185000
b1000 7
1(
#2367456000
0(
#2367727000
b1001 7
1(
#2367998000
0(
#2368269000
b1010 7
1(
#2368540000
0(
#2368811000
b1011 7
1(
#2369082000
0(
#2369353000
11
b0 7
1(
#2369624000
0(
#2369895000
b100 B
b1100 K
01
b1 7
1(
#2370166000
0(
#2370437000
b10 7
1(
#2370708000
0(
#2370979000
b11 7
1(
#2371250000
0(
#2371521000
b100 7
1(
#2371792000
0(
#2372063000
b101 7
1(
#2372334000
0(
#2372605000
b110 7
1(
#2372876000
0(
#2373147000
b111 7
1(
#2373418000
0(
#2373689000
b1000 7
1(
#2373960000
0(
#2374231000
b1001 7
1(
#2374502000
0(
#2374773000
b1010 7
1(
#2375044000
0(
#2375315000
b1011 7
1(
#2375586000
0(
#2375857000
11
b0 7
1(
#2376128000
0(
#2376399000
b101 B
b1101 K
01
b1 7
1(
#2376670000
0(
#2376941000
b10 7
1(
#2377212000
0(
#2377483000
b11 7
1(
#2377754000
0(
#2378025000
b100 7
1(
#2378296000
0(
#2378567000
b101 7
1(
#2378838000
0(
#2379109000
b110 7
1(
#2379380000
0(
#2379651000
b111 7
1(
#2379922000
0(
#2380193000
b1000 7
1(
#2380464000
0(
#2380735000
b1001 7
1(
#2381006000
0(
#2381277000
b1010 7
1(
#2381548000
0(
#2381819000
b1011 7
1(
#2382090000
0(
#2382361000
11
b0 7
1(
#2382632000
0(
#2382903000
b110 B
b1110 K
01
b1 7
1(
#2383174000
0(
#2383445000
b10 7
1(
#2383716000
0(
#2383987000
b11 7
1(
#2384258000
0(
#2384529000
b100 7
1(
#2384800000
0(
#2385071000
b101 7
1(
#2385342000
0(
#2385613000
b110 7
1(
#2385884000
0(
#2386155000
b111 7
1(
#2386426000
0(
#2386697000
b1000 7
1(
#2386968000
0(
#2387239000
b1001 7
1(
#2387510000
0(
#2387781000
b1010 7
1(
#2388052000
0(
#2388323000
b1011 7
1(
#2388594000
0(
#2388865000
11
b0 7
1(
#2389136000
0(
#2389407000
b111 B
b1111 K
01
b1 7
1(
#2389678000
0(
#2389949000
b10 7
1(
#2390220000
0(
#2390491000
b11 7
1(
#2390762000
0(
#2391033000
b100 7
1(
#2391304000
0(
#2391575000
b101 7
1(
#2391846000
0(
#2392117000
b110 7
1(
#2392388000
0(
#2392659000
b111 7
1(
#2392930000
0(
#2393201000
b1000 7
1(
#2393472000
0(
#2393743000
b1001 7
1(
#2394014000
0(
#2394285000
b1010 7
1(
#2394556000
0(
#2394827000
b1011 7
1(
#2395098000
0(
#2395369000
11
b0 7
1(
#2395640000
0(
#2395911000
b1000 B
b10 H
b0 K
01
b1 7
1(
#2396182000
0(
#2396453000
b10 7
1(
#2396724000
0(
#2396995000
b11 7
1(
#2397266000
0(
#2397537000
b100 7
1(
#2397808000
0(
#2398079000
b101 7
1(
#2398350000
0(
#2398621000
b110 7
1(
#2398892000
0(
#2399163000
b111 7
1(
#2399434000
0(
#2399705000
b1000 7
1(
#2399976000
0(
#2400247000
b1001 7
1(
#2400518000
0(
#2400789000
b1010 7
1(
#2401060000
0(
#2401331000
b1011 7
1(
#2401602000
0(
#2401873000
11
b0 7
1(
#2402144000
0(
#2402415000
b1001 B
b1 K
01
b1 7
1(
#2402686000
0(
#2402957000
b10 7
1(
#2403228000
0(
#2403499000
b11 7
1(
#2403770000
0(
#2404041000
b100 7
1(
#2404312000
0(
#2404583000
b101 7
1(
#2404854000
0(
#2405125000
b110 7
1(
#2405396000
0(
#2405667000
b111 7
1(
#2405938000
0(
#2406209000
b1000 7
1(
#2406480000
0(
#2406751000
b1001 7
1(
#2407022000
0(
#2407293000
b1010 7
1(
#2407564000
0(
#2407835000
b1011 7
1(
#2408106000
0(
#2408377000
11
b0 7
1(
#2408648000
0(
#2408919000
b1010 B
b10 K
01
b1 7
1(
#2409190000
0(
#2409461000
b10 7
1(
#2409732000
0(
#2410003000
b11 7
1(
#2410274000
0(
#2410545000
b100 7
1(
#2410816000
0(
#2411087000
b101 7
1(
#2411358000
0(
#2411629000
b110 7
1(
#2411900000
0(
#2412171000
b111 7
1(
#2412442000
0(
#2412713000
b1000 7
1(
#2412984000
0(
#2413255000
b1001 7
1(
#2413526000
0(
#2413797000
b1010 7
1(
#2414068000
0(
#2414339000
b1011 7
1(
#2414610000
0(
#2414881000
11
b0 7
1(
#2415152000
0(
#2415423000
b1011 B
b11 K
01
b1 7
1(
#2415694000
0(
#2415965000
b10 7
1(
#2416236000
0(
#2416507000
b11 7
1(
#2416778000
0(
#2417049000
b100 7
1(
#2417320000
0(
#2417591000
b101 7
1(
#2417862000
0(
#2418133000
b110 7
1(
#2418404000
0(
#2418675000
b111 7
1(
#2418946000
0(
#2419217000
b1000 7
1(
#2419488000
0(
#2419759000
b1001 7
1(
#2420030000
0(
#2420301000
b1010 7
1(
#2420572000
0(
#2420843000
b1011 7
1(
#2421114000
0(
#2421385000
11
b0 7
1(
#2421656000
0(
#2421927000
b1100 B
b100 K
01
b1 7
1(
#2422198000
0(
#2422469000
b10 7
1(
#2422740000
0(
#2423011000
b11 7
1(
#2423282000
0(
#2423553000
b100 7
1(
#2423824000
0(
#2424095000
b101 7
1(
#2424366000
0(
#2424637000
b110 7
1(
#2424908000
0(
#2425179000
b111 7
1(
#2425450000
0(
#2425721000
b1000 7
1(
#2425992000
0(
#2426263000
b1001 7
1(
#2426534000
0(
#2426805000
b1010 7
1(
#2427076000
0(
#2427347000
b1011 7
1(
#2427618000
0(
#2427889000
11
b0 7
1(
#2428160000
0(
#2428431000
b1101 B
b101 K
01
b1 7
1(
#2428702000
0(
#2428973000
b10 7
1(
#2429244000
0(
#2429515000
b11 7
1(
#2429786000
0(
#2430057000
b100 7
1(
#2430328000
0(
#2430599000
b101 7
1(
#2430870000
0(
#2431141000
b110 7
1(
#2431412000
0(
#2431683000
b111 7
1(
#2431954000
0(
#2432225000
b1000 7
1(
#2432496000
0(
#2432767000
b1001 7
1(
#2433038000
0(
#2433309000
b1010 7
1(
#2433580000
0(
#2433851000
b1011 7
1(
#2434122000
0(
#2434393000
11
b0 7
1(
#2434664000
0(
#2434935000
b1110 B
b110 K
01
b1 7
1(
#2435206000
0(
#2435477000
b10 7
1(
#2435748000
0(
#2436019000
b11 7
1(
#2436290000
0(
#2436561000
b100 7
1(
#2436832000
0(
#2437103000
b101 7
1(
#2437374000
0(
#2437645000
b110 7
1(
#2437916000
0(
#2438187000
b111 7
1(
#2438458000
0(
#2438729000
b1000 7
1(
#2439000000
0(
#2439271000
b1001 7
1(
#2439542000
0(
#2439813000
b1010 7
1(
#2440084000
0(
#2440355000
b1011 7
1(
#2440626000
0(
#2440897000
11
b0 7
1(
#2441168000
0(
#2441439000
b1111 B
b111 K
01
b1 7
1(
#2441710000
0(
#2441981000
b10 7
1(
#2442252000
0(
#2442523000
b11 7
1(
#2442794000
0(
#2443065000
b100 7
1(
#2443336000
0(
#2443607000
b101 7
1(
#2443878000
0(
#2444149000
b110 7
1(
#2444420000
0(
#2444691000
b111 7
1(
#2444962000
0(
#2445233000
b1000 7
1(
#2445504000
0(
#2445775000
b1001 7
1(
#2446046000
0(
#2446317000
b1010 7
1(
#2446588000
0(
#2446859000
b1011 7
1(
#2447130000
0(
#2447401000
11
b0 7
1(
#2447672000
0(
#2447943000
b11 <
b0 B
b1000 K
01
b1 7
1(
#2448214000
0(
#2448485000
b10 7
1(
#2448756000
0(
#2449027000
b11 7
1(
#2449298000
0(
#2449569000
b100 7
1(
#2449840000
0(
#2450111000
b101 7
1(
#2450382000
0(
#2450653000
b110 7
1(
#2450924000
0(
#2451195000
b111 7
1(
#2451466000
0(
#2451737000
b1000 7
1(
#2452008000
0(
#2452279000
b1001 7
1(
#2452550000
0(
#2452821000
b1010 7
1(
#2453092000
0(
#2453363000
b1011 7
1(
#2453634000
0(
#2453905000
11
b0 7
1(
#2454176000
0(
#2454447000
b1 B
b1001 K
01
b1 7
1(
#2454718000
0(
#2454989000
b10 7
1(
#2455260000
0(
#2455531000
b11 7
1(
#2455802000
0(
#2456073000
b100 7
1(
#2456344000
0(
#2456615000
b101 7
1(
#2456886000
0(
#2457157000
b110 7
1(
#2457428000
0(
#2457699000
b111 7
1(
#2457970000
0(
#2458241000
b1000 7
1(
#2458512000
0(
#2458783000
b1001 7
1(
#2459054000
0(
#2459325000
b1010 7
1(
#2459596000
0(
#2459867000
b1011 7
1(
#2460138000
0(
#2460409000
11
b0 7
1(
#2460680000
0(
#2460951000
b10 B
b1010 K
01
b1 7
1(
#2461222000
0(
#2461493000
b10 7
1(
#2461764000
0(
#2462035000
b11 7
1(
#2462306000
0(
#2462577000
b100 7
1(
#2462848000
0(
#2463119000
b101 7
1(
#2463390000
0(
#2463661000
b110 7
1(
#2463932000
0(
#2464203000
b111 7
1(
#2464474000
0(
#2464745000
b1000 7
1(
#2465016000
0(
#2465287000
b1001 7
1(
#2465558000
0(
#2465829000
b1010 7
1(
#2466100000
0(
#2466371000
b1011 7
1(
#2466642000
0(
#2466913000
11
b0 7
1(
#2467184000
0(
#2467455000
b11 B
b1011 K
01
b1 7
1(
#2467726000
0(
#2467997000
b10 7
1(
#2468268000
0(
#2468539000
b11 7
1(
#2468810000
0(
#2469081000
b100 7
1(
#2469352000
0(
#2469623000
b101 7
1(
#2469894000
0(
#2470165000
b110 7
1(
#2470436000
0(
#2470707000
b111 7
1(
#2470978000
0(
#2471249000
b1000 7
1(
#2471520000
0(
#2471791000
b1001 7
1(
#2472062000
0(
#2472333000
b1010 7
1(
#2472604000
0(
#2472875000
b1011 7
1(
#2473146000
0(
#2473417000
11
b0 7
1(
#2473688000
0(
#2473959000
b100 B
b1100 K
01
b1 7
1(
#2474230000
0(
#2474501000
b10 7
1(
#2474772000
0(
#2475043000
b11 7
1(
#2475314000
0(
#2475585000
b100 7
1(
#2475856000
0(
#2476127000
b101 7
1(
#2476398000
0(
#2476669000
b110 7
1(
#2476940000
0(
#2477211000
b111 7
1(
#2477482000
0(
#2477753000
b1000 7
1(
#2478024000
0(
#2478295000
b1001 7
1(
#2478566000
0(
#2478837000
b1010 7
1(
#2479108000
0(
#2479379000
b1011 7
1(
#2479650000
0(
#2479921000
11
b0 7
1(
#2480192000
0(
#2480463000
b101 B
b1101 K
01
b1 7
1(
#2480734000
0(
#2481005000
b10 7
1(
#2481276000
0(
#2481547000
b11 7
1(
#2481818000
0(
#2482089000
b100 7
1(
#2482360000
0(
#2482631000
b101 7
1(
#2482902000
0(
#2483173000
b110 7
1(
#2483444000
0(
#2483715000
b111 7
1(
#2483986000
0(
#2484257000
b1000 7
1(
#2484528000
0(
#2484799000
b1001 7
1(
#2485070000
0(
#2485341000
b1010 7
1(
#2485612000
0(
#2485883000
b1011 7
1(
#2486154000
0(
#2486425000
11
b0 7
1(
#2486696000
0(
#2486967000
b110 B
b1110 K
01
b1 7
1(
#2487238000
0(
#2487509000
b10 7
1(
#2487780000
0(
#2488051000
b11 7
1(
#2488322000
0(
#2488593000
b100 7
1(
#2488864000
0(
#2489135000
b101 7
1(
#2489406000
0(
#2489677000
b110 7
1(
#2489948000
0(
#2490219000
b111 7
1(
#2490490000
0(
#2490761000
b1000 7
1(
#2491032000
0(
#2491303000
b1001 7
1(
#2491574000
0(
#2491845000
b1010 7
1(
#2492116000
0(
#2492387000
b1011 7
1(
#2492658000
0(
#2492929000
11
b0 7
1(
#2493200000
0(
#2493471000
b111 B
b1111 K
01
b1 7
1(
#2493742000
0(
#2494013000
b10 7
1(
#2494284000
0(
#2494555000
b11 7
1(
#2494826000
0(
#2495097000
b100 7
1(
#2495368000
0(
#2495639000
b101 7
1(
#2495910000
0(
#2496181000
b110 7
1(
#2496452000
0(
#2496723000
b111 7
1(
#2496994000
0(
#2497265000
b1000 7
1(
#2497536000
0(
#2497807000
b1001 7
1(
#2498078000
0(
#2498349000
b1010 7
1(
#2498620000
0(
#2498891000
b1011 7
1(
#2499162000
0(
#2499433000
11
b0 7
1(
#2499704000
0(
#2499975000
b1000 B
b11 H
b0 K
01
b1 7
1(
#2500246000
0(
#2500517000
b10 7
1(
#2500788000
0(
#2501059000
b11 7
1(
#2501330000
0(
#2501601000
b100 7
1(
#2501872000
0(
#2502143000
b101 7
1(
#2502414000
0(
#2502685000
b110 7
1(
#2502956000
0(
#2503227000
b111 7
1(
#2503498000
0(
#2503769000
b1000 7
1(
#2504040000
0(
#2504311000
b1001 7
1(
#2504582000
0(
#2504853000
b1010 7
1(
#2505124000
0(
#2505395000
b1011 7
1(
#2505666000
0(
#2505937000
11
b0 7
1(
#2506208000
0(
#2506479000
b1001 B
b1 K
01
b1 7
1(
#2506750000
0(
#2507021000
b10 7
1(
#2507292000
0(
#2507563000
b11 7
1(
#2507834000
0(
#2508105000
b100 7
1(
#2508376000
0(
#2508647000
b101 7
1(
#2508918000
0(
#2509189000
b110 7
1(
#2509460000
0(
#2509731000
b111 7
1(
#2510002000
0(
#2510273000
b1000 7
1(
#2510544000
0(
#2510815000
b1001 7
1(
#2511086000
0(
#2511357000
b1010 7
1(
#2511628000
0(
#2511899000
b1011 7
1(
#2512170000
0(
#2512441000
11
b0 7
1(
#2512712000
0(
#2512983000
b1010 B
b10 K
01
b1 7
1(
#2513254000
0(
#2513525000
b10 7
1(
#2513796000
0(
#2514067000
b11 7
1(
#2514338000
0(
#2514609000
b100 7
1(
#2514880000
0(
#2515151000
b101 7
1(
#2515422000
0(
#2515693000
b110 7
1(
#2515964000
0(
#2516235000
b111 7
1(
#2516506000
0(
#2516777000
b1000 7
1(
#2517048000
0(
#2517319000
b1001 7
1(
#2517590000
0(
#2517861000
b1010 7
1(
#2518132000
0(
#2518403000
b1011 7
1(
#2518674000
0(
#2518945000
11
b0 7
1(
#2519216000
0(
#2519487000
b1011 B
b11 K
01
b1 7
1(
#2519758000
0(
#2520029000
b10 7
1(
#2520300000
0(
#2520571000
b11 7
1(
#2520842000
0(
#2521113000
b100 7
1(
#2521384000
0(
#2521655000
b101 7
1(
#2521926000
0(
#2522197000
b110 7
1(
#2522468000
0(
#2522739000
b111 7
1(
#2523010000
0(
#2523281000
b1000 7
1(
#2523552000
0(
#2523823000
b1001 7
1(
#2524094000
0(
#2524365000
b1010 7
1(
#2524636000
0(
#2524907000
b1011 7
1(
#2525178000
0(
#2525449000
11
b0 7
1(
#2525720000
0(
#2525991000
b1100 B
b100 K
01
b1 7
1(
#2526262000
0(
#2526533000
b10 7
1(
#2526804000
0(
#2527075000
b11 7
1(
#2527346000
0(
#2527617000
b100 7
1(
#2527888000
0(
#2528159000
b101 7
1(
#2528430000
0(
#2528701000
b110 7
1(
#2528972000
0(
#2529243000
b111 7
1(
#2529514000
0(
#2529785000
b1000 7
1(
#2530056000
0(
#2530327000
b1001 7
1(
#2530598000
0(
#2530869000
b1010 7
1(
#2531140000
0(
#2531411000
b1011 7
1(
#2531682000
0(
#2531953000
11
b0 7
1(
#2532224000
0(
#2532495000
b1101 B
b101 K
01
b1 7
1(
#2532766000
0(
#2533037000
b10 7
1(
#2533308000
0(
#2533579000
b11 7
1(
#2533850000
0(
#2534121000
b100 7
1(
#2534392000
0(
#2534663000
b101 7
1(
#2534934000
0(
#2535205000
b110 7
1(
#2535476000
0(
#2535747000
b111 7
1(
#2536018000
0(
#2536289000
b1000 7
1(
#2536560000
0(
#2536831000
b1001 7
1(
#2537102000
0(
#2537373000
b1010 7
1(
#2537644000
0(
#2537915000
b1011 7
1(
#2538186000
0(
#2538457000
11
b0 7
1(
#2538728000
0(
#2538999000
b1110 B
b110 K
01
b1 7
1(
#2539270000
0(
#2539541000
b10 7
1(
#2539812000
0(
#2540083000
b11 7
1(
#2540354000
0(
#2540625000
b100 7
1(
#2540896000
0(
#2541167000
b101 7
1(
#2541438000
0(
#2541709000
b110 7
1(
#2541980000
0(
#2542251000
b111 7
1(
#2542522000
0(
#2542793000
b1000 7
1(
#2543064000
0(
#2543335000
b1001 7
1(
#2543606000
0(
#2543877000
b1010 7
1(
#2544148000
0(
#2544419000
b1011 7
1(
#2544690000
0(
#2544961000
11
b0 7
1(
#2545232000
0(
#2545503000
b1111 B
b111 K
01
b1 7
1(
#2545774000
0(
#2546045000
b10 7
1(
#2546316000
0(
#2546587000
b11 7
1(
#2546858000
0(
#2547129000
b100 7
1(
#2547400000
0(
#2547671000
b101 7
1(
#2547942000
0(
#2548213000
b110 7
1(
#2548484000
0(
#2548755000
b111 7
1(
#2549026000
0(
#2549297000
b1000 7
1(
#2549568000
0(
#2549839000
b1001 7
1(
#2550110000
0(
#2550381000
b1010 7
1(
#2550652000
0(
#2550923000
b1011 7
1(
#2551194000
0(
#2551465000
11
b0 7
1(
#2551736000
0(
#2552007000
b100 <
b0 B
b1000 K
01
b1 7
1(
#2552278000
0(
#2552549000
b10 7
1(
#2552820000
0(
#2553091000
b11 7
1(
#2553362000
0(
#2553633000
b100 7
1(
#2553904000
0(
#2554175000
b101 7
1(
#2554446000
0(
#2554717000
b110 7
1(
#2554988000
0(
#2555259000
b111 7
1(
#2555530000
0(
#2555801000
b1000 7
1(
#2556072000
0(
#2556343000
b1001 7
1(
#2556614000
0(
#2556885000
b1010 7
1(
#2557156000
0(
#2557427000
b1011 7
1(
#2557698000
0(
#2557969000
11
b0 7
1(
#2558240000
0(
#2558511000
b1 B
b1001 K
01
b1 7
1(
#2558782000
0(
#2559053000
b10 7
1(
#2559324000
0(
#2559595000
b11 7
1(
#2559866000
0(
#2560137000
b100 7
1(
#2560408000
0(
#2560679000
b101 7
1(
#2560950000
0(
#2561221000
b110 7
1(
#2561492000
0(
#2561763000
b111 7
1(
#2562034000
0(
#2562305000
b1000 7
1(
#2562576000
0(
#2562847000
b1001 7
1(
#2563118000
0(
#2563389000
b1010 7
1(
#2563660000
0(
#2563931000
b1011 7
1(
#2564202000
0(
#2564473000
11
b0 7
1(
#2564744000
0(
#2565015000
b10 B
b1010 K
01
b1 7
1(
#2565286000
0(
#2565557000
b10 7
1(
#2565828000
0(
#2566099000
b11 7
1(
#2566370000
0(
#2566641000
b100 7
1(
#2566912000
0(
#2567183000
b101 7
1(
#2567454000
0(
#2567725000
b110 7
1(
#2567996000
0(
#2568267000
b111 7
1(
#2568538000
0(
#2568809000
b1000 7
1(
#2569080000
0(
#2569351000
b1001 7
1(
#2569622000
0(
#2569893000
b1010 7
1(
#2570164000
0(
#2570435000
b1011 7
1(
#2570706000
0(
#2570977000
11
b0 7
1(
#2571248000
0(
#2571519000
b11 B
b1011 K
01
b1 7
1(
#2571790000
0(
#2572061000
b10 7
1(
#2572332000
0(
#2572603000
b11 7
1(
#2572874000
0(
#2573145000
b100 7
1(
#2573416000
0(
#2573687000
b101 7
1(
#2573958000
0(
#2574229000
b110 7
1(
#2574500000
0(
#2574771000
b111 7
1(
#2575042000
0(
#2575313000
b1000 7
1(
#2575584000
0(
#2575855000
b1001 7
1(
#2576126000
0(
#2576397000
b1010 7
1(
#2576668000
0(
#2576939000
b1011 7
1(
#2577210000
0(
#2577481000
11
b0 7
1(
#2577752000
0(
#2578023000
b100 B
b1100 K
01
b1 7
1(
#2578294000
0(
#2578565000
b10 7
1(
#2578836000
0(
#2579107000
b11 7
1(
#2579378000
0(
#2579649000
b100 7
1(
#2579920000
0(
#2580191000
b101 7
1(
#2580462000
0(
#2580733000
b110 7
1(
#2581004000
0(
#2581275000
b111 7
1(
#2581546000
0(
#2581817000
b1000 7
1(
#2582088000
0(
#2582359000
b1001 7
1(
#2582630000
0(
#2582901000
b1010 7
1(
#2583172000
0(
#2583443000
b1011 7
1(
#2583714000
0(
#2583985000
11
b0 7
1(
#2584256000
0(
#2584527000
b101 B
b1101 K
01
b1 7
1(
#2584798000
0(
#2585069000
b10 7
1(
#2585340000
0(
#2585611000
b11 7
1(
#2585882000
0(
#2586153000
b100 7
1(
#2586424000
0(
#2586695000
b101 7
1(
#2586966000
0(
#2587237000
b110 7
1(
#2587508000
0(
#2587779000
b111 7
1(
#2588050000
0(
#2588321000
b1000 7
1(
#2588592000
0(
#2588863000
b1001 7
1(
#2589134000
0(
#2589405000
b1010 7
1(
#2589676000
0(
#2589947000
b1011 7
1(
#2590218000
0(
#2590489000
11
b0 7
1(
#2590760000
0(
#2591031000
b110 B
b1110 K
01
b1 7
1(
#2591302000
0(
#2591573000
b10 7
1(
#2591844000
0(
#2592115000
b11 7
1(
#2592386000
0(
#2592657000
b100 7
1(
#2592928000
0(
#2593199000
b101 7
1(
#2593470000
0(
#2593741000
b110 7
1(
#2594012000
0(
#2594283000
b111 7
1(
#2594554000
0(
#2594825000
b1000 7
1(
#2595096000
0(
#2595367000
b1001 7
1(
#2595638000
0(
#2595909000
b1010 7
1(
#2596180000
0(
#2596451000
b1011 7
1(
#2596722000
0(
#2596993000
11
b0 7
1(
#2597264000
0(
#2597535000
b111 B
b1111 K
01
b1 7
1(
#2597806000
0(
#2598077000
b10 7
1(
#2598348000
0(
#2598619000
b11 7
1(
#2598890000
0(
#2599161000
b100 7
1(
#2599432000
0(
#2599703000
b101 7
1(
#2599974000
0(
#2600245000
b110 7
1(
#2600516000
0(
#2600787000
b111 7
1(
#2601058000
0(
#2601329000
b1000 7
1(
#2601600000
0(
#2601871000
b1001 7
1(
#2602142000
0(
#2602413000
b1010 7
1(
#2602684000
0(
#2602955000
b1011 7
1(
#2603226000
0(
#2603497000
11
b0 7
1(
#2603768000
0(
#2604039000
b1000 B
b100 H
b0 K
01
b1 7
1(
#2604310000
0(
#2604581000
b10 7
1(
#2604852000
0(
#2605123000
b11 7
1(
#2605394000
0(
#2605665000
b100 7
1(
#2605936000
0(
#2606207000
b101 7
1(
#2606478000
0(
#2606749000
b110 7
1(
#2607020000
0(
#2607291000
b111 7
1(
#2607562000
0(
#2607833000
b1000 7
1(
#2608104000
0(
#2608375000
b1001 7
1(
#2608646000
0(
#2608917000
b1010 7
1(
#2609188000
0(
#2609459000
b1011 7
1(
#2609730000
0(
#2610001000
11
b0 7
1(
#2610272000
0(
#2610543000
b1001 B
b1 K
01
b1 7
1(
#2610814000
0(
#2611085000
b10 7
1(
#2611356000
0(
#2611627000
b11 7
1(
#2611898000
0(
#2612169000
b100 7
1(
#2612440000
0(
#2612711000
b101 7
1(
#2612982000
0(
#2613253000
b110 7
1(
#2613524000
0(
#2613795000
b111 7
1(
#2614066000
0(
#2614337000
b1000 7
1(
#2614608000
0(
#2614879000
b1001 7
1(
#2615150000
0(
#2615421000
b1010 7
1(
#2615692000
0(
#2615963000
b1011 7
1(
#2616234000
0(
#2616505000
11
b0 7
1(
#2616776000
0(
#2617047000
b1010 B
b10 K
01
b1 7
1(
#2617318000
0(
#2617589000
b10 7
1(
#2617860000
0(
#2618131000
b11 7
1(
#2618402000
0(
#2618673000
b100 7
1(
#2618944000
0(
#2619215000
b101 7
1(
#2619486000
0(
#2619757000
b110 7
1(
#2620028000
0(
#2620299000
b111 7
1(
#2620570000
0(
#2620841000
b1000 7
1(
#2621112000
0(
#2621383000
b1001 7
1(
#2621654000
0(
#2621925000
b1010 7
1(
#2622196000
0(
#2622467000
b1011 7
1(
#2622738000
0(
#2623009000
11
b0 7
1(
#2623280000
0(
#2623551000
b1011 B
b11 K
01
b1 7
1(
#2623822000
0(
#2624093000
b10 7
1(
#2624364000
0(
#2624635000
b11 7
1(
#2624906000
0(
#2625177000
b100 7
1(
#2625448000
0(
#2625719000
b101 7
1(
#2625990000
0(
#2626261000
b110 7
1(
#2626532000
0(
#2626803000
b111 7
1(
#2627074000
0(
#2627345000
b1000 7
1(
#2627616000
0(
#2627887000
b1001 7
1(
#2628158000
0(
#2628429000
b1010 7
1(
#2628700000
0(
#2628971000
b1011 7
1(
#2629242000
0(
#2629513000
11
b0 7
1(
#2629784000
0(
#2630055000
b1100 B
b100 K
01
b1 7
1(
#2630326000
0(
#2630597000
b10 7
1(
#2630868000
0(
#2631139000
b11 7
1(
#2631410000
0(
#2631681000
b100 7
1(
#2631952000
0(
#2632223000
b101 7
1(
#2632494000
0(
#2632765000
b110 7
1(
#2633036000
0(
#2633307000
b111 7
1(
#2633578000
0(
#2633849000
b1000 7
1(
#2634120000
0(
#2634391000
b1001 7
1(
#2634662000
0(
#2634933000
b1010 7
1(
#2635204000
0(
#2635475000
b1011 7
1(
#2635746000
0(
#2636017000
11
b0 7
1(
#2636288000
0(
#2636559000
b1101 B
b101 K
01
b1 7
1(
#2636830000
0(
#2637101000
b10 7
1(
#2637372000
0(
#2637643000
b11 7
1(
#2637914000
0(
#2638185000
b100 7
1(
#2638456000
0(
#2638727000
b101 7
1(
#2638998000
0(
#2639269000
b110 7
1(
#2639540000
0(
#2639811000
b111 7
1(
#2640082000
0(
#2640353000
b1000 7
1(
#2640624000
0(
#2640895000
b1001 7
1(
#2641166000
0(
#2641437000
b1010 7
1(
#2641708000
0(
#2641979000
b1011 7
1(
#2642250000
0(
#2642521000
11
b0 7
1(
#2642792000
0(
#2643063000
b1110 B
b110 K
01
b1 7
1(
#2643334000
0(
#2643605000
b10 7
1(
#2643876000
0(
#2644147000
b11 7
1(
#2644418000
0(
#2644689000
b100 7
1(
#2644960000
0(
#2645231000
b101 7
1(
#2645502000
0(
#2645773000
b110 7
1(
#2646044000
0(
#2646315000
b111 7
1(
#2646586000
0(
#2646857000
b1000 7
1(
#2647128000
0(
#2647399000
b1001 7
1(
#2647670000
0(
#2647941000
b1010 7
1(
#2648212000
0(
#2648483000
b1011 7
1(
#2648754000
0(
#2649025000
11
b0 7
1(
#2649296000
0(
#2649567000
b1111 B
b111 K
01
b1 7
1(
#2649838000
0(
#2650109000
b10 7
1(
#2650380000
0(
#2650651000
b11 7
1(
#2650922000
0(
#2651193000
b100 7
1(
#2651464000
0(
#2651735000
b101 7
1(
#2652006000
0(
#2652277000
b110 7
1(
#2652548000
0(
#2652819000
b111 7
1(
#2653090000
0(
#2653361000
b1000 7
1(
#2653632000
0(
#2653903000
b1001 7
1(
#2654174000
0(
#2654445000
b1010 7
1(
#2654716000
0(
#2654987000
b1011 7
1(
#2655258000
0(
#2655529000
11
b0 7
1(
#2655800000
0(
#2656071000
b101 <
b0 B
b1000 K
01
b1 7
1(
#2656342000
0(
#2656613000
b10 7
1(
#2656884000
0(
#2657155000
b11 7
1(
#2657426000
0(
#2657697000
b100 7
1(
#2657968000
0(
#2658239000
b101 7
1(
#2658510000
0(
#2658781000
b110 7
1(
#2659052000
0(
#2659323000
b111 7
1(
#2659594000
0(
#2659865000
b1000 7
1(
#2660136000
0(
#2660407000
b1001 7
1(
#2660678000
0(
#2660949000
b1010 7
1(
#2661220000
0(
#2661491000
b1011 7
1(
#2661762000
0(
#2662033000
11
b0 7
1(
#2662304000
0(
#2662575000
b1 B
b1001 K
01
b1 7
1(
#2662846000
0(
#2663117000
b10 7
1(
#2663388000
0(
#2663659000
b11 7
1(
#2663930000
0(
#2664201000
b100 7
1(
#2664472000
0(
#2664743000
b101 7
1(
#2665014000
0(
#2665285000
b110 7
1(
#2665556000
0(
#2665827000
b111 7
1(
#2666098000
0(
#2666369000
b1000 7
1(
#2666640000
0(
#2666911000
b1001 7
1(
#2667182000
0(
#2667453000
b1010 7
1(
#2667724000
0(
#2667995000
b1011 7
1(
#2668266000
0(
#2668537000
11
b0 7
1(
#2668808000
0(
#2669079000
b10 B
b1010 K
01
b1 7
1(
#2669350000
0(
#2669621000
b10 7
1(
#2669892000
0(
#2670163000
b11 7
1(
#2670434000
0(
#2670705000
b100 7
1(
#2670976000
0(
#2671247000
b101 7
1(
#2671518000
0(
#2671789000
b110 7
1(
#2672060000
0(
#2672331000
b111 7
1(
#2672602000
0(
#2672873000
b1000 7
1(
#2673144000
0(
#2673415000
b1001 7
1(
#2673686000
0(
#2673957000
b1010 7
1(
#2674228000
0(
#2674499000
b1011 7
1(
#2674770000
0(
#2675041000
11
b0 7
1(
#2675312000
0(
#2675583000
b11 B
b1011 K
01
b1 7
1(
#2675854000
0(
#2676125000
b10 7
1(
#2676396000
0(
#2676667000
b11 7
1(
#2676938000
0(
#2677209000
b100 7
1(
#2677480000
0(
#2677751000
b101 7
1(
#2678022000
0(
#2678293000
b110 7
1(
#2678564000
0(
#2678835000
b111 7
1(
#2679106000
0(
#2679377000
b1000 7
1(
#2679648000
0(
#2679919000
b1001 7
1(
#2680190000
0(
#2680461000
b1010 7
1(
#2680732000
0(
#2681003000
b1011 7
1(
#2681274000
0(
#2681545000
11
b0 7
1(
#2681816000
0(
#2682087000
b100 B
b1100 K
01
b1 7
1(
#2682358000
0(
#2682629000
b10 7
1(
#2682900000
0(
#2683171000
b11 7
1(
#2683442000
0(
#2683713000
b100 7
1(
#2683984000
0(
#2684255000
b101 7
1(
#2684526000
0(
#2684797000
b110 7
1(
#2685068000
0(
#2685339000
b111 7
1(
#2685610000
0(
#2685881000
b1000 7
1(
#2686152000
0(
#2686423000
b1001 7
1(
#2686694000
0(
#2686965000
b1010 7
1(
#2687236000
0(
#2687507000
b1011 7
1(
#2687778000
0(
#2688049000
11
b0 7
1(
#2688320000
0(
#2688591000
b101 B
b1101 K
01
b1 7
1(
#2688862000
0(
#2689133000
b10 7
1(
#2689404000
0(
#2689675000
b11 7
1(
#2689946000
0(
#2690217000
b100 7
1(
#2690488000
0(
#2690759000
b101 7
1(
#2691030000
0(
#2691301000
b110 7
1(
#2691572000
0(
#2691843000
b111 7
1(
#2692114000
0(
#2692385000
b1000 7
1(
#2692656000
0(
#2692927000
b1001 7
1(
#2693198000
0(
#2693469000
b1010 7
1(
#2693740000
0(
#2694011000
b1011 7
1(
#2694282000
0(
#2694553000
11
b0 7
1(
#2694824000
0(
#2695095000
b110 B
b1110 K
01
b1 7
1(
#2695366000
0(
#2695637000
b10 7
1(
#2695908000
0(
#2696179000
b11 7
1(
#2696450000
0(
#2696721000
b100 7
1(
#2696992000
0(
#2697263000
b101 7
1(
#2697534000
0(
#2697805000
b110 7
1(
#2698076000
0(
#2698347000
b111 7
1(
#2698618000
0(
#2698889000
b1000 7
1(
#2699160000
0(
#2699431000
b1001 7
1(
#2699702000
0(
#2699973000
b1010 7
1(
#2700244000
0(
#2700515000
b1011 7
1(
#2700786000
0(
#2701057000
11
b0 7
1(
#2701328000
0(
#2701599000
b111 B
b1111 K
01
b1 7
1(
#2701870000
0(
#2702141000
b10 7
1(
#2702412000
0(
#2702683000
b11 7
1(
#2702954000
0(
#2703225000
b100 7
1(
#2703496000
0(
#2703767000
b101 7
1(
#2704038000
0(
#2704309000
b110 7
1(
#2704580000
0(
#2704851000
b111 7
1(
#2705122000
0(
#2705393000
b1000 7
1(
#2705664000
0(
#2705935000
b1001 7
1(
#2706206000
0(
#2706477000
b1010 7
1(
#2706748000
0(
#2707019000
b1011 7
1(
#2707290000
0(
#2707561000
11
b0 7
1(
#2707832000
0(
#2708103000
b1000 B
b101 H
b0 K
01
b1 7
1(
#2708374000
0(
#2708645000
b10 7
1(
#2708916000
0(
#2709187000
b11 7
1(
#2709458000
0(
#2709729000
b100 7
1(
#2710000000
0(
#2710271000
b101 7
1(
#2710542000
0(
#2710813000
b110 7
1(
#2711084000
0(
#2711355000
b111 7
1(
#2711626000
0(
#2711897000
b1000 7
1(
#2712168000
0(
#2712439000
b1001 7
1(
#2712710000
0(
#2712981000
b1010 7
1(
#2713252000
0(
#2713523000
b1011 7
1(
#2713794000
0(
#2714065000
11
b0 7
1(
#2714336000
0(
#2714607000
b1001 B
b1 K
01
b1 7
1(
#2714878000
0(
#2715149000
b10 7
1(
#2715420000
0(
#2715691000
b11 7
1(
#2715962000
0(
#2716233000
b100 7
1(
#2716504000
0(
#2716775000
b101 7
1(
#2717046000
0(
#2717317000
b110 7
1(
#2717588000
0(
#2717859000
b111 7
1(
#2718130000
0(
#2718401000
b1000 7
1(
#2718672000
0(
#2718943000
b1001 7
1(
#2719214000
0(
#2719485000
b1010 7
1(
#2719756000
0(
#2720027000
b1011 7
1(
#2720298000
0(
#2720569000
11
b0 7
1(
#2720840000
0(
#2721111000
b1010 B
b10 K
01
b1 7
1(
#2721382000
0(
#2721653000
b10 7
1(
#2721924000
0(
#2722195000
b11 7
1(
#2722466000
0(
#2722737000
b100 7
1(
#2723008000
0(
#2723279000
b101 7
1(
#2723550000
0(
#2723821000
b110 7
1(
#2724092000
0(
#2724363000
b111 7
1(
#2724634000
0(
#2724905000
b1000 7
1(
#2725176000
0(
#2725447000
b1001 7
1(
#2725718000
0(
#2725989000
b1010 7
1(
#2726260000
0(
#2726531000
b1011 7
1(
#2726802000
0(
#2727073000
11
b0 7
1(
#2727344000
0(
#2727615000
b1011 B
b11 K
01
b1 7
1(
#2727886000
0(
#2728157000
b10 7
1(
#2728428000
0(
#2728699000
b11 7
1(
#2728970000
0(
#2729241000
b100 7
1(
#2729512000
0(
#2729783000
b101 7
1(
#2730054000
0(
#2730325000
b110 7
1(
#2730596000
0(
#2730867000
b111 7
1(
#2731138000
0(
#2731409000
b1000 7
1(
#2731680000
0(
#2731951000
b1001 7
1(
#2732222000
0(
#2732493000
b1010 7
1(
#2732764000
0(
#2733035000
b1011 7
1(
#2733306000
0(
#2733577000
11
b0 7
1(
#2733848000
0(
#2734119000
b1100 B
b100 K
01
b1 7
1(
#2734390000
0(
#2734661000
b10 7
1(
#2734932000
0(
#2735203000
b11 7
1(
#2735474000
0(
#2735745000
b100 7
1(
#2736016000
0(
#2736287000
b101 7
1(
#2736558000
0(
#2736829000
b110 7
1(
#2737100000
0(
#2737371000
b111 7
1(
#2737642000
0(
#2737913000
b1000 7
1(
#2738184000
0(
#2738455000
b1001 7
1(
#2738726000
0(
#2738997000
b1010 7
1(
#2739268000
0(
#2739539000
b1011 7
1(
#2739810000
0(
#2740081000
11
b0 7
1(
#2740352000
0(
#2740623000
b1101 B
b101 K
01
b1 7
1(
#2740894000
0(
#2741165000
b10 7
1(
#2741436000
0(
#2741707000
b11 7
1(
#2741978000
0(
#2742249000
b100 7
1(
#2742520000
0(
#2742791000
b101 7
1(
#2743062000
0(
#2743333000
b110 7
1(
#2743604000
0(
#2743875000
b111 7
1(
#2744146000
0(
#2744417000
b1000 7
1(
#2744688000
0(
#2744959000
b1001 7
1(
#2745230000
0(
#2745501000
b1010 7
1(
#2745772000
0(
#2746043000
b1011 7
1(
#2746314000
0(
#2746585000
11
b0 7
1(
#2746856000
0(
#2747127000
b1110 B
b110 K
01
b1 7
1(
#2747398000
0(
#2747669000
b10 7
1(
#2747940000
0(
#2748211000
b11 7
1(
#2748482000
0(
#2748753000
b100 7
1(
#2749024000
0(
#2749295000
b101 7
1(
#2749566000
0(
#2749837000
b110 7
1(
#2750108000
0(
#2750379000
b111 7
1(
#2750650000
0(
#2750921000
b1000 7
1(
#2751192000
0(
#2751463000
b1001 7
1(
#2751734000
0(
#2752005000
b1010 7
1(
#2752276000
0(
#2752547000
b1011 7
1(
#2752818000
0(
#2753089000
11
b0 7
1(
#2753360000
0(
#2753631000
b1111 B
b111 K
01
b1 7
1(
#2753902000
0(
#2754173000
b10 7
1(
#2754444000
0(
#2754715000
b11 7
1(
#2754986000
0(
#2755257000
b100 7
1(
#2755528000
0(
#2755799000
b101 7
1(
#2756070000
0(
#2756341000
b110 7
1(
#2756612000
0(
#2756883000
b111 7
1(
#2757154000
0(
#2757425000
b1000 7
1(
#2757696000
0(
#2757967000
b1001 7
1(
#2758238000
0(
#2758509000
b1010 7
1(
#2758780000
0(
#2759051000
b1011 7
1(
#2759322000
0(
#2759593000
11
b0 7
1(
#2759864000
0(
#2760135000
b110 <
b0 B
b1000 K
01
b1 7
1(
#2760406000
0(
#2760677000
b10 7
1(
#2760948000
0(
#2761219000
b11 7
1(
#2761490000
0(
#2761761000
b100 7
1(
#2762032000
0(
#2762303000
b101 7
1(
#2762574000
0(
#2762845000
b110 7
1(
#2763116000
0(
#2763387000
b111 7
1(
#2763658000
0(
#2763929000
b1000 7
1(
#2764200000
0(
#2764471000
b1001 7
1(
#2764742000
0(
#2765013000
b1010 7
1(
#2765284000
0(
#2765555000
b1011 7
1(
#2765826000
0(
#2766097000
11
b0 7
1(
#2766368000
0(
#2766639000
b1 B
b1001 K
01
b1 7
1(
#2766910000
0(
#2767181000
b10 7
1(
#2767452000
0(
#2767723000
b11 7
1(
#2767994000
0(
#2768265000
b100 7
1(
#2768536000
0(
#2768807000
b101 7
1(
#2769078000
0(
#2769349000
b110 7
1(
#2769620000
0(
#2769891000
b111 7
1(
#2770162000
0(
#2770433000
b1000 7
1(
#2770704000
0(
#2770975000
b1001 7
1(
#2771246000
0(
#2771517000
b1010 7
1(
#2771788000
0(
#2772059000
b1011 7
1(
#2772330000
0(
#2772601000
11
b0 7
1(
#2772872000
0(
#2773143000
b10 B
b1010 K
01
b1 7
1(
#2773414000
0(
#2773685000
b10 7
1(
#2773956000
0(
#2774227000
b11 7
1(
#2774498000
0(
#2774769000
b100 7
1(
#2775040000
0(
#2775311000
b101 7
1(
#2775582000
0(
#2775853000
b110 7
1(
#2776124000
0(
#2776395000
b111 7
1(
#2776666000
0(
#2776937000
b1000 7
1(
#2777208000
0(
#2777479000
b1001 7
1(
#2777750000
0(
#2778021000
b1010 7
1(
#2778292000
0(
#2778563000
b1011 7
1(
#2778834000
0(
#2779105000
11
b0 7
1(
#2779376000
0(
#2779647000
b11 B
b1011 K
01
b1 7
1(
#2779918000
0(
#2780189000
b10 7
1(
#2780460000
0(
#2780731000
b11 7
1(
#2781002000
0(
#2781273000
b100 7
1(
#2781544000
0(
#2781815000
b101 7
1(
#2782086000
0(
#2782357000
b110 7
1(
#2782628000
0(
#2782899000
b111 7
1(
#2783170000
0(
#2783441000
b1000 7
1(
#2783712000
0(
#2783983000
b1001 7
1(
#2784254000
0(
#2784525000
b1010 7
1(
#2784796000
0(
#2785067000
b1011 7
1(
#2785338000
0(
#2785609000
11
b0 7
1(
#2785880000
0(
#2786151000
b100 B
b1100 K
01
b1 7
1(
#2786422000
0(
#2786693000
b10 7
1(
#2786964000
0(
#2787235000
b11 7
1(
#2787506000
0(
#2787777000
b100 7
1(
#2788048000
0(
#2788319000
b101 7
1(
#2788590000
0(
#2788861000
b110 7
1(
#2789132000
0(
#2789403000
b111 7
1(
#2789674000
0(
#2789945000
b1000 7
1(
#2790216000
0(
#2790487000
b1001 7
1(
#2790758000
0(
#2791029000
b1010 7
1(
#2791300000
0(
#2791571000
b1011 7
1(
#2791842000
0(
#2792113000
11
b0 7
1(
#2792384000
0(
#2792655000
b101 B
b1101 K
01
b1 7
1(
#2792926000
0(
#2793197000
b10 7
1(
#2793468000
0(
#2793739000
b11 7
1(
#2794010000
0(
#2794281000
b100 7
1(
#2794552000
0(
#2794823000
b101 7
1(
#2795094000
0(
#2795365000
b110 7
1(
#2795636000
0(
#2795907000
b111 7
1(
#2796178000
0(
#2796449000
b1000 7
1(
#2796720000
0(
#2796991000
b1001 7
1(
#2797262000
0(
#2797533000
b1010 7
1(
#2797804000
0(
#2798075000
b1011 7
1(
#2798346000
0(
#2798617000
11
b0 7
1(
#2798888000
0(
#2799159000
b110 B
b1110 K
01
b1 7
1(
#2799430000
0(
#2799701000
b10 7
1(
#2799972000
0(
#2800243000
b11 7
1(
#2800514000
0(
#2800785000
b100 7
1(
#2801056000
0(
#2801327000
b101 7
1(
#2801598000
0(
#2801869000
b110 7
1(
#2802140000
0(
#2802411000
b111 7
1(
#2802682000
0(
#2802953000
b1000 7
1(
#2803224000
0(
#2803495000
b1001 7
1(
#2803766000
0(
#2804037000
b1010 7
1(
#2804308000
0(
#2804579000
b1011 7
1(
#2804850000
0(
#2805121000
11
b0 7
1(
#2805392000
0(
#2805663000
b111 B
b1111 K
01
b1 7
1(
#2805934000
0(
#2806205000
b10 7
1(
#2806476000
0(
#2806747000
b11 7
1(
#2807018000
0(
#2807289000
b100 7
1(
#2807560000
0(
#2807831000
b101 7
1(
#2808102000
0(
#2808373000
b110 7
1(
#2808644000
0(
#2808915000
b111 7
1(
#2809186000
0(
#2809457000
b1000 7
1(
#2809728000
0(
#2809999000
b1001 7
1(
#2810270000
0(
#2810541000
b1010 7
1(
#2810812000
0(
#2811083000
b1011 7
1(
#2811354000
0(
#2811625000
11
b0 7
1(
#2811896000
0(
#2812167000
b1000 B
b110 H
b0 K
01
b1 7
1(
#2812438000
0(
#2812709000
b10 7
1(
#2812980000
0(
#2813251000
b11 7
1(
#2813522000
0(
#2813793000
b100 7
1(
#2814064000
0(
#2814335000
b101 7
1(
#2814606000
0(
#2814877000
b110 7
1(
#2815148000
0(
#2815419000
b111 7
1(
#2815690000
0(
#2815961000
b1000 7
1(
#2816232000
0(
#2816503000
b1001 7
1(
#2816774000
0(
#2817045000
b1010 7
1(
#2817316000
0(
#2817587000
b1011 7
1(
#2817858000
0(
#2818129000
11
b0 7
1(
#2818400000
0(
#2818671000
b1001 B
b1 K
01
b1 7
1(
#2818942000
0(
#2819213000
b10 7
1(
#2819484000
0(
#2819755000
b11 7
1(
#2820026000
0(
#2820297000
b100 7
1(
#2820568000
0(
#2820839000
b101 7
1(
#2821110000
0(
#2821381000
b110 7
1(
#2821652000
0(
#2821923000
b111 7
1(
#2822194000
0(
#2822465000
b1000 7
1(
#2822736000
0(
#2823007000
b1001 7
1(
#2823278000
0(
#2823549000
b1010 7
1(
#2823820000
0(
#2824091000
b1011 7
1(
#2824362000
0(
#2824633000
11
b0 7
1(
#2824904000
0(
#2825175000
b1010 B
b10 K
01
b1 7
1(
#2825446000
0(
#2825717000
b10 7
1(
#2825988000
0(
#2826259000
b11 7
1(
#2826530000
0(
#2826801000
b100 7
1(
#2827072000
0(
#2827343000
b101 7
1(
#2827614000
0(
#2827885000
b110 7
1(
#2828156000
0(
#2828427000
b111 7
1(
#2828698000
0(
#2828969000
b1000 7
1(
#2829240000
0(
#2829511000
b1001 7
1(
#2829782000
0(
#2830053000
b1010 7
1(
#2830324000
0(
#2830595000
b1011 7
1(
#2830866000
0(
#2831137000
11
b0 7
1(
#2831408000
0(
#2831679000
b1011 B
b11 K
01
b1 7
1(
#2831950000
0(
#2832221000
b10 7
1(
#2832492000
0(
#2832763000
b11 7
1(
#2833034000
0(
#2833305000
b100 7
1(
#2833576000
0(
#2833847000
b101 7
1(
#2834118000
0(
#2834389000
b110 7
1(
#2834660000
0(
#2834931000
b111 7
1(
#2835202000
0(
#2835473000
b1000 7
1(
#2835744000
0(
#2836015000
b1001 7
1(
#2836286000
0(
#2836557000
b1010 7
1(
#2836828000
0(
#2837099000
b1011 7
1(
#2837370000
0(
#2837641000
11
b0 7
1(
#2837912000
0(
#2838183000
b1100 B
b100 K
01
b1 7
1(
#2838454000
0(
#2838725000
b10 7
1(
#2838996000
0(
#2839267000
b11 7
1(
#2839538000
0(
#2839809000
b100 7
1(
#2840080000
0(
#2840351000
b101 7
1(
#2840622000
0(
#2840893000
b110 7
1(
#2841164000
0(
#2841435000
b111 7
1(
#2841706000
0(
#2841977000
b1000 7
1(
#2842248000
0(
#2842519000
b1001 7
1(
#2842790000
0(
#2843061000
b1010 7
1(
#2843332000
0(
#2843603000
b1011 7
1(
#2843874000
0(
#2844145000
11
b0 7
1(
#2844416000
0(
#2844687000
b1101 B
b101 K
01
b1 7
1(
#2844958000
0(
#2845229000
b10 7
1(
#2845500000
0(
#2845771000
b11 7
1(
#2846042000
0(
#2846313000
b100 7
1(
#2846584000
0(
#2846855000
b101 7
1(
#2847126000
0(
#2847397000
b110 7
1(
#2847668000
0(
#2847939000
b111 7
1(
#2848210000
0(
#2848481000
b1000 7
1(
#2848752000
0(
#2849023000
b1001 7
1(
#2849294000
0(
#2849565000
b1010 7
1(
#2849836000
0(
#2850107000
b1011 7
1(
#2850378000
0(
#2850649000
11
b0 7
1(
#2850920000
0(
#2851191000
b1110 B
b110 K
01
b1 7
1(
#2851462000
0(
#2851733000
b10 7
1(
#2852004000
0(
#2852275000
b11 7
1(
#2852546000
0(
#2852817000
b100 7
1(
#2853088000
0(
#2853359000
b101 7
1(
#2853630000
0(
#2853901000
b110 7
1(
#2854172000
0(
#2854443000
b111 7
1(
#2854714000
0(
#2854985000
b1000 7
1(
#2855256000
0(
#2855527000
b1001 7
1(
#2855798000
0(
#2856069000
b1010 7
1(
#2856340000
0(
#2856611000
b1011 7
1(
#2856882000
0(
#2857153000
11
b0 7
1(
#2857424000
0(
#2857695000
b1111 B
b111 K
01
b1 7
1(
#2857966000
0(
#2858237000
b10 7
1(
#2858508000
0(
#2858779000
b11 7
1(
#2859050000
0(
#2859321000
b100 7
1(
#2859592000
0(
#2859863000
b101 7
1(
#2860134000
0(
#2860405000
b110 7
1(
#2860676000
0(
#2860947000
b111 7
1(
#2861218000
0(
#2861489000
b1000 7
1(
#2861760000
0(
#2862031000
b1001 7
1(
#2862302000
0(
#2862573000
b1010 7
1(
#2862844000
0(
#2863115000
b1011 7
1(
#2863386000
0(
#2863657000
11
b0 7
1(
#2863928000
0(
#2864199000
b111 <
b0 @
b0 B
b1000 K
01
b1 7
1(
#2864470000
0(
#2864741000
b10 7
1(
#2865012000
0(
#2865283000
b11 7
1(
#2865554000
0(
#2865825000
b100 7
1(
#2866096000
0(
#2866367000
b101 7
1(
#2866638000
0(
#2866909000
b110 7
1(
#2867180000
0(
#2867451000
b111 7
1(
#2867722000
0(
#2867993000
b1000 7
1(
#2868264000
0(
#2868535000
b1001 7
1(
#2868806000
0(
#2869077000
b1010 7
1(
#2869348000
0(
#2869619000
b1011 7
1(
#2869890000
0(
#2870161000
11
b0 7
1(
#2870432000
0(
#2870703000
b1 B
b1001 K
01
b1 7
1(
#2870974000
0(
#2871245000
b10 7
1(
#2871516000
0(
#2871787000
b11 7
1(
#2872058000
0(
#2872329000
b100 7
1(
#2872600000
0(
#2872871000
b101 7
1(
#2873142000
0(
#2873413000
b110 7
1(
#2873684000
0(
#2873955000
b111 7
1(
#2874226000
0(
#2874497000
b1000 7
1(
#2874768000
0(
#2875039000
b1001 7
1(
#2875310000
0(
#2875581000
b1010 7
1(
#2875852000
0(
#2876123000
b1011 7
1(
#2876394000
0(
#2876665000
11
b0 7
1(
#2876936000
0(
#2877207000
b10 B
b1010 K
01
b1 7
1(
#2877478000
0(
#2877749000
b10 7
1(
#2878020000
0(
#2878291000
b11 7
1(
#2878562000
0(
#2878833000
b100 7
1(
#2879104000
0(
#2879375000
b101 7
1(
#2879646000
0(
#2879917000
b110 7
1(
#2880188000
0(
#2880459000
b111 7
1(
#2880730000
0(
#2881001000
b1000 7
1(
#2881272000
0(
#2881543000
b1001 7
1(
#2881814000
0(
#2882085000
b1010 7
1(
#2882356000
0(
#2882627000
b1011 7
1(
#2882898000
0(
#2883169000
11
b0 7
1(
#2883440000
0(
#2883711000
b11 B
b1011 K
01
b1 7
1(
#2883982000
0(
#2884253000
b10 7
1(
#2884524000
0(
#2884795000
b11 7
1(
#2885066000
0(
#2885337000
b100 7
1(
#2885608000
0(
#2885879000
b101 7
1(
#2886150000
0(
#2886421000
b110 7
1(
#2886692000
0(
#2886963000
b111 7
1(
#2887234000
0(
#2887505000
b1000 7
1(
#2887776000
0(
#2888047000
b1001 7
1(
#2888318000
0(
#2888589000
b1010 7
1(
#2888860000
0(
#2889131000
b1011 7
1(
#2889402000
0(
#2889673000
11
b0 7
1(
#2889944000
0(
#2890215000
b100 B
b1100 K
01
b1 7
1(
#2890486000
0(
#2890757000
b10 7
1(
#2891028000
0(
#2891299000
b11 7
1(
#2891570000
0(
#2891841000
b100 7
1(
#2892112000
0(
#2892383000
b101 7
1(
#2892654000
0(
#2892925000
b110 7
1(
#2893196000
0(
#2893467000
b111 7
1(
#2893738000
0(
#2894009000
b1000 7
1(
#2894280000
0(
#2894551000
b1001 7
1(
#2894822000
0(
#2895093000
b1010 7
1(
#2895364000
0(
#2895635000
b1011 7
1(
#2895906000
0(
#2896177000
11
b0 7
1(
#2896448000
0(
#2896719000
b101 B
b1101 K
01
b1 7
1(
#2896990000
0(
#2897261000
b10 7
1(
#2897532000
0(
#2897803000
b11 7
1(
#2898074000
0(
#2898345000
b100 7
1(
#2898616000
0(
#2898887000
b101 7
1(
#2899158000
0(
#2899429000
b110 7
1(
#2899700000
0(
#2899971000
b111 7
1(
#2900242000
0(
#2900513000
b1000 7
1(
#2900784000
0(
#2901055000
b1001 7
1(
#2901326000
0(
#2901597000
b1010 7
1(
#2901868000
0(
#2902139000
b1011 7
1(
#2902410000
0(
#2902681000
11
b0 7
1(
#2902952000
0(
#2903223000
b110 B
b1110 K
01
b1 7
1(
#2903494000
0(
#2903765000
b10 7
1(
#2904036000
0(
#2904307000
b11 7
1(
#2904578000
0(
#2904849000
b100 7
1(
#2905120000
0(
#2905391000
b101 7
1(
#2905662000
0(
#2905933000
b110 7
1(
#2906204000
0(
#2906475000
b111 7
1(
#2906746000
0(
#2907017000
b1000 7
1(
#2907288000
0(
#2907559000
b1001 7
1(
#2907830000
0(
#2908101000
b1010 7
1(
#2908372000
0(
#2908643000
b1011 7
1(
#2908914000
0(
#2909185000
11
b0 7
1(
#2909456000
0(
#2909727000
b111 B
b1111 K
01
b1 7
1(
#2909998000
0(
#2910269000
b10 7
1(
#2910540000
0(
#2910811000
b11 7
1(
#2911082000
0(
#2911353000
b100 7
1(
#2911624000
0(
#2911895000
b101 7
1(
#2912166000
0(
#2912437000
b110 7
1(
#2912708000
0(
#2912979000
b111 7
1(
#2913250000
0(
#2913521000
b1000 7
1(
#2913792000
0(
#2914063000
b1001 7
1(
#2914334000
0(
#2914605000
b1010 7
1(
#2914876000
0(
#2915147000
b1011 7
1(
#2915418000
0(
#2915689000
11
b0 7
1(
#2915960000
0(
#2916231000
b1000 B
b111 H
b0 K
01
b1 7
1(
#2916502000
0(
#2916773000
b10 7
1(
#2917044000
0(
#2917315000
b11 7
1(
#2917586000
0(
#2917857000
b100 7
1(
#2918128000
0(
#2918399000
b101 7
1(
#2918670000
0(
#2918941000
b110 7
1(
#2919212000
0(
#2919483000
b111 7
1(
#2919754000
0(
#2920025000
b1000 7
1(
#2920296000
0(
#2920567000
b1001 7
1(
#2920838000
0(
#2921109000
b1010 7
1(
#2921380000
0(
#2921651000
b1011 7
1(
#2921922000
0(
#2922193000
11
b0 7
1(
#2922464000
0(
#2922735000
b1001 B
b1 K
01
b1 7
1(
#2923006000
0(
#2923277000
b10 7
1(
#2923548000
0(
#2923819000
b11 7
1(
#2924090000
0(
#2924361000
b100 7
1(
#2924632000
0(
#2924903000
b101 7
1(
#2925174000
0(
#2925445000
b110 7
1(
#2925716000
0(
#2925987000
b111 7
1(
#2926258000
0(
#2926529000
b1000 7
1(
#2926800000
0(
#2927071000
b1001 7
1(
#2927342000
0(
#2927613000
b1010 7
1(
#2927884000
0(
#2928155000
b1011 7
1(
#2928426000
0(
#2928697000
11
b0 7
1(
#2928968000
0(
#2929239000
b1010 B
b10 K
01
b1 7
1(
#2929510000
0(
#2929781000
b10 7
1(
#2930052000
0(
#2930323000
b11 7
1(
#2930594000
0(
#2930865000
b100 7
1(
#2931136000
0(
#2931407000
b101 7
1(
#2931678000
0(
#2931949000
b110 7
1(
#2932220000
0(
#2932491000
b111 7
1(
#2932762000
0(
#2933033000
b1000 7
1(
#2933304000
0(
#2933575000
b1001 7
1(
#2933846000
0(
#2934117000
b1010 7
1(
#2934388000
0(
#2934659000
b1011 7
1(
#2934930000
0(
#2935201000
11
b0 7
1(
#2935472000
0(
#2935743000
b1011 B
b11 K
01
b1 7
1(
#2936014000
0(
#2936285000
b10 7
1(
#2936556000
0(
#2936827000
b11 7
1(
#2937098000
0(
#2937369000
b100 7
1(
#2937640000
0(
#2937911000
b101 7
1(
#2938182000
0(
#2938453000
b110 7
1(
#2938724000
0(
#2938995000
b111 7
1(
#2939266000
0(
#2939537000
b1000 7
1(
#2939808000
0(
#2940079000
b1001 7
1(
#2940350000
0(
#2940621000
b1010 7
1(
#2940892000
0(
#2941163000
b1011 7
1(
#2941434000
0(
#2941705000
11
b0 7
1(
#2941976000
0(
#2942247000
b1100 B
b100 K
01
b1 7
1(
#2942518000
0(
#2942789000
b10 7
1(
#2943060000
0(
#2943331000
b11 7
1(
#2943602000
0(
#2943873000
b100 7
1(
#2944144000
0(
#2944415000
b101 7
1(
#2944686000
0(
#2944957000
b110 7
1(
#2945228000
0(
#2945499000
b111 7
1(
#2945770000
0(
#2946041000
b1000 7
1(
#2946312000
0(
#2946583000
b1001 7
1(
#2946854000
0(
#2947125000
b1010 7
1(
#2947396000
0(
#2947667000
b1011 7
1(
#2947938000
0(
#2948209000
11
b0 7
1(
#2948480000
0(
#2948751000
b1101 B
b101 K
01
b1 7
1(
#2949022000
0(
#2949293000
b10 7
1(
#2949564000
0(
#2949835000
b11 7
1(
#2950106000
0(
#2950377000
b100 7
1(
#2950648000
0(
#2950919000
b101 7
1(
#2951190000
0(
#2951461000
b110 7
1(
#2951732000
0(
#2952003000
b111 7
1(
#2952274000
0(
#2952545000
b1000 7
1(
#2952816000
0(
#2953087000
b1001 7
1(
#2953358000
0(
#2953629000
b1010 7
1(
#2953900000
0(
#2954171000
b1011 7
1(
#2954442000
0(
#2954713000
11
b0 7
1(
#2954984000
0(
#2955255000
b1110 B
b110 K
01
b1 7
1(
#2955526000
0(
#2955797000
b10 7
1(
#2956068000
0(
#2956339000
b11 7
1(
#2956610000
0(
#2956881000
b100 7
1(
#2957152000
0(
#2957423000
b101 7
1(
#2957694000
0(
#2957965000
b110 7
1(
#2958236000
0(
#2958507000
b111 7
1(
#2958778000
0(
#2959049000
b1000 7
1(
#2959320000
0(
#2959591000
b1001 7
1(
#2959862000
0(
#2960133000
b1010 7
1(
#2960404000
0(
#2960675000
b1011 7
1(
#2960946000
0(
#2961217000
11
b0 7
1(
#2961488000
0(
#2961759000
b1111 B
b111 K
01
b1 7
1(
#2962030000
0(
#2962301000
b10 7
1(
#2962572000
0(
#2962843000
b11 7
1(
#2963114000
0(
#2963385000
b100 7
1(
#2963656000
0(
#2963927000
b101 7
1(
#2964198000
0(
#2964469000
b110 7
1(
#2964740000
0(
#2965011000
b111 7
1(
#2965282000
0(
#2965553000
b1000 7
1(
#2965824000
0(
#2966095000
b1001 7
1(
#2966366000
0(
#2966637000
b1010 7
1(
#2966908000
0(
#2967179000
b1011 7
1(
#2967450000
0(
#2967721000
11
b0 7
1(
#2967992000
0(
#2968263000
b11 A
b0 B
b1000 K
01
b1 7
1(
#2968534000
0(
#2968805000
b10 7
1(
#2969076000
0(
#2969347000
b11 7
1(
#2969618000
0(
#2969889000
b100 7
1(
#2970160000
0(
#2970431000
b101 7
1(
#2970702000
0(
#2970973000
b110 7
1(
#2971244000
0(
#2971515000
b111 7
1(
#2971786000
0(
#2972057000
b1000 7
1(
#2972328000
0(
#2972599000
b1001 7
1(
#2972870000
0(
#2973141000
b1010 7
1(
#2973412000
0(
#2973683000
b1011 7
1(
#2973954000
0(
#2974225000
11
b0 7
1(
#2974496000
0(
#2974767000
b1 B
b1001 K
01
b1 7
1(
#2975038000
0(
#2975309000
b10 7
1(
#2975580000
0(
#2975851000
b11 7
1(
#2976122000
0(
#2976393000
b100 7
1(
#2976664000
0(
#2976935000
b101 7
1(
#2977206000
0(
#2977477000
b110 7
1(
#2977748000
0(
#2978019000
b111 7
1(
#2978290000
0(
#2978561000
b1000 7
1(
#2978832000
0(
#2979103000
b1001 7
1(
#2979374000
0(
#2979645000
b1010 7
1(
#2979916000
0(
#2980187000
b1011 7
1(
#2980458000
0(
#2980729000
11
b0 7
1(
#2981000000
0(
#2981271000
b10 B
b1010 K
01
b1 7
1(
#2981542000
0(
#2981813000
b10 7
1(
#2982084000
0(
#2982355000
b11 7
1(
#2982626000
0(
#2982897000
b100 7
1(
#2983168000
0(
#2983439000
b101 7
1(
#2983710000
0(
#2983981000
b110 7
1(
#2984252000
0(
#2984523000
b111 7
1(
#2984794000
0(
#2985065000
b1000 7
1(
#2985336000
0(
#2985607000
b1001 7
1(
#2985878000
0(
#2986149000
b1010 7
1(
#2986420000
0(
#2986691000
b1011 7
1(
#2986962000
0(
#2987233000
11
b0 7
1(
#2987504000
0(
#2987775000
b11 B
b1011 K
01
b1 7
1(
#2988046000
0(
#2988317000
b10 7
1(
#2988588000
0(
#2988859000
b11 7
1(
#2989130000
0(
#2989401000
b100 7
1(
#2989672000
0(
#2989943000
b101 7
1(
#2990214000
0(
#2990485000
b110 7
1(
#2990756000
0(
#2991027000
b111 7
1(
#2991298000
0(
#2991569000
b1000 7
1(
#2991840000
0(
#2992111000
b1001 7
1(
#2992382000
0(
#2992653000
b1010 7
1(
#2992924000
0(
#2993195000
b1011 7
1(
#2993466000
0(
#2993737000
11
b0 7
1(
#2994008000
0(
#2994279000
b100 B
b1100 K
01
b1 7
1(
#2994550000
0(
#2994821000
b10 7
1(
#2995092000
0(
#2995363000
b11 7
1(
#2995634000
0(
#2995905000
b100 7
1(
#2996176000
0(
#2996447000
b101 7
1(
#2996718000
0(
#2996989000
b110 7
1(
#2997260000
0(
#2997531000
b111 7
1(
#2997802000
0(
#2998073000
b1000 7
1(
#2998344000
0(
#2998615000
b1001 7
1(
#2998886000
0(
#2999157000
b1010 7
1(
#2999428000
0(
#2999699000
b1011 7
1(
#2999970000
0(
#3000241000
11
b0 7
1(
#3000512000
0(
#3000783000
b101 B
b1101 K
01
b1 7
1(
#3001054000
0(
#3001325000
b10 7
1(
#3001596000
0(
#3001867000
b11 7
1(
#3002138000
0(
#3002409000
b100 7
1(
#3002680000
0(
#3002951000
b101 7
1(
#3003222000
0(
#3003493000
b110 7
1(
#3003764000
0(
#3004035000
b111 7
1(
#3004306000
0(
#3004577000
b1000 7
1(
#3004848000
0(
#3005119000
b1001 7
1(
#3005390000
0(
#3005661000
b1010 7
1(
#3005932000
0(
#3006203000
b1011 7
1(
#3006474000
0(
#3006745000
11
b0 7
1(
#3007016000
0(
#3007287000
b110 B
b1110 K
01
b1 7
1(
#3007558000
0(
#3007829000
b10 7
1(
#3008100000
0(
#3008371000
b11 7
1(
#3008642000
0(
#3008913000
b100 7
1(
#3009184000
0(
#3009455000
b101 7
1(
#3009726000
0(
#3009997000
b110 7
1(
#3010268000
0(
#3010539000
b111 7
1(
#3010810000
0(
#3011081000
b1000 7
1(
#3011352000
0(
#3011623000
b1001 7
1(
#3011894000
0(
#3012165000
b1010 7
1(
#3012436000
0(
#3012707000
b1011 7
1(
#3012978000
0(
#3013249000
11
b0 7
1(
#3013520000
0(
#3013791000
b111 B
b1111 K
01
b1 7
1(
#3014062000
0(
#3014333000
b10 7
1(
#3014604000
0(
#3014875000
b11 7
1(
#3015146000
0(
#3015417000
b100 7
1(
#3015688000
0(
#3015959000
b101 7
1(
#3016230000
0(
#3016501000
b110 7
1(
#3016772000
0(
#3017043000
b111 7
1(
#3017314000
0(
#3017585000
b1000 7
1(
#3017856000
0(
#3018127000
b1001 7
1(
#3018398000
0(
#3018669000
b1010 7
1(
#3018940000
0(
#3019211000
b1011 7
1(
#3019482000
0(
#3019753000
11
b0 7
1(
#3020024000
0(
#3020295000
b1000 B
b11 J
b0 K
01
b1 7
1(
#3020566000
0(
#3020837000
b10 7
1"
1(
#3021108000
0(
#3021379000
1>
b11 7
1(
#3021650000
0(
#3021921000
b100 7
1?
1(
#3022192000
0(
#3022463000
b101 7
1(
#3022734000
0(
#3023005000
b110 7
1(
#3023276000
0(
#3023547000
b111 7
1(
#3023818000
0(
#3024089000
b1000 7
1(
#3024360000
0(
#3024631000
b1001 7
1(
#3024902000
0(
#3025173000
b1010 7
1(
#3025444000
0(
#3025715000
b1011 7
1(
#3025986000
0(
#3026257000
11
b0 7
1(
#3026528000
0(
#3026799000
b1001 B
b1 K
01
b1 7
1(
#3027070000
0(
#3027341000
b10 7
1(
#3027612000
0(
#3027883000
b11 7
1(
#3028154000
0(
#3028425000
b100 7
1(
#3028696000
0(
#3028967000
b101 7
1(
#3029238000
0(
#3029509000
b110 7
1(
#3029780000
0(
#3030051000
b111 7
1(
#3030322000
0(
#3030593000
b1000 7
1(
#3030864000
0(
#3031135000
b1001 7
1(
#3031406000
0(
#3031677000
b1010 7
1(
#3031948000
0(
#3032219000
b1011 7
1(
#3032490000
0(
#3032761000
11
b0 7
1(
#3033032000
0(
#3033303000
b1010 B
b10 K
01
b1 7
1(
#3033574000
0(
#3033845000
b10 7
1(
#3034116000
0(
#3034387000
b11 7
1(
#3034658000
0(
#3034929000
b100 7
1(
#3035200000
0(
#3035471000
b101 7
1(
#3035742000
0(
#3036013000
b110 7
1(
#3036284000
0(
#3036555000
b111 7
1(
#3036826000
0(
#3037097000
b1000 7
1(
#3037368000
0(
#3037639000
b1001 7
1(
#3037910000
0(
#3038181000
b1010 7
1(
#3038452000
0(
#3038723000
b1011 7
1(
#3038994000
0(
#3039265000
11
b0 7
1(
#3039536000
0(
#3039807000
b1011 B
b11 K
01
b1 7
1(
#3040078000
0(
#3040349000
b10 7
1(
#3040620000
0(
#3040891000
b11 7
1(
#3041162000
0(
#3041433000
b100 7
1(
#3041704000
0(
#3041975000
b101 7
1(
#3042246000
0(
#3042517000
b110 7
1(
#3042788000
0(
#3043059000
b111 7
1(
#3043330000
0(
#3043601000
b1000 7
1(
#3043872000
0(
#3044143000
b1001 7
1(
#3044414000
0(
#3044685000
b1010 7
1(
#3044956000
0(
#3045227000
b1011 7
1(
#3045498000
0(
#3045769000
11
b0 7
1(
#3046040000
0(
#3046311000
b1100 B
b100 K
01
b1 7
1(
#3046582000
0(
#3046853000
b10 7
1(
#3047124000
0(
#3047395000
b11 7
1(
#3047666000
0(
#3047937000
b100 7
1(
#3048208000
0(
#3048479000
b101 7
1(
#3048750000
0(
#3049021000
b110 7
1(
#3049292000
0(
#3049563000
b111 7
1(
#3049834000
0(
#3050105000
b1000 7
1(
#3050376000
0(
#3050647000
b1001 7
1(
#3050918000
0(
#3051189000
b1010 7
1(
#3051460000
0(
#3051731000
b1011 7
1(
#3052002000
0(
#3052273000
11
b0 7
1(
#3052544000
0(
#3052815000
b1101 B
b101 K
01
b1 7
1(
#3053086000
0(
#3053357000
b10 7
1(
#3053628000
0(
#3053899000
b11 7
1(
#3054170000
0(
#3054441000
b100 7
1(
#3054712000
0(
#3054983000
b101 7
1(
#3055254000
0(
#3055525000
b110 7
1(
#3055796000
0(
#3056067000
b111 7
1(
#3056338000
0(
#3056609000
b1000 7
1(
#3056880000
0(
#3057151000
b1001 7
1(
#3057422000
0(
#3057693000
b1010 7
1(
#3057964000
0(
#3058235000
b1011 7
1(
#3058506000
0(
#3058777000
11
b0 7
1(
#3059048000
0(
#3059319000
b1110 B
b110 K
01
b1 7
1(
#3059590000
0(
#3059861000
b10 7
1(
#3060132000
0(
#3060403000
b11 7
1(
#3060674000
0(
#3060945000
b100 7
1(
#3061216000
0(
#3061487000
b101 7
1(
#3061758000
0(
#3062029000
b110 7
1(
#3062300000
0(
#3062571000
b111 7
1(
#3062842000
0(
#3063113000
b1000 7
1(
#3063384000
0(
#3063655000
b1001 7
1(
#3063926000
0(
#3064197000
b1010 7
1(
#3064468000
0(
#3064739000
b1011 7
1(
#3065010000
0(
#3065281000
11
b0 7
1(
#3065552000
0(
#3065823000
b1111 B
b111 K
01
b1 7
1(
#3066094000
0(
#3066365000
b10 7
1(
#3066636000
0(
#3066907000
b11 7
1(
#3067178000
0(
#3067449000
b100 7
1(
#3067720000
0(
#3067991000
b101 7
1(
#3068262000
0(
#3068533000
b110 7
1(
#3068804000
0(
#3069075000
b111 7
1(
#3069346000
0(
#3069617000
b1000 7
1(
#3069888000
0(
#3070159000
b1001 7
1(
#3070430000
0(
#3070701000
b1010 7
1(
#3070972000
0(
#3071243000
b1011 7
1(
#3071514000
0(
#3071785000
11
b0 7
1(
#3072056000
0(
#3072327000
b100 -
b0 A
1#
b0 $
b0 0
b0 =
b0 B
b1000 K
01
b1 7
1(
#3072598000
0(
#3072869000
b10 7
0#
1(
#3073140000
0(
#3073411000
b11 7
1(
#3073682000
0(
#3073953000
b100 7
1(
#3074224000
0(
#3074495000
b101 7
1(
#3074766000
0(
#3075037000
b110 7
1(
#3075308000
0(
#3075579000
b111 7
1(
#3075850000
0(
#3076121000
b1000 7
1(
#3076392000
0(
#3076663000
b1001 7
1(
#3076934000
0(
#3077205000
b1010 7
1(
#3077476000
0(
#3077747000
b1011 7
1(
#3078018000
0(
#3078289000
11
b0 7
1(
#3078560000
0(
#3078831000
b1001 K
01
b1 7
1(
#3079102000
0(
#3079373000
b10 7
1(
#3079644000
0(
#3079915000
b11 7
1(
#3080186000
0(
#3080457000
b100 7
1(
#3080728000
0(
#3080999000
b101 7
1(
#3081270000
0(
#3081541000
b110 7
1(
#3081812000
0(
#3082083000
b111 7
1(
#3082354000
0(
#3082625000
b1000 7
1(
#3082896000
0(
#3083167000
b1001 7
1(
#3083438000
0(
#3083709000
b1010 7
1(
#3083980000
0(
#3084251000
b1011 7
1(
#3084522000
0(
#3084793000
11
b0 7
1(
#3085064000
0(
#3085335000
b1010 K
01
b1 7
1(
#3085606000
0(
#3085877000
b10 7
1(
#3086148000
0(
#3086419000
b11 7
1(
#3086690000
0(
#3086961000
b100 7
1(
#3087232000
0(
#3087503000
b101 7
1(
#3087774000
0(
#3088045000
b110 7
1(
#3088316000
0(
#3088587000
b111 7
1(
#3088858000
0(
#3089129000
b1000 7
1(
#3089400000
0(
#3089671000
b1001 7
1(
#3089942000
0(
#3090213000
b1010 7
1(
#3090484000
0(
#3090755000
b1011 7
1(
#3091026000
0(
#3091297000
11
b0 7
1(
#3091568000
0(
#3091839000
b1011 K
01
b1 7
1(
#3092110000
0(
#3092381000
b10 7
1(
#3092652000
0(
#3092923000
b11 7
1(
#3093194000
0(
#3093465000
b100 7
1(
#3093736000
0(
#3094007000
b101 7
1(
#3094278000
0(
#3094549000
b110 7
1(
#3094820000
0(
#3095091000
b111 7
1(
#3095362000
0(
#3095633000
b1000 7
1(
#3095904000
0(
#3096175000
b1001 7
1(
#3096446000
0(
#3096717000
b1010 7
1(
#3096988000
0(
#3097259000
b1011 7
1(
#3097530000
0(
#3097801000
11
b0 7
1(
#3098072000
0(
#3098343000
b1100 K
01
b1 7
1(
#3098614000
0(
#3098885000
b10 7
1(
#3099156000
0(
#3099427000
b11 7
1(
#3099698000
0(
#3099969000
b100 7
1(
#3100240000
0(
#3100511000
b101 7
1(
#3100782000
0(
#3101053000
b110 7
1(
#3101324000
0(
#3101595000
b111 7
1(
#3101866000
0(
#3102137000
b1000 7
1(
#3102408000
0(
#3102679000
b1001 7
1(
#3102950000
0(
#3103221000
b1010 7
1(
#3103492000
0(
#3103763000
b1011 7
1(
#3104034000
0(
#3104305000
11
b0 7
1(
#3104576000
0(
#3104847000
b1101 K
01
b1 7
1(
#3105118000
0(
#3105389000
b10 7
1(
#3105660000
0(
#3105931000
b11 7
1(
#3106202000
0(
#3106473000
b100 7
1(
#3106744000
0(
#3107015000
b101 7
1(
#3107286000
0(
#3107557000
b110 7
1(
#3107828000
0(
#3108099000
b111 7
1(
#3108370000
0(
#3108641000
b1000 7
1(
#3108912000
0(
#3109183000
b1001 7
1(
#3109454000
0(
#3109725000
b1010 7
1(
#3109996000
0(
#3110267000
b1011 7
1(
#3110538000
0(
#3110809000
11
b0 7
1(
#3111080000
0(
#3111351000
b1110 K
01
b1 7
1(
#3111622000
0(
#3111893000
b10 7
1(
#3112164000
0(
#3112435000
b11 7
1(
#3112706000
0(
#3112977000
b100 7
1(
#3113248000
0(
#3113519000
b101 7
1(
#3113790000
0(
#3114061000
b110 7
1(
#3114332000
0(
#3114603000
b111 7
1(
#3114874000
0(
#3115145000
b1000 7
1(
#3115416000
0(
#3115687000
b1001 7
1(
#3115958000
0(
#3116229000
b1010 7
1(
#3116500000
0(
#3116771000
b1011 7
1(
#3117042000
0(
#3117313000
11
b0 7
1(
#3117584000
0(
#3117855000
b1111 K
01
b1 7
1(
#3118126000
0(
#3118397000
b10 7
1(
#3118668000
0(
#3118939000
b11 7
1(
#3119210000
0(
#3119481000
b100 7
1(
#3119752000
0(
#3120023000
b101 7
1(
#3120294000
0(
#3120565000
b110 7
1(
#3120836000
0(
#3121107000
b111 7
1(
#3121378000
0(
#3121649000
b1000 7
1(
#3121920000
0(
#3122191000
b1001 7
1(
#3122462000
0(
#3122733000
b1010 7
1(
#3123004000
0(
#3123275000
b1011 7
1(
#3123546000
0(
#3123817000
11
b0 7
1(
#3124088000
0(
#3124359000
b0 J
0!
b0 K
01
b1 7
1(
#3124630000
0(
#3124901000
b10 7
b101 .
b1010100011100100110000101101110011100110110110101101001011101000010000000110000011110000100011001000110 M
b11111111 L
1(
#3125172000
0(
#3125443000
b11 7
b11111111 *
b11111111 /
b11111111 C
1+
1(
#3125714000
0(
#3125985000
b100 7
b1 J
1!
b11111111 I
0+
1(
#3126256000
0(
#3126527000
0"
b101 7
1(
#3126798000
0(
#3127069000
b110 7
0>
1(
#3127340000
0(
#3127611000
0?
b111 7
1(
#3127882000
0(
#3128153000
b1000 7
b1 A
1(
#3128424000
0(
#3128695000
b1001 7
1(
#3128966000
0(
#3129237000
b1010 7
1(
#3129508000
0(
#3129779000
b1011 7
1(
#3130050000
0(
#3130321000
11
b0 7
1(
#3130592000
0(
#3130863000
b1 B
b1 K
01
b1 7
1(
#3131134000
0(
#3131405000
b10 7
1(
#3131676000
0(
#3131947000
b11 7
1(
#3132218000
0(
#3132489000
b100 7
1(
#3132760000
0(
#3133031000
b101 7
1(
#3133302000
0(
#3133573000
b110 7
1(
#3133844000
0(
#3134115000
b111 7
1(
#3134386000
0(
#3134657000
b1000 7
1(
#3134928000
0(
#3135199000
b1001 7
1(
#3135470000
0(
#3135741000
b1010 7
1(
#3136012000
0(
#3136283000
b1011 7
1(
#3136554000
0(
#3136825000
11
b0 7
1(
#3137096000
0(
#3137367000
b10 B
b10 K
01
b1 7
1(
#3137638000
0(
#3137909000
b10 7
1(
#3138180000
0(
#3138451000
b11 7
1(
#3138722000
0(
#3138993000
b100 7
1(
#3139264000
0(
#3139535000
b101 7
1(
#3139806000
0(
#3140077000
b110 7
1(
#3140348000
0(
#3140619000
b111 7
1(
#3140890000
0(
#3141161000
b1000 7
1(
#3141432000
0(
#3141703000
b1001 7
1(
#3141974000
0(
#3142245000
b1010 7
1(
#3142516000
0(
#3142787000
b1011 7
1(
#3143058000
0(
#3143329000
11
b0 7
1(
#3143600000
0(
#3143871000
b11 B
b11 K
01
b1 7
1(
#3144142000
0(
#3144413000
b10 7
1(
#3144684000
0(
#3144955000
b11 7
1(
#3145226000
0(
#3145497000
b100 7
1(
#3145768000
0(
#3146039000
b101 7
1(
#3146310000
0(
#3146581000
b110 7
1(
#3146852000
0(
#3147123000
b111 7
1(
#3147394000
0(
#3147665000
b1000 7
1(
#3147936000
0(
#3148207000
b1001 7
1(
#3148478000
0(
#3148749000
b1010 7
1(
#3149020000
0(
#3149291000
b1011 7
1(
#3149562000
0(
#3149833000
11
b0 7
1(
#3150104000
0(
#3150375000
b100 B
b100 K
01
b1 7
1(
#3150646000
0(
#3150917000
b10 7
1(
#3151188000
0(
#3151459000
b11 7
1(
#3151730000
0(
#3152001000
b100 7
1(
#3152272000
0(
#3152543000
b101 7
1(
#3152814000
0(
#3153085000
b110 7
1(
#3153356000
0(
#3153627000
b111 7
1(
#3153898000
0(
#3154169000
b1000 7
1(
#3154440000
0(
#3154711000
b1001 7
1(
#3154982000
0(
#3155253000
b1010 7
1(
#3155524000
0(
#3155795000
b1011 7
1(
#3156066000
0(
#3156337000
11
b0 7
1(
#3156608000
0(
#3156879000
b101 B
b101 K
01
b1 7
1(
#3157150000
0(
#3157421000
b10 7
1(
#3157692000
0(
#3157963000
b11 7
1(
#3158234000
0(
#3158505000
b100 7
1(
#3158776000
0(
#3159047000
b101 7
1(
#3159318000
0(
#3159589000
b110 7
1(
#3159860000
0(
#3160131000
b111 7
1(
#3160402000
0(
#3160673000
b1000 7
1(
#3160944000
0(
#3161215000
b1001 7
1(
#3161486000
0(
#3161757000
b1010 7
1(
#3162028000
0(
#3162299000
b1011 7
1(
#3162570000
0(
#3162841000
11
b0 7
1(
#3163112000
0(
#3163383000
b110 B
b110 K
01
b1 7
1(
#3163654000
0(
#3163925000
b10 7
1(
#3164196000
0(
#3164467000
b11 7
1(
#3164738000
0(
#3165009000
b100 7
1(
#3165280000
0(
#3165551000
b101 7
1(
#3165822000
0(
#3166093000
b110 7
1(
#3166364000
0(
#3166635000
b111 7
1(
#3166906000
0(
#3167177000
b1000 7
1(
#3167448000
0(
#3167719000
b1001 7
1(
#3167990000
0(
#3168261000
b1010 7
1(
#3168532000
0(
#3168803000
b1011 7
1(
#3169074000
0(
#3169345000
11
b0 7
1(
#3169616000
0(
#3169887000
b111 B
b111 K
01
b1 7
1(
#3170158000
0(
#3170429000
b10 7
1(
#3170700000
0(
#3170971000
b11 7
1(
#3171242000
0(
#3171513000
b100 7
1(
#3171784000
0(
#3172055000
b101 7
1(
#3172326000
0(
#3172597000
b110 7
1(
#3172868000
0(
#3173139000
b111 7
1(
#3173410000
0(
#3173681000
b1000 7
1(
#3173952000
0(
#3174223000
b1001 7
1(
#3174494000
0(
#3174765000
b1010 7
1(
#3175036000
0(
#3175307000
b1011 7
1(
#3175578000
0(
#3175849000
11
b0 7
1(
#3176120000
0(
#3176391000
b10 A
b0 <
b0 B
b1000 K
01
b1 7
1(
#3176662000
0(
#3176933000
b10 7
1(
#3177204000
0(
#3177475000
b11 7
1(
#3177746000
0(
#3178017000
b100 7
1(
#3178288000
0(
#3178559000
b101 7
1(
#3178830000
0(
#3179101000
b110 7
1(
#3179372000
0(
#3179643000
b111 7
1(
#3179914000
0(
#3180185000
b1000 7
1(
#3180456000
0(
#3180727000
b1001 7
1(
#3180998000
0(
#3181269000
b1010 7
1(
#3181540000
0(
#3181811000
b1011 7
1(
#3182082000
0(
#3182353000
11
b0 7
1(
#3182624000
0(
#3182895000
b1 B
b1001 K
01
b1 7
1(
#3183166000
0(
#3183437000
b10 7
1(
#3183708000
0(
#3183979000
b11 7
1(
#3184250000
0(
#3184521000
b100 7
1(
#3184792000
0(
#3185063000
b101 7
1(
#3185334000
0(
#3185605000
b110 7
1(
#3185876000
0(
#3186147000
b111 7
1(
#3186418000
0(
#3186689000
b1000 7
1(
#3186960000
0(
#3187231000
b1001 7
1(
#3187502000
0(
#3187773000
b1010 7
1(
#3188044000
0(
#3188315000
b1011 7
1(
#3188586000
0(
#3188857000
11
b0 7
1(
#3189128000
0(
#3189399000
b10 B
b1010 K
01
b1 7
1(
#3189670000
0(
#3189941000
b10 7
1(
#3190212000
0(
#3190483000
b11 7
1(
#3190754000
0(
#3191025000
b100 7
1(
#3191296000
0(
#3191567000
b101 7
1(
#3191838000
0(
#3192109000
b110 7
1(
#3192380000
0(
#3192651000
b111 7
1(
#3192922000
0(
#3193193000
b1000 7
1(
#3193464000
0(
#3193735000
b1001 7
1(
#3194006000
0(
#3194277000
b1010 7
1(
#3194548000
0(
#3194819000
b1011 7
1(
#3195090000
0(
#3195361000
11
b0 7
1(
#3195632000
0(
#3195903000
b11 B
b1011 K
01
b1 7
1(
#3196174000
0(
#3196445000
b10 7
1(
#3196716000
0(
#3196987000
b11 7
1(
#3197258000
0(
#3197529000
b100 7
1(
#3197800000
0(
#3198071000
b101 7
1(
#3198342000
0(
#3198613000
b110 7
1(
#3198884000
0(
#3199155000
b111 7
1(
#3199426000
0(
#3199697000
b1000 7
1(
#3199968000
0(
#3200239000
b1001 7
1(
#3200510000
0(
#3200781000
b1010 7
1(
#3201052000
0(
#3201323000
b1011 7
1(
#3201594000
0(
#3201865000
11
b0 7
1(
#3202136000
0(
#3202407000
b100 B
b1100 K
01
b1 7
1(
#3202678000
0(
#3202949000
b10 7
1(
#3203220000
0(
#3203491000
b11 7
1(
#3203762000
0(
#3204033000
b100 7
1(
#3204304000
0(
#3204575000
b101 7
1(
#3204846000
0(
#3205117000
b110 7
1(
#3205388000
0(
#3205659000
b111 7
1(
#3205930000
0(
#3206201000
b1000 7
1(
#3206472000
0(
#3206743000
b1001 7
1(
#3207014000
0(
#3207285000
b1010 7
1(
#3207556000
0(
#3207827000
b1011 7
1(
#3208098000
0(
#3208369000
11
b0 7
1(
#3208640000
0(
#3208911000
b101 B
b1101 K
01
b1 7
1(
#3209182000
0(
#3209453000
b10 7
1(
#3209724000
0(
#3209995000
b11 7
1(
#3210266000
0(
#3210537000
b100 7
1(
#3210808000
0(
#3211079000
b101 7
1(
#3211350000
0(
#3211621000
b110 7
1(
#3211892000
0(
#3212163000
b111 7
1(
#3212434000
0(
#3212705000
b1000 7
1(
#3212976000
0(
#3213247000
b1001 7
1(
#3213518000
0(
#3213789000
b1010 7
1(
#3214060000
0(
#3214331000
b1011 7
1(
#3214602000
0(
#3214873000
11
b0 7
1(
#3215144000
0(
#3215415000
b110 B
b1110 K
01
b1 7
1(
#3215686000
0(
#3215957000
b10 7
1(
#3216228000
0(
#3216499000
b11 7
1(
#3216770000
0(
#3217041000
b100 7
1(
#3217312000
0(
#3217583000
b101 7
1(
#3217854000
0(
#3218125000
b110 7
1(
#3218396000
0(
#3218667000
b111 7
1(
#3218938000
0(
#3219209000
b1000 7
1(
#3219480000
0(
#3219751000
b1001 7
1(
#3220022000
0(
#3220293000
b1010 7
1(
#3220564000
0(
#3220835000
b1011 7
1(
#3221106000
0(
#3221377000
11
b0 7
1(
#3221648000
0(
#3221919000
b111 B
b1111 K
01
b1 7
1(
#3222190000
0(
#3222461000
b10 7
1(
#3222732000
0(
#3223003000
b11 7
1(
#3223274000
0(
#3223545000
b100 7
1(
#3223816000
0(
#3224087000
b101 7
1(
#3224358000
0(
#3224629000
b110 7
1(
#3224900000
0(
#3225171000
b111 7
1(
#3225442000
0(
#3225713000
b1000 7
1(
#3225984000
0(
#3226255000
b1001 7
1(
#3226526000
0(
#3226797000
b1010 7
1(
#3227068000
0(
#3227339000
b1011 7
1(
#3227610000
0(
#3227881000
11
b0 7
1(
#3228152000
0(
#3228423000
b1000 B
b10 J
b0 H
b0 K
01
b1 7
1(
#3228694000
0(
#3228965000
b10 7
1"
1(
#3229236000
0(
#3229507000
1>
b11 7
1(
#3229778000
0(
#3230049000
b100 7
1?
1(
#3230320000
0(
#3230591000
b101 7
1(
#3230862000
0(
#3231133000
b110 7
1(
#3231404000
0(
#3231675000
b111 7
1(
#3231946000
0(
#3232217000
b1000 7
1(
#3232488000
0(
#3232759000
b1001 7
1(
#3233030000
0(
#3233301000
b1010 7
1(
#3233572000
0(
#3233843000
b1011 7
1(
#3234114000
0(
#3234385000
11
b0 7
1(
#3234656000
0(
#3234927000
b1001 B
b1 K
01
b1 7
1(
#3235198000
0(
#3235469000
b10 7
1(
#3235740000
0(
#3236011000
b11 7
1(
#3236282000
0(
#3236553000
b100 7
1(
#3236824000
0(
#3237095000
b101 7
1(
#3237366000
0(
#3237637000
b110 7
1(
#3237908000
0(
#3238179000
b111 7
1(
#3238450000
0(
#3238721000
b1000 7
1(
#3238992000
0(
#3239263000
b1001 7
1(
#3239534000
0(
#3239805000
b1010 7
1(
#3240076000
0(
#3240347000
b1011 7
1(
#3240618000
0(
#3240889000
11
b0 7
1(
#3241160000
0(
#3241431000
b1010 B
b10 K
01
b1 7
1(
#3241702000
0(
#3241973000
b10 7
1(
#3242244000
0(
#3242515000
b11 7
1(
#3242786000
0(
#3243057000
b100 7
1(
#3243328000
0(
#3243599000
b101 7
1(
#3243870000
0(
#3244141000
b110 7
1(
#3244412000
0(
#3244683000
b111 7
1(
#3244954000
0(
#3245225000
b1000 7
1(
#3245496000
0(
#3245767000
b1001 7
1(
#3246038000
0(
#3246309000
b1010 7
1(
#3246580000
0(
#3246851000
b1011 7
1(
#3247122000
0(
#3247393000
11
b0 7
1(
#3247664000
0(
#3247935000
b1011 B
b11 K
01
b1 7
1(
#3248206000
0(
#3248477000
b10 7
1(
#3248748000
0(
#3249019000
b11 7
1(
#3249290000
0(
#3249561000
b100 7
1(
#3249832000
0(
#3250103000
b101 7
1(
#3250374000
0(
#3250645000
b110 7
1(
#3250916000
0(
#3251187000
b111 7
1(
#3251458000
0(
#3251729000
b1000 7
1(
#3252000000
0(
#3252271000
b1001 7
1(
#3252542000
0(
#3252813000
b1010 7
1(
#3253084000
0(
#3253355000
b1011 7
1(
#3253626000
0(
#3253897000
11
b0 7
1(
#3254168000
0(
#3254439000
b1100 B
b100 K
01
b1 7
1(
#3254710000
0(
#3254981000
b10 7
1(
#3255252000
0(
#3255523000
b11 7
1(
#3255794000
0(
#3256065000
b100 7
1(
#3256336000
0(
#3256607000
b101 7
1(
#3256878000
0(
#3257149000
b110 7
1(
#3257420000
0(
#3257691000
b111 7
1(
#3257962000
0(
#3258233000
b1000 7
1(
#3258504000
0(
#3258775000
b1001 7
1(
#3259046000
0(
#3259317000
b1010 7
1(
#3259588000
0(
#3259859000
b1011 7
1(
#3260130000
0(
#3260401000
11
b0 7
1(
#3260672000
0(
#3260943000
b1101 B
b101 K
01
b1 7
1(
#3261214000
0(
#3261485000
b10 7
1(
#3261756000
0(
#3262027000
b11 7
1(
#3262298000
0(
#3262569000
b100 7
1(
#3262840000
0(
#3263111000
b101 7
1(
#3263382000
0(
#3263653000
b110 7
1(
#3263924000
0(
#3264195000
b111 7
1(
#3264466000
0(
#3264737000
b1000 7
1(
#3265008000
0(
#3265279000
b1001 7
1(
#3265550000
0(
#3265821000
b1010 7
1(
#3266092000
0(
#3266363000
b1011 7
1(
#3266634000
0(
#3266905000
11
b0 7
1(
#3267176000
0(
#3267447000
b1110 B
b110 K
01
b1 7
1(
#3267718000
0(
#3267989000
b10 7
1(
#3268260000
0(
#3268531000
b11 7
1(
#3268802000
0(
#3269073000
b100 7
1(
#3269344000
0(
#3269615000
b101 7
1(
#3269886000
0(
#3270157000
b110 7
1(
#3270428000
0(
#3270699000
b111 7
1(
#3270970000
0(
#3271241000
b1000 7
1(
#3271512000
0(
#3271783000
b1001 7
1(
#3272054000
0(
#3272325000
b1010 7
1(
#3272596000
0(
#3272867000
b1011 7
1(
#3273138000
0(
#3273409000
11
b0 7
1(
#3273680000
0(
#3273951000
b1111 B
b111 K
01
b1 7
1(
#3274222000
0(
#3274493000
b10 7
1(
#3274764000
0(
#3275035000
b11 7
1(
#3275306000
0(
#3275577000
b100 7
1(
#3275848000
0(
#3276119000
b101 7
1(
#3276390000
0(
#3276661000
b110 7
1(
#3276932000
0(
#3277203000
b111 7
1(
#3277474000
0(
#3277745000
b1000 7
1(
#3278016000
0(
#3278287000
b1001 7
1(
#3278558000
0(
#3278829000
b1010 7
1(
#3279100000
0(
#3279371000
b1011 7
1(
#3279642000
0(
#3279913000
11
b0 7
1(
#3280184000
0(
#3280455000
b1 <
b1 @
b0 B
b1000 K
01
b1 7
1(
#3280726000
0(
#3280997000
b10 7
1(
#3281268000
0(
#3281539000
b11 7
1(
#3281810000
0(
#3282081000
b100 7
1(
#3282352000
0(
#3282623000
b101 7
1(
#3282894000
0(
#3283165000
b110 7
1(
#3283436000
0(
#3283707000
b111 7
1(
#3283978000
0(
#3284249000
b1000 7
1(
#3284520000
0(
#3284791000
b1001 7
1(
#3285062000
0(
#3285333000
b1010 7
1(
#3285604000
0(
#3285875000
b1011 7
1(
#3286146000
0(
#3286417000
11
b0 7
1(
#3286688000
0(
#3286959000
b1 B
b1001 K
01
b1 7
1(
#3287230000
0(
#3287501000
b10 7
1(
#3287772000
0(
#3288043000
b11 7
1(
#3288314000
0(
#3288585000
b100 7
1(
#3288856000
0(
#3289127000
b101 7
1(
#3289398000
0(
#3289669000
b110 7
1(
#3289940000
0(
#3290211000
b111 7
1(
#3290482000
0(
#3290753000
b1000 7
1(
#3291024000
0(
#3291295000
b1001 7
1(
#3291566000
0(
#3291837000
b1010 7
1(
#3292108000
0(
#3292379000
b1011 7
1(
#3292650000
0(
#3292921000
11
b0 7
1(
#3293192000
0(
#3293463000
b10 B
b1010 K
01
b1 7
1(
#3293734000
0(
#3294005000
b10 7
1(
#3294276000
0(
#3294547000
b11 7
1(
#3294818000
0(
#3295089000
b100 7
1(
#3295360000
0(
#3295631000
b101 7
1(
#3295902000
0(
#3296173000
b110 7
1(
#3296444000
0(
#3296715000
b111 7
1(
#3296986000
0(
#3297257000
b1000 7
1(
#3297528000
0(
#3297799000
b1001 7
1(
#3298070000
0(
#3298341000
b1010 7
1(
#3298612000
0(
#3298883000
b1011 7
1(
#3299154000
0(
#3299425000
11
b0 7
1(
#3299696000
0(
#3299967000
b11 B
b1011 K
01
b1 7
1(
#3300238000
0(
#3300509000
b10 7
1(
#3300780000
0(
#3301051000
b11 7
1(
#3301322000
0(
#3301593000
b100 7
1(
#3301864000
0(
#3302135000
b101 7
1(
#3302406000
0(
#3302677000
b110 7
1(
#3302948000
0(
#3303219000
b111 7
1(
#3303490000
0(
#3303761000
b1000 7
1(
#3304032000
0(
#3304303000
b1001 7
1(
#3304574000
0(
#3304845000
b1010 7
1(
#3305116000
0(
#3305387000
b1011 7
1(
#3305658000
0(
#3305929000
11
b0 7
1(
#3306200000
0(
#3306471000
b100 B
b1100 K
01
b1 7
1(
#3306742000
0(
#3307013000
b10 7
1(
#3307284000
0(
#3307555000
b11 7
1(
#3307826000
0(
#3308097000
b100 7
1(
#3308368000
0(
#3308639000
b101 7
1(
#3308910000
0(
#3309181000
b110 7
1(
#3309452000
0(
#3309723000
b111 7
1(
#3309994000
0(
#3310265000
b1000 7
1(
#3310536000
0(
#3310807000
b1001 7
1(
#3311078000
0(
#3311349000
b1010 7
1(
#3311620000
0(
#3311891000
b1011 7
1(
#3312162000
0(
#3312433000
11
b0 7
1(
#3312704000
0(
#3312975000
b101 B
b1101 K
01
b1 7
1(
#3313246000
0(
#3313517000
b10 7
1(
#3313788000
0(
#3314059000
b11 7
1(
#3314330000
0(
#3314601000
b100 7
1(
#3314872000
0(
#3315143000
b101 7
1(
#3315414000
0(
#3315685000
b110 7
1(
#3315956000
0(
#3316227000
b111 7
1(
#3316498000
0(
#3316769000
b1000 7
1(
#3317040000
0(
#3317311000
b1001 7
1(
#3317582000
0(
#3317853000
b1010 7
1(
#3318124000
0(
#3318395000
b1011 7
1(
#3318666000
0(
#3318937000
11
b0 7
1(
#3319208000
0(
#3319479000
b110 B
b1110 K
01
b1 7
1(
#3319750000
0(
#3320021000
b10 7
1(
#3320292000
0(
#3320563000
b11 7
1(
#3320834000
0(
#3321105000
b100 7
1(
#3321376000
0(
#3321647000
b101 7
1(
#3321918000
0(
#3322189000
b110 7
1(
#3322460000
0(
#3322731000
b111 7
1(
#3323002000
0(
#3323273000
b1000 7
1(
#3323544000
0(
#3323815000
b1001 7
1(
#3324086000
0(
#3324357000
b1010 7
1(
#3324628000
0(
#3324899000
b1011 7
1(
#3325170000
0(
#3325441000
11
b0 7
1(
#3325712000
0(
#3325983000
b111 B
b1111 K
01
b1 7
1(
#3326254000
0(
#3326525000
b10 7
1(
#3326796000
0(
#3327067000
b11 7
1(
#3327338000
0(
#3327609000
b100 7
1(
#3327880000
0(
#3328151000
b101 7
1(
#3328422000
0(
#3328693000
b110 7
1(
#3328964000
0(
#3329235000
b111 7
1(
#3329506000
0(
#3329777000
b1000 7
1(
#3330048000
0(
#3330319000
b1001 7
1(
#3330590000
0(
#3330861000
b1010 7
1(
#3331132000
0(
#3331403000
b1011 7
1(
#3331674000
0(
#3331945000
11
b0 7
1(
#3332216000
0(
#3332487000
b1000 B
b1 H
b0 K
01
b1 7
1(
#3332758000
0(
#3333029000
b10 7
1(
#3333300000
0(
#3333571000
b11 7
1(
#3333842000
0(
#3334113000
b100 7
1(
#3334384000
0(
#3334655000
b101 7
1(
#3334926000
0(
#3335197000
b110 7
1(
#3335468000
0(
#3335739000
b111 7
1(
#3336010000
0(
#3336281000
b1000 7
1(
#3336552000
0(
#3336823000
b1001 7
1(
#3337094000
0(
#3337365000
b1010 7
1(
#3337636000
0(
#3337907000
b1011 7
1(
#3338178000
0(
#3338449000
11
b0 7
1(
#3338720000
0(
#3338991000
b1001 B
b1 K
01
b1 7
1(
#3339262000
0(
#3339533000
b10 7
1(
#3339804000
0(
#3340075000
b11 7
1(
#3340346000
0(
#3340617000
b100 7
1(
#3340888000
0(
#3341159000
b101 7
1(
#3341430000
0(
#3341701000
b110 7
1(
#3341972000
0(
#3342243000
b111 7
1(
#3342514000
0(
#3342785000
b1000 7
1(
#3343056000
0(
#3343327000
b1001 7
1(
#3343598000
0(
#3343869000
b1010 7
1(
#3344140000
0(
#3344411000
b1011 7
1(
#3344682000
0(
#3344953000
11
b0 7
1(
#3345224000
0(
#3345495000
b1010 B
b10 K
01
b1 7
1(
#3345766000
0(
#3346037000
b10 7
1(
#3346308000
0(
#3346579000
b11 7
1(
#3346850000
0(
#3347121000
b100 7
1(
#3347392000
0(
#3347663000
b101 7
1(
#3347934000
0(
#3348205000
b110 7
1(
#3348476000
0(
#3348747000
b111 7
1(
#3349018000
0(
#3349289000
b1000 7
1(
#3349560000
0(
#3349831000
b1001 7
1(
#3350102000
0(
#3350373000
b1010 7
1(
#3350644000
0(
#3350915000
b1011 7
1(
#3351186000
0(
#3351457000
11
b0 7
1(
#3351728000
0(
#3351999000
b1011 B
b11 K
01
b1 7
1(
#3352270000
0(
#3352541000
b10 7
1(
#3352812000
0(
#3353083000
b11 7
1(
#3353354000
0(
#3353625000
b100 7
1(
#3353896000
0(
#3354167000
b101 7
1(
#3354438000
0(
#3354709000
b110 7
1(
#3354980000
0(
#3355251000
b111 7
1(
#3355522000
0(
#3355793000
b1000 7
1(
#3356064000
0(
#3356335000
b1001 7
1(
#3356606000
0(
#3356877000
b1010 7
1(
#3357148000
0(
#3357419000
b1011 7
1(
#3357690000
0(
#3357961000
11
b0 7
1(
#3358232000
0(
#3358503000
b1100 B
b100 K
01
b1 7
1(
#3358774000
0(
#3359045000
b10 7
1(
#3359316000
0(
#3359587000
b11 7
1(
#3359858000
0(
#3360129000
b100 7
1(
#3360400000
0(
#3360671000
b101 7
1(
#3360942000
0(
#3361213000
b110 7
1(
#3361484000
0(
#3361755000
b111 7
1(
#3362026000
0(
#3362297000
b1000 7
1(
#3362568000
0(
#3362839000
b1001 7
1(
#3363110000
0(
#3363381000
b1010 7
1(
#3363652000
0(
#3363923000
b1011 7
1(
#3364194000
0(
#3364465000
11
b0 7
1(
#3364736000
0(
#3365007000
b1101 B
b101 K
01
b1 7
1(
#3365278000
0(
#3365549000
b10 7
1(
#3365820000
0(
#3366091000
b11 7
1(
#3366362000
0(
#3366633000
b100 7
1(
#3366904000
0(
#3367175000
b101 7
1(
#3367446000
0(
#3367717000
b110 7
1(
#3367988000
0(
#3368259000
b111 7
1(
#3368530000
0(
#3368801000
b1000 7
1(
#3369072000
0(
#3369343000
b1001 7
1(
#3369614000
0(
#3369885000
b1010 7
1(
#3370156000
0(
#3370427000
b1011 7
1(
#3370698000
0(
#3370969000
11
b0 7
1(
#3371240000
0(
#3371511000
b1110 B
b110 K
01
b1 7
1(
#3371782000
0(
#3372053000
b10 7
1(
#3372324000
0(
#3372595000
b11 7
1(
#3372866000
0(
#3373137000
b100 7
1(
#3373408000
0(
#3373679000
b101 7
1(
#3373950000
0(
#3374221000
b110 7
1(
#3374492000
0(
#3374763000
b111 7
1(
#3375034000
0(
#3375305000
b1000 7
1(
#3375576000
0(
#3375847000
b1001 7
1(
#3376118000
0(
#3376389000
b1010 7
1(
#3376660000
0(
#3376931000
b1011 7
1(
#3377202000
0(
#3377473000
11
b0 7
1(
#3377744000
0(
#3378015000
b1111 B
b111 K
01
b1 7
1(
#3378286000
0(
#3378557000
b10 7
1(
#3378828000
0(
#3379099000
b11 7
1(
#3379370000
0(
#3379641000
b100 7
1(
#3379912000
0(
#3380183000
b101 7
1(
#3380454000
0(
#3380725000
b110 7
1(
#3380996000
0(
#3381267000
b111 7
1(
#3381538000
0(
#3381809000
b1000 7
1(
#3382080000
0(
#3382351000
b1001 7
1(
#3382622000
0(
#3382893000
b1010 7
1(
#3383164000
0(
#3383435000
b1011 7
1(
#3383706000
0(
#3383977000
11
b0 7
1(
#3384248000
0(
#3384519000
b10 <
b11 @
b0 B
b1000 K
01
b1 7
1(
#3384790000
0(
#3385061000
b10 7
1(
#3385332000
0(
#3385603000
b11 7
1(
#3385874000
0(
#3386145000
b100 7
1(
#3386416000
0(
#3386687000
b101 7
1(
#3386958000
0(
#3387229000
b110 7
1(
#3387500000
0(
#3387771000
b111 7
1(
#3388042000
0(
#3388313000
b1000 7
1(
#3388584000
0(
#3388855000
b1001 7
1(
#3389126000
0(
#3389397000
b1010 7
1(
#3389668000
0(
#3389939000
b1011 7
1(
#3390210000
0(
#3390481000
11
b0 7
1(
#3390752000
0(
#3391023000
b1 B
b1001 K
01
b1 7
1(
#3391294000
0(
#3391565000
b10 7
1(
#3391836000
0(
#3392107000
b11 7
1(
#3392378000
0(
#3392649000
b100 7
1(
#3392920000
0(
#3393191000
b101 7
1(
#3393462000
0(
#3393733000
b110 7
1(
#3394004000
0(
#3394275000
b111 7
1(
#3394546000
0(
#3394817000
b1000 7
1(
#3395088000
0(
#3395359000
b1001 7
1(
#3395630000
0(
#3395901000
b1010 7
1(
#3396172000
0(
#3396443000
b1011 7
1(
#3396714000
0(
#3396985000
11
b0 7
1(
#3397256000
0(
#3397527000
b10 B
b1010 K
01
b1 7
1(
#3397798000
0(
#3398069000
b10 7
1(
#3398340000
0(
#3398611000
b11 7
1(
#3398882000
0(
#3399153000
b100 7
1(
#3399424000
0(
#3399695000
b101 7
1(
#3399966000
0(
#3400237000
b110 7
1(
#3400508000
0(
#3400779000
b111 7
1(
#3401050000
0(
#3401321000
b1000 7
1(
#3401592000
0(
#3401863000
b1001 7
1(
#3402134000
0(
#3402405000
b1010 7
1(
#3402676000
0(
#3402947000
b1011 7
1(
#3403218000
0(
#3403489000
11
b0 7
1(
#3403760000
0(
#3404031000
b11 B
b1011 K
01
b1 7
1(
#3404302000
0(
#3404573000
b10 7
1(
#3404844000
0(
#3405115000
b11 7
1(
#3405386000
0(
#3405657000
b100 7
1(
#3405928000
0(
#3406199000
b101 7
1(
#3406470000
0(
#3406741000
b110 7
1(
#3407012000
0(
#3407283000
b111 7
1(
#3407554000
0(
#3407825000
b1000 7
1(
#3408096000
0(
#3408367000
b1001 7
1(
#3408638000
0(
#3408909000
b1010 7
1(
#3409180000
0(
#3409451000
b1011 7
1(
#3409722000
0(
#3409993000
11
b0 7
1(
#3410264000
0(
#3410535000
b100 B
b1100 K
01
b1 7
1(
#3410806000
0(
#3411077000
b10 7
1(
#3411348000
0(
#3411619000
b11 7
1(
#3411890000
0(
#3412161000
b100 7
1(
#3412432000
0(
#3412703000
b101 7
1(
#3412974000
0(
#3413245000
b110 7
1(
#3413516000
0(
#3413787000
b111 7
1(
#3414058000
0(
#3414329000
b1000 7
1(
#3414600000
0(
#3414871000
b1001 7
1(
#3415142000
0(
#3415413000
b1010 7
1(
#3415684000
0(
#3415955000
b1011 7
1(
#3416226000
0(
#3416497000
11
b0 7
1(
#3416768000
0(
#3417039000
b101 B
b1101 K
01
b1 7
1(
#3417310000
0(
#3417581000
b10 7
1(
#3417852000
0(
#3418123000
b11 7
1(
#3418394000
0(
#3418665000
b100 7
1(
#3418936000
0(
#3419207000
b101 7
1(
#3419478000
0(
#3419749000
b110 7
1(
#3420020000
0(
#3420291000
b111 7
1(
#3420562000
0(
#3420833000
b1000 7
1(
#3421104000
0(
#3421375000
b1001 7
1(
#3421646000
0(
#3421917000
b1010 7
1(
#3422188000
0(
#3422459000
b1011 7
1(
#3422730000
0(
#3423001000
11
b0 7
1(
#3423272000
0(
#3423543000
b110 B
b1110 K
01
b1 7
1(
#3423814000
0(
#3424085000
b10 7
1(
#3424356000
0(
#3424627000
b11 7
1(
#3424898000
0(
#3425169000
b100 7
1(
#3425440000
0(
#3425711000
b101 7
1(
#3425982000
0(
#3426253000
b110 7
1(
#3426524000
0(
#3426795000
b111 7
1(
#3427066000
0(
#3427337000
b1000 7
1(
#3427608000
0(
#3427879000
b1001 7
1(
#3428150000
0(
#3428421000
b1010 7
1(
#3428692000
0(
#3428963000
b1011 7
1(
#3429234000
0(
#3429505000
11
b0 7
1(
#3429776000
0(
#3430047000
b111 B
b1111 K
01
b1 7
1(
#3430318000
0(
#3430589000
b10 7
1(
#3430860000
0(
#3431131000
b11 7
1(
#3431402000
0(
#3431673000
b100 7
1(
#3431944000
0(
#3432215000
b101 7
1(
#3432486000
0(
#3432757000
b110 7
1(
#3433028000
0(
#3433299000
b111 7
1(
#3433570000
0(
#3433841000
b1000 7
1(
#3434112000
0(
#3434383000
b1001 7
1(
#3434654000
0(
#3434925000
b1010 7
1(
#3435196000
0(
#3435467000
b1011 7
1(
#3435738000
0(
#3436009000
11
b0 7
1(
#3436280000
0(
#3436551000
b1000 B
b10 H
b0 K
01
b1 7
1(
#3436822000
0(
#3437093000
b10 7
1(
#3437364000
0(
#3437635000
b11 7
1(
#3437906000
0(
#3438177000
b100 7
1(
#3438448000
0(
#3438719000
b101 7
1(
#3438990000
0(
#3439261000
b110 7
1(
#3439532000
0(
#3439803000
b111 7
1(
#3440074000
0(
#3440345000
b1000 7
1(
#3440616000
0(
#3440887000
b1001 7
1(
#3441158000
0(
#3441429000
b1010 7
1(
#3441700000
0(
#3441971000
b1011 7
1(
#3442242000
0(
#3442513000
11
b0 7
1(
#3442784000
0(
#3443055000
b1001 B
b1 K
01
b1 7
1(
#3443326000
0(
#3443597000
b10 7
1(
#3443868000
0(
#3444139000
b11 7
1(
#3444410000
0(
#3444681000
b100 7
1(
#3444952000
0(
#3445223000
b101 7
1(
#3445494000
0(
#3445765000
b110 7
1(
#3446036000
0(
#3446307000
b111 7
1(
#3446578000
0(
#3446849000
b1000 7
1(
#3447120000
0(
#3447391000
b1001 7
1(
#3447662000
0(
#3447933000
b1010 7
1(
#3448204000
0(
#3448475000
b1011 7
1(
#3448746000
0(
#3449017000
11
b0 7
1(
#3449288000
0(
#3449559000
b1010 B
b10 K
01
b1 7
1(
#3449830000
0(
#3450101000
b10 7
1(
#3450372000
0(
#3450643000
b11 7
1(
#3450914000
0(
#3451185000
b100 7
1(
#3451456000
0(
#3451727000
b101 7
1(
#3451998000
0(
#3452269000
b110 7
1(
#3452540000
0(
#3452811000
b111 7
1(
#3453082000
0(
#3453353000
b1000 7
1(
#3453624000
0(
#3453895000
b1001 7
1(
#3454166000
0(
#3454437000
b1010 7
1(
#3454708000
0(
#3454979000
b1011 7
1(
#3455250000
0(
#3455521000
11
b0 7
1(
#3455792000
0(
#3456063000
b1011 B
b11 K
01
b1 7
1(
#3456334000
0(
#3456605000
b10 7
1(
#3456876000
0(
#3457147000
b11 7
1(
#3457418000
0(
#3457689000
b100 7
1(
#3457960000
0(
#3458231000
b101 7
1(
#3458502000
0(
#3458773000
b110 7
1(
#3459044000
0(
#3459315000
b111 7
1(
#3459586000
0(
#3459857000
b1000 7
1(
#3460128000
0(
#3460399000
b1001 7
1(
#3460670000
0(
#3460941000
b1010 7
1(
#3461212000
0(
#3461483000
b1011 7
1(
#3461754000
0(
#3462025000
11
b0 7
1(
#3462296000
0(
#3462567000
b1100 B
b100 K
01
b1 7
1(
#3462838000
0(
#3463109000
b10 7
1(
#3463380000
0(
#3463651000
b11 7
1(
#3463922000
0(
#3464193000
b100 7
1(
#3464464000
0(
#3464735000
b101 7
1(
#3465006000
0(
#3465277000
b110 7
1(
#3465548000
0(
#3465819000
b111 7
1(
#3466090000
0(
#3466361000
b1000 7
1(
#3466632000
0(
#3466903000
b1001 7
1(
#3467174000
0(
#3467445000
b1010 7
1(
#3467716000
0(
#3467987000
b1011 7
1(
#3468258000
0(
#3468529000
11
b0 7
1(
#3468800000
0(
#3469071000
b1101 B
b101 K
01
b1 7
1(
#3469342000
0(
#3469613000
b10 7
1(
#3469884000
0(
#3470155000
b11 7
1(
#3470426000
0(
#3470697000
b100 7
1(
#3470968000
0(
#3471239000
b101 7
1(
#3471510000
0(
#3471781000
b110 7
1(
#3472052000
0(
#3472323000
b111 7
1(
#3472594000
0(
#3472865000
b1000 7
1(
#3473136000
0(
#3473407000
b1001 7
1(
#3473678000
0(
#3473949000
b1010 7
1(
#3474220000
0(
#3474491000
b1011 7
1(
#3474762000
0(
#3475033000
11
b0 7
1(
#3475304000
0(
#3475575000
b1110 B
b110 K
01
b1 7
1(
#3475846000
0(
#3476117000
b10 7
1(
#3476388000
0(
#3476659000
b11 7
1(
#3476930000
0(
#3477201000
b100 7
1(
#3477472000
0(
#3477743000
b101 7
1(
#3478014000
0(
#3478285000
b110 7
1(
#3478556000
0(
#3478827000
b111 7
1(
#3479098000
0(
#3479369000
b1000 7
1(
#3479640000
0(
#3479911000
b1001 7
1(
#3480182000
0(
#3480453000
b1010 7
1(
#3480724000
0(
#3480995000
b1011 7
1(
#3481266000
0(
#3481537000
11
b0 7
1(
#3481808000
0(
#3482079000
b1111 B
b111 K
01
b1 7
1(
#3482350000
0(
#3482621000
b10 7
1(
#3482892000
0(
#3483163000
b11 7
1(
#3483434000
0(
#3483705000
b100 7
1(
#3483976000
0(
#3484247000
b101 7
1(
#3484518000
0(
#3484789000
b110 7
1(
#3485060000
0(
#3485331000
b111 7
1(
#3485602000
0(
#3485873000
b1000 7
1(
#3486144000
0(
#3486415000
b1001 7
1(
#3486686000
0(
#3486957000
b1010 7
1(
#3487228000
0(
#3487499000
b1011 7
1(
#3487770000
0(
#3488041000
11
b0 7
1(
#3488312000
0(
#3488583000
b11 <
b111 @
b0 B
b1000 K
01
b1 7
1(
#3488854000
0(
#3489125000
b10 7
1(
#3489396000
0(
#3489667000
b11 7
1(
#3489938000
0(
#3490209000
b100 7
1(
#3490480000
0(
#3490751000
b101 7
1(
#3491022000
0(
#3491293000
b110 7
1(
#3491564000
0(
#3491835000
b111 7
1(
#3492106000
0(
#3492377000
b1000 7
1(
#3492648000
0(
#3492919000
b1001 7
1(
#3493190000
0(
#3493461000
b1010 7
1(
#3493732000
0(
#3494003000
b1011 7
1(
#3494274000
0(
#3494545000
11
b0 7
1(
#3494816000
0(
#3495087000
b1 B
b1001 K
01
b1 7
1(
#3495358000
0(
#3495629000
b10 7
1(
#3495900000
0(
#3496171000
b11 7
1(
#3496442000
0(
#3496713000
b100 7
1(
#3496984000
0(
#3497255000
b101 7
1(
#3497526000
0(
#3497797000
b110 7
1(
#3498068000
0(
#3498339000
b111 7
1(
#3498610000
0(
#3498881000
b1000 7
1(
#3499152000
0(
#3499423000
b1001 7
1(
#3499694000
0(
#3499965000
b1010 7
1(
#3500236000
0(
#3500507000
b1011 7
1(
#3500778000
0(
#3501049000
11
b0 7
1(
#3501320000
0(
#3501591000
b10 B
b1010 K
01
b1 7
1(
#3501862000
0(
#3502133000
b10 7
1(
#3502404000
0(
#3502675000
b11 7
1(
#3502946000
0(
#3503217000
b100 7
1(
#3503488000
0(
#3503759000
b101 7
1(
#3504030000
0(
#3504301000
b110 7
1(
#3504572000
0(
#3504843000
b111 7
1(
#3505114000
0(
#3505385000
b1000 7
1(
#3505656000
0(
#3505927000
b1001 7
1(
#3506198000
0(
#3506469000
b1010 7
1(
#3506740000
0(
#3507011000
b1011 7
1(
#3507282000
0(
#3507553000
11
b0 7
1(
#3507824000
0(
#3508095000
b11 B
b1011 K
01
b1 7
1(
#3508366000
0(
#3508637000
b10 7
1(
#3508908000
0(
#3509179000
b11 7
1(
#3509450000
0(
#3509721000
b100 7
1(
#3509992000
0(
#3510263000
b101 7
1(
#3510534000
0(
#3510805000
b110 7
1(
#3511076000
0(
#3511347000
b111 7
1(
#3511618000
0(
#3511889000
b1000 7
1(
#3512160000
0(
#3512431000
b1001 7
1(
#3512702000
0(
#3512973000
b1010 7
1(
#3513244000
0(
#3513515000
b1011 7
1(
#3513786000
0(
#3514057000
11
b0 7
1(
#3514328000
0(
#3514599000
b100 B
b1100 K
01
b1 7
1(
#3514870000
0(
#3515141000
b10 7
1(
#3515412000
0(
#3515683000
b11 7
1(
#3515954000
0(
#3516225000
b100 7
1(
#3516496000
0(
#3516767000
b101 7
1(
#3517038000
0(
#3517309000
b110 7
1(
#3517580000
0(
#3517851000
b111 7
1(
#3518122000
0(
#3518393000
b1000 7
1(
#3518664000
0(
#3518935000
b1001 7
1(
#3519206000
0(
#3519477000
b1010 7
1(
#3519748000
0(
#3520019000
b1011 7
1(
#3520290000
0(
#3520561000
11
b0 7
1(
#3520832000
0(
#3521103000
b101 B
b1101 K
01
b1 7
1(
#3521374000
0(
#3521645000
b10 7
1(
#3521916000
0(
#3522187000
b11 7
1(
#3522458000
0(
#3522729000
b100 7
1(
#3523000000
0(
#3523271000
b101 7
1(
#3523542000
0(
#3523813000
b110 7
1(
#3524084000
0(
#3524355000
b111 7
1(
#3524626000
0(
#3524897000
b1000 7
1(
#3525168000
0(
#3525439000
b1001 7
1(
#3525710000
0(
#3525981000
b1010 7
1(
#3526252000
0(
#3526523000
b1011 7
1(
#3526794000
0(
#3527065000
11
b0 7
1(
#3527336000
0(
#3527607000
b110 B
b1110 K
01
b1 7
1(
#3527878000
0(
#3528149000
b10 7
1(
#3528420000
0(
#3528691000
b11 7
1(
#3528962000
0(
#3529233000
b100 7
1(
#3529504000
0(
#3529775000
b101 7
1(
#3530046000
0(
#3530317000
b110 7
1(
#3530588000
0(
#3530859000
b111 7
1(
#3531130000
0(
#3531401000
b1000 7
1(
#3531672000
0(
#3531943000
b1001 7
1(
#3532214000
0(
#3532485000
b1010 7
1(
#3532756000
0(
#3533027000
b1011 7
1(
#3533298000
0(
#3533569000
11
b0 7
1(
#3533840000
0(
#3534111000
b111 B
b1111 K
01
b1 7
1(
#3534382000
0(
#3534653000
b10 7
1(
#3534924000
0(
#3535195000
b11 7
1(
#3535466000
0(
#3535737000
b100 7
1(
#3536008000
0(
#3536279000
b101 7
1(
#3536550000
0(
#3536821000
b110 7
1(
#3537092000
0(
#3537363000
b111 7
1(
#3537634000
0(
#3537905000
b1000 7
1(
#3538176000
0(
#3538447000
b1001 7
1(
#3538718000
0(
#3538989000
b1010 7
1(
#3539260000
0(
#3539531000
b1011 7
1(
#3539802000
0(
#3540073000
11
b0 7
1(
#3540344000
0(
#3540615000
b1000 B
b11 H
b0 K
01
b1 7
1(
#3540886000
0(
#3541157000
b10 7
1(
#3541428000
0(
#3541699000
b11 7
1(
#3541970000
0(
#3542241000
b100 7
1(
#3542512000
0(
#3542783000
b101 7
1(
#3543054000
0(
#3543325000
b110 7
1(
#3543596000
0(
#3543867000
b111 7
1(
#3544138000
0(
#3544409000
b1000 7
1(
#3544680000
0(
#3544951000
b1001 7
1(
#3545222000
0(
#3545493000
b1010 7
1(
#3545764000
0(
#3546035000
b1011 7
1(
#3546306000
0(
#3546577000
11
b0 7
1(
#3546848000
0(
#3547119000
b1001 B
b1 K
01
b1 7
1(
#3547390000
0(
#3547661000
b10 7
1(
#3547932000
0(
#3548203000
b11 7
1(
#3548474000
0(
#3548745000
b100 7
1(
#3549016000
0(
#3549287000
b101 7
1(
#3549558000
0(
#3549829000
b110 7
1(
#3550100000
0(
#3550371000
b111 7
1(
#3550642000
0(
#3550913000
b1000 7
1(
#3551184000
0(
#3551455000
b1001 7
1(
#3551726000
0(
#3551997000
b1010 7
1(
#3552268000
0(
#3552539000
b1011 7
1(
#3552810000
0(
#3553081000
11
b0 7
1(
#3553352000
0(
#3553623000
b1010 B
b10 K
01
b1 7
1(
#3553894000
0(
#3554165000
b10 7
1(
#3554436000
0(
#3554707000
b11 7
1(
#3554978000
0(
#3555249000
b100 7
1(
#3555520000
0(
#3555791000
b101 7
1(
#3556062000
0(
#3556333000
b110 7
1(
#3556604000
0(
#3556875000
b111 7
1(
#3557146000
0(
#3557417000
b1000 7
1(
#3557688000
0(
#3557959000
b1001 7
1(
#3558230000
0(
#3558501000
b1010 7
1(
#3558772000
0(
#3559043000
b1011 7
1(
#3559314000
0(
#3559585000
11
b0 7
1(
#3559856000
0(
#3560127000
b1011 B
b11 K
01
b1 7
1(
#3560398000
0(
#3560669000
b10 7
1(
#3560940000
0(
#3561211000
b11 7
1(
#3561482000
0(
#3561753000
b100 7
1(
#3562024000
0(
#3562295000
b101 7
1(
#3562566000
0(
#3562837000
b110 7
1(
#3563108000
0(
#3563379000
b111 7
1(
#3563650000
0(
#3563921000
b1000 7
1(
#3564192000
0(
#3564463000
b1001 7
1(
#3564734000
0(
#3565005000
b1010 7
1(
#3565276000
0(
#3565547000
b1011 7
1(
#3565818000
0(
#3566089000
11
b0 7
1(
#3566360000
0(
#3566631000
b1100 B
b100 K
01
b1 7
1(
#3566902000
0(
#3567173000
b10 7
1(
#3567444000
0(
#3567715000
b11 7
1(
#3567986000
0(
#3568257000
b100 7
1(
#3568528000
0(
#3568799000
b101 7
1(
#3569070000
0(
#3569341000
b110 7
1(
#3569612000
0(
#3569883000
b111 7
1(
#3570154000
0(
#3570425000
b1000 7
1(
#3570696000
0(
#3570967000
b1001 7
1(
#3571238000
0(
#3571509000
b1010 7
1(
#3571780000
0(
#3572051000
b1011 7
1(
#3572322000
0(
#3572593000
11
b0 7
1(
#3572864000
0(
#3573135000
b1101 B
b101 K
01
b1 7
1(
#3573406000
0(
#3573677000
b10 7
1(
#3573948000
0(
#3574219000
b11 7
1(
#3574490000
0(
#3574761000
b100 7
1(
#3575032000
0(
#3575303000
b101 7
1(
#3575574000
0(
#3575845000
b110 7
1(
#3576116000
0(
#3576387000
b111 7
1(
#3576658000
0(
#3576929000
b1000 7
1(
#3577200000
0(
#3577471000
b1001 7
1(
#3577742000
0(
#3578013000
b1010 7
1(
#3578284000
0(
#3578555000
b1011 7
1(
#3578826000
0(
#3579097000
11
b0 7
1(
#3579368000
0(
#3579639000
b1110 B
b110 K
01
b1 7
1(
#3579910000
0(
#3580181000
b10 7
1(
#3580452000
0(
#3580723000
b11 7
1(
#3580994000
0(
#3581265000
b100 7
1(
#3581536000
0(
#3581807000
b101 7
1(
#3582078000
0(
#3582349000
b110 7
1(
#3582620000
0(
#3582891000
b111 7
1(
#3583162000
0(
#3583433000
b1000 7
1(
#3583704000
0(
#3583975000
b1001 7
1(
#3584246000
0(
#3584517000
b1010 7
1(
#3584788000
0(
#3585059000
b1011 7
1(
#3585330000
0(
#3585601000
11
b0 7
1(
#3585872000
0(
#3586143000
b1111 B
b111 K
01
b1 7
1(
#3586414000
0(
#3586685000
b10 7
1(
#3586956000
0(
#3587227000
b11 7
1(
#3587498000
0(
#3587769000
b100 7
1(
#3588040000
0(
#3588311000
b101 7
1(
#3588582000
0(
#3588853000
b110 7
1(
#3589124000
0(
#3589395000
b111 7
1(
#3589666000
0(
#3589937000
b1000 7
1(
#3590208000
0(
#3590479000
b1001 7
1(
#3590750000
0(
#3591021000
b1010 7
1(
#3591292000
0(
#3591563000
b1011 7
1(
#3591834000
0(
#3592105000
11
b0 7
1(
#3592376000
0(
#3592647000
b100 <
b1111 @
b0 B
b1000 K
01
b1 7
1(
#3592918000
0(
#3593189000
b10 7
1(
#3593460000
0(
#3593731000
b11 7
1(
#3594002000
0(
#3594273000
b100 7
1(
#3594544000
0(
#3594815000
b101 7
1(
#3595086000
0(
#3595357000
b110 7
1(
#3595628000
0(
#3595899000
b111 7
1(
#3596170000
0(
#3596441000
b1000 7
1(
#3596712000
0(
#3596983000
b1001 7
1(
#3597254000
0(
#3597525000
b1010 7
1(
#3597796000
0(
#3598067000
b1011 7
1(
#3598338000
0(
#3598609000
11
b0 7
1(
#3598880000
0(
#3599151000
b1 B
b1001 K
01
b1 7
1(
#3599422000
0(
#3599693000
b10 7
1(
#3599964000
0(
#3600235000
b11 7
1(
#3600506000
0(
#3600777000
b100 7
1(
#3601048000
0(
#3601319000
b101 7
1(
#3601590000
0(
#3601861000
b110 7
1(
#3602132000
0(
#3602403000
b111 7
1(
#3602674000
0(
#3602945000
b1000 7
1(
#3603216000
0(
#3603487000
b1001 7
1(
#3603758000
0(
#3604029000
b1010 7
1(
#3604300000
0(
#3604571000
b1011 7
1(
#3604842000
0(
#3605113000
11
b0 7
1(
#3605384000
0(
#3605655000
b10 B
b1010 K
01
b1 7
1(
#3605926000
0(
#3606197000
b10 7
1(
#3606468000
0(
#3606739000
b11 7
1(
#3607010000
0(
#3607281000
b100 7
1(
#3607552000
0(
#3607823000
b101 7
1(
#3608094000
0(
#3608365000
b110 7
1(
#3608636000
0(
#3608907000
b111 7
1(
#3609178000
0(
#3609449000
b1000 7
1(
#3609720000
0(
#3609991000
b1001 7
1(
#3610262000
0(
#3610533000
b1010 7
1(
#3610804000
0(
#3611075000
b1011 7
1(
#3611346000
0(
#3611617000
11
b0 7
1(
#3611888000
0(
#3612159000
b11 B
b1011 K
01
b1 7
1(
#3612430000
0(
#3612701000
b10 7
1(
#3612972000
0(
#3613243000
b11 7
1(
#3613514000
0(
#3613785000
b100 7
1(
#3614056000
0(
#3614327000
b101 7
1(
#3614598000
0(
#3614869000
b110 7
1(
#3615140000
0(
#3615411000
b111 7
1(
#3615682000
0(
#3615953000
b1000 7
1(
#3616224000
0(
#3616495000
b1001 7
1(
#3616766000
0(
#3617037000
b1010 7
1(
#3617308000
0(
#3617579000
b1011 7
1(
#3617850000
0(
#3618121000
11
b0 7
1(
#3618392000
0(
#3618663000
b100 B
b1100 K
01
b1 7
1(
#3618934000
0(
#3619205000
b10 7
1(
#3619476000
0(
#3619747000
b11 7
1(
#3620018000
0(
#3620289000
b100 7
1(
#3620560000
0(
#3620831000
b101 7
1(
#3621102000
0(
#3621373000
b110 7
1(
#3621644000
0(
#3621915000
b111 7
1(
#3622186000
0(
#3622457000
b1000 7
1(
#3622728000
0(
#3622999000
b1001 7
1(
#3623270000
0(
#3623541000
b1010 7
1(
#3623812000
0(
#3624083000
b1011 7
1(
#3624354000
0(
#3624625000
11
b0 7
1(
#3624896000
0(
#3625167000
b101 B
b1101 K
01
b1 7
1(
#3625438000
0(
#3625709000
b10 7
1(
#3625980000
0(
#3626251000
b11 7
1(
#3626522000
0(
#3626793000
b100 7
1(
#3627064000
0(
#3627335000
b101 7
1(
#3627606000
0(
#3627877000
b110 7
1(
#3628148000
0(
#3628419000
b111 7
1(
#3628690000
0(
#3628961000
b1000 7
1(
#3629232000
0(
#3629503000
b1001 7
1(
#3629774000
0(
#3630045000
b1010 7
1(
#3630316000
0(
#3630587000
b1011 7
1(
#3630858000
0(
#3631129000
11
b0 7
1(
#3631400000
0(
#3631671000
b110 B
b1110 K
01
b1 7
1(
#3631942000
0(
#3632213000
b10 7
1(
#3632484000
0(
#3632755000
b11 7
1(
#3633026000
0(
#3633297000
b100 7
1(
#3633568000
0(
#3633839000
b101 7
1(
#3634110000
0(
#3634381000
b110 7
1(
#3634652000
0(
#3634923000
b111 7
1(
#3635194000
0(
#3635465000
b1000 7
1(
#3635736000
0(
#3636007000
b1001 7
1(
#3636278000
0(
#3636549000
b1010 7
1(
#3636820000
0(
#3637091000
b1011 7
1(
#3637362000
0(
#3637633000
11
b0 7
1(
#3637904000
0(
#3638175000
b111 B
b1111 K
01
b1 7
1(
#3638446000
0(
#3638717000
b10 7
1(
#3638988000
0(
#3639259000
b11 7
1(
#3639530000
0(
#3639801000
b100 7
1(
#3640072000
0(
#3640343000
b101 7
1(
#3640614000
0(
#3640885000
b110 7
1(
#3641156000
0(
#3641427000
b111 7
1(
#3641698000
0(
#3641969000
b1000 7
1(
#3642240000
0(
#3642511000
b1001 7
1(
#3642782000
0(
#3643053000
b1010 7
1(
#3643324000
0(
#3643595000
b1011 7
1(
#3643866000
0(
#3644137000
11
b0 7
1(
#3644408000
0(
#3644679000
b1000 B
b100 H
b0 K
01
b1 7
1(
#3644950000
0(
#3645221000
b10 7
1(
#3645492000
0(
#3645763000
b11 7
1(
#3646034000
0(
#3646305000
b100 7
1(
#3646576000
0(
#3646847000
b101 7
1(
#3647118000
0(
#3647389000
b110 7
1(
#3647660000
0(
#3647931000
b111 7
1(
#3648202000
0(
#3648473000
b1000 7
1(
#3648744000
0(
#3649015000
b1001 7
1(
#3649286000
0(
#3649557000
b1010 7
1(
#3649828000
0(
#3650099000
b1011 7
1(
#3650370000
0(
#3650641000
11
b0 7
1(
#3650912000
0(
#3651183000
b1001 B
b1 K
01
b1 7
1(
#3651454000
0(
#3651725000
b10 7
1(
#3651996000
0(
#3652267000
b11 7
1(
#3652538000
0(
#3652809000
b100 7
1(
#3653080000
0(
#3653351000
b101 7
1(
#3653622000
0(
#3653893000
b110 7
1(
#3654164000
0(
#3654435000
b111 7
1(
#3654706000
0(
#3654977000
b1000 7
1(
#3655248000
0(
#3655519000
b1001 7
1(
#3655790000
0(
#3656061000
b1010 7
1(
#3656332000
0(
#3656603000
b1011 7
1(
#3656874000
0(
#3657145000
11
b0 7
1(
#3657416000
0(
#3657687000
b1010 B
b10 K
01
b1 7
1(
#3657958000
0(
#3658229000
b10 7
1(
#3658500000
0(
#3658771000
b11 7
1(
#3659042000
0(
#3659313000
b100 7
1(
#3659584000
0(
#3659855000
b101 7
1(
#3660126000
0(
#3660397000
b110 7
1(
#3660668000
0(
#3660939000
b111 7
1(
#3661210000
0(
#3661481000
b1000 7
1(
#3661752000
0(
#3662023000
b1001 7
1(
#3662294000
0(
#3662565000
b1010 7
1(
#3662836000
0(
#3663107000
b1011 7
1(
#3663378000
0(
#3663649000
11
b0 7
1(
#3663920000
0(
#3664191000
b1011 B
b11 K
01
b1 7
1(
#3664462000
0(
#3664733000
b10 7
1(
#3665004000
0(
#3665275000
b11 7
1(
#3665546000
0(
#3665817000
b100 7
1(
#3666088000
0(
#3666359000
b101 7
1(
#3666630000
0(
#3666901000
b110 7
1(
#3667172000
0(
#3667443000
b111 7
1(
#3667714000
0(
#3667985000
b1000 7
1(
#3668256000
0(
#3668527000
b1001 7
1(
#3668798000
0(
#3669069000
b1010 7
1(
#3669340000
0(
#3669611000
b1011 7
1(
#3669882000
0(
#3670153000
11
b0 7
1(
#3670424000
0(
#3670695000
b1100 B
b100 K
01
b1 7
1(
#3670966000
0(
#3671237000
b10 7
1(
#3671508000
0(
#3671779000
b11 7
1(
#3672050000
0(
#3672321000
b100 7
1(
#3672592000
0(
#3672863000
b101 7
1(
#3673134000
0(
#3673405000
b110 7
1(
#3673676000
0(
#3673947000
b111 7
1(
#3674218000
0(
#3674489000
b1000 7
1(
#3674760000
0(
#3675031000
b1001 7
1(
#3675302000
0(
#3675573000
b1010 7
1(
#3675844000
0(
#3676115000
b1011 7
1(
#3676386000
0(
#3676657000
11
b0 7
1(
#3676928000
0(
#3677199000
b1101 B
b101 K
01
b1 7
1(
#3677470000
0(
#3677741000
b10 7
1(
#3678012000
0(
#3678283000
b11 7
1(
#3678554000
0(
#3678825000
b100 7
1(
#3679096000
0(
#3679367000
b101 7
1(
#3679638000
0(
#3679909000
b110 7
1(
#3680180000
0(
#3680451000
b111 7
1(
#3680722000
0(
#3680993000
b1000 7
1(
#3681264000
0(
#3681535000
b1001 7
1(
#3681806000
0(
#3682077000
b1010 7
1(
#3682348000
0(
#3682619000
b1011 7
1(
#3682890000
0(
#3683161000
11
b0 7
1(
#3683432000
0(
#3683703000
b1110 B
b110 K
01
b1 7
1(
#3683974000
0(
#3684245000
b10 7
1(
#3684516000
0(
#3684787000
b11 7
1(
#3685058000
0(
#3685329000
b100 7
1(
#3685600000
0(
#3685871000
b101 7
1(
#3686142000
0(
#3686413000
b110 7
1(
#3686684000
0(
#3686955000
b111 7
1(
#3687226000
0(
#3687497000
b1000 7
1(
#3687768000
0(
#3688039000
b1001 7
1(
#3688310000
0(
#3688581000
b1010 7
1(
#3688852000
0(
#3689123000
b1011 7
1(
#3689394000
0(
#3689665000
11
b0 7
1(
#3689936000
0(
#3690207000
b1111 B
b111 K
01
b1 7
1(
#3690478000
0(
#3690749000
b10 7
1(
#3691020000
0(
#3691291000
b11 7
1(
#3691562000
0(
#3691833000
b100 7
1(
#3692104000
0(
#3692375000
b101 7
1(
#3692646000
0(
#3692917000
b110 7
1(
#3693188000
0(
#3693459000
b111 7
1(
#3693730000
0(
#3694001000
b1000 7
1(
#3694272000
0(
#3694543000
b1001 7
1(
#3694814000
0(
#3695085000
b1010 7
1(
#3695356000
0(
#3695627000
b1011 7
1(
#3695898000
0(
#3696169000
11
b0 7
1(
#3696440000
0(
#3696711000
b101 <
b11111 @
b0 B
b1000 K
01
b1 7
1(
#3696982000
0(
#3697253000
b10 7
1(
#3697524000
0(
#3697795000
b11 7
1(
#3698066000
0(
#3698337000
b100 7
1(
#3698608000
0(
#3698879000
b101 7
1(
#3699150000
0(
#3699421000
b110 7
1(
#3699692000
0(
#3699963000
b111 7
1(
#3700234000
0(
#3700505000
b1000 7
1(
#3700776000
0(
#3701047000
b1001 7
1(
#3701318000
0(
#3701589000
b1010 7
1(
#3701860000
0(
#3702131000
b1011 7
1(
#3702402000
0(
#3702673000
11
b0 7
1(
#3702944000
0(
#3703215000
b1 B
b1001 K
01
b1 7
1(
#3703486000
0(
#3703757000
b10 7
1(
#3704028000
0(
#3704299000
b11 7
1(
#3704570000
0(
#3704841000
b100 7
1(
#3705112000
0(
#3705383000
b101 7
1(
#3705654000
0(
#3705925000
b110 7
1(
#3706196000
0(
#3706467000
b111 7
1(
#3706738000
0(
#3707009000
b1000 7
1(
#3707280000
0(
#3707551000
b1001 7
1(
#3707822000
0(
#3708093000
b1010 7
1(
#3708364000
0(
#3708635000
b1011 7
1(
#3708906000
0(
#3709177000
11
b0 7
1(
#3709448000
0(
#3709719000
b10 B
b1010 K
01
b1 7
1(
#3709990000
0(
#3710261000
b10 7
1(
#3710532000
0(
#3710803000
b11 7
1(
#3711074000
0(
#3711345000
b100 7
1(
#3711616000
0(
#3711887000
b101 7
1(
#3712158000
0(
#3712429000
b110 7
1(
#3712700000
0(
#3712971000
b111 7
1(
#3713242000
0(
#3713513000
b1000 7
1(
#3713784000
0(
#3714055000
b1001 7
1(
#3714326000
0(
#3714597000
b1010 7
1(
#3714868000
0(
#3715139000
b1011 7
1(
#3715410000
0(
#3715681000
11
b0 7
1(
#3715952000
0(
#3716223000
b11 B
b1011 K
01
b1 7
1(
#3716494000
0(
#3716765000
b10 7
1(
#3717036000
0(
#3717307000
b11 7
1(
#3717578000
0(
#3717849000
b100 7
1(
#3718120000
0(
#3718391000
b101 7
1(
#3718662000
0(
#3718933000
b110 7
1(
#3719204000
0(
#3719475000
b111 7
1(
#3719746000
0(
#3720017000
b1000 7
1(
#3720288000
0(
#3720559000
b1001 7
1(
#3720830000
0(
#3721101000
b1010 7
1(
#3721372000
0(
#3721643000
b1011 7
1(
#3721914000
0(
#3722185000
11
b0 7
1(
#3722456000
0(
#3722727000
b100 B
b1100 K
01
b1 7
1(
#3722998000
0(
#3723269000
b10 7
1(
#3723540000
0(
#3723811000
b11 7
1(
#3724082000
0(
#3724353000
b100 7
1(
#3724624000
0(
#3724895000
b101 7
1(
#3725166000
0(
#3725437000
b110 7
1(
#3725708000
0(
#3725979000
b111 7
1(
#3726250000
0(
#3726521000
b1000 7
1(
#3726792000
0(
#3727063000
b1001 7
1(
#3727334000
0(
#3727605000
b1010 7
1(
#3727876000
0(
#3728147000
b1011 7
1(
#3728418000
0(
#3728689000
11
b0 7
1(
#3728960000
0(
#3729231000
b101 B
b1101 K
01
b1 7
1(
#3729502000
0(
#3729773000
b10 7
1(
#3730044000
0(
#3730315000
b11 7
1(
#3730586000
0(
#3730857000
b100 7
1(
#3731128000
0(
#3731399000
b101 7
1(
#3731670000
0(
#3731941000
b110 7
1(
#3732212000
0(
#3732483000
b111 7
1(
#3732754000
0(
#3733025000
b1000 7
1(
#3733296000
0(
#3733567000
b1001 7
1(
#3733838000
0(
#3734109000
b1010 7
1(
#3734380000
0(
#3734651000
b1011 7
1(
#3734922000
0(
#3735193000
11
b0 7
1(
#3735464000
0(
#3735735000
b110 B
b1110 K
01
b1 7
1(
#3736006000
0(
#3736277000
b10 7
1(
#3736548000
0(
#3736819000
b11 7
1(
#3737090000
0(
#3737361000
b100 7
1(
#3737632000
0(
#3737903000
b101 7
1(
#3738174000
0(
#3738445000
b110 7
1(
#3738716000
0(
#3738987000
b111 7
1(
#3739258000
0(
#3739529000
b1000 7
1(
#3739800000
0(
#3740071000
b1001 7
1(
#3740342000
0(
#3740613000
b1010 7
1(
#3740884000
0(
#3741155000
b1011 7
1(
#3741426000
0(
#3741697000
11
b0 7
1(
#3741968000
0(
#3742239000
b111 B
b1111 K
01
b1 7
1(
#3742510000
0(
#3742781000
b10 7
1(
#3743052000
0(
#3743323000
b11 7
1(
#3743594000
0(
#3743865000
b100 7
1(
#3744136000
0(
#3744407000
b101 7
1(
#3744678000
0(
#3744949000
b110 7
1(
#3745220000
0(
#3745491000
b111 7
1(
#3745762000
0(
#3746033000
b1000 7
1(
#3746304000
0(
#3746575000
b1001 7
1(
#3746846000
0(
#3747117000
b1010 7
1(
#3747388000
0(
#3747659000
b1011 7
1(
#3747930000
0(
#3748201000
11
b0 7
1(
#3748472000
0(
#3748743000
b1000 B
b101 H
b0 K
01
b1 7
1(
#3749014000
0(
#3749285000
b10 7
1(
#3749556000
0(
#3749827000
b11 7
1(
#3750098000
0(
#3750369000
b100 7
1(
#3750640000
0(
#3750911000
b101 7
1(
#3751182000
0(
#3751453000
b110 7
1(
#3751724000
0(
#3751995000
b111 7
1(
#3752266000
0(
#3752537000
b1000 7
1(
#3752808000
0(
#3753079000
b1001 7
1(
#3753350000
0(
#3753621000
b1010 7
1(
#3753892000
0(
#3754163000
b1011 7
1(
#3754434000
0(
#3754705000
11
b0 7
1(
#3754976000
0(
#3755247000
b1001 B
b1 K
01
b1 7
1(
#3755518000
0(
#3755789000
b10 7
1(
#3756060000
0(
#3756331000
b11 7
1(
#3756602000
0(
#3756873000
b100 7
1(
#3757144000
0(
#3757415000
b101 7
1(
#3757686000
0(
#3757957000
b110 7
1(
#3758228000
0(
#3758499000
b111 7
1(
#3758770000
0(
#3759041000
b1000 7
1(
#3759312000
0(
#3759583000
b1001 7
1(
#3759854000
0(
#3760125000
b1010 7
1(
#3760396000
0(
#3760667000
b1011 7
1(
#3760938000
0(
#3761209000
11
b0 7
1(
#3761480000
0(
#3761751000
b1010 B
b10 K
01
b1 7
1(
#3762022000
0(
#3762293000
b10 7
1(
#3762564000
0(
#3762835000
b11 7
1(
#3763106000
0(
#3763377000
b100 7
1(
#3763648000
0(
#3763919000
b101 7
1(
#3764190000
0(
#3764461000
b110 7
1(
#3764732000
0(
#3765003000
b111 7
1(
#3765274000
0(
#3765545000
b1000 7
1(
#3765816000
0(
#3766087000
b1001 7
1(
#3766358000
0(
#3766629000
b1010 7
1(
#3766900000
0(
#3767171000
b1011 7
1(
#3767442000
0(
#3767713000
11
b0 7
1(
#3767984000
0(
#3768255000
b1011 B
b11 K
01
b1 7
1(
#3768526000
0(
#3768797000
b10 7
1(
#3769068000
0(
#3769339000
b11 7
1(
#3769610000
0(
#3769881000
b100 7
1(
#3770152000
0(
#3770423000
b101 7
1(
#3770694000
0(
#3770965000
b110 7
1(
#3771236000
0(
#3771507000
b111 7
1(
#3771778000
0(
#3772049000
b1000 7
1(
#3772320000
0(
#3772591000
b1001 7
1(
#3772862000
0(
#3773133000
b1010 7
1(
#3773404000
0(
#3773675000
b1011 7
1(
#3773946000
0(
#3774217000
11
b0 7
1(
#3774488000
0(
#3774759000
b1100 B
b100 K
01
b1 7
1(
#3775030000
0(
#3775301000
b10 7
1(
#3775572000
0(
#3775843000
b11 7
1(
#3776114000
0(
#3776385000
b100 7
1(
#3776656000
0(
#3776927000
b101 7
1(
#3777198000
0(
#3777469000
b110 7
1(
#3777740000
0(
#3778011000
b111 7
1(
#3778282000
0(
#3778553000
b1000 7
1(
#3778824000
0(
#3779095000
b1001 7
1(
#3779366000
0(
#3779637000
b1010 7
1(
#3779908000
0(
#3780179000
b1011 7
1(
#3780450000
0(
#3780721000
11
b0 7
1(
#3780992000
0(
#3781263000
b1101 B
b101 K
01
b1 7
1(
#3781534000
0(
#3781805000
b10 7
1(
#3782076000
0(
#3782347000
b11 7
1(
#3782618000
0(
#3782889000
b100 7
1(
#3783160000
0(
#3783431000
b101 7
1(
#3783702000
0(
#3783973000
b110 7
1(
#3784244000
0(
#3784515000
b111 7
1(
#3784786000
0(
#3785057000
b1000 7
1(
#3785328000
0(
#3785599000
b1001 7
1(
#3785870000
0(
#3786141000
b1010 7
1(
#3786412000
0(
#3786683000
b1011 7
1(
#3786954000
0(
#3787225000
11
b0 7
1(
#3787496000
0(
#3787767000
b1110 B
b110 K
01
b1 7
1(
#3788038000
0(
#3788309000
b10 7
1(
#3788580000
0(
#3788851000
b11 7
1(
#3789122000
0(
#3789393000
b100 7
1(
#3789664000
0(
#3789935000
b101 7
1(
#3790206000
0(
#3790477000
b110 7
1(
#3790748000
0(
#3791019000
b111 7
1(
#3791290000
0(
#3791561000
b1000 7
1(
#3791832000
0(
#3792103000
b1001 7
1(
#3792374000
0(
#3792645000
b1010 7
1(
#3792916000
0(
#3793187000
b1011 7
1(
#3793458000
0(
#3793729000
11
b0 7
1(
#3794000000
0(
#3794271000
b1111 B
b111 K
01
b1 7
1(
#3794542000
0(
#3794813000
b10 7
1(
#3795084000
0(
#3795355000
b11 7
1(
#3795626000
0(
#3795897000
b100 7
1(
#3796168000
0(
#3796439000
b101 7
1(
#3796710000
0(
#3796981000
b110 7
1(
#3797252000
0(
#3797523000
b111 7
1(
#3797794000
0(
#3798065000
b1000 7
1(
#3798336000
0(
#3798607000
b1001 7
1(
#3798878000
0(
#3799149000
b1010 7
1(
#3799420000
0(
#3799691000
b1011 7
1(
#3799962000
0(
#3800233000
11
b0 7
1(
#3800504000
0(
#3800775000
b110 <
b111111 @
b0 B
b1000 K
01
b1 7
1(
#3801046000
0(
#3801317000
b10 7
1(
#3801588000
0(
#3801859000
b11 7
1(
#3802130000
0(
#3802401000
b100 7
1(
#3802672000
0(
#3802943000
b101 7
1(
#3803214000
0(
#3803485000
b110 7
1(
#3803756000
0(
#3804027000
b111 7
1(
#3804298000
0(
#3804569000
b1000 7
1(
#3804840000
0(
#3805111000
b1001 7
1(
#3805382000
0(
#3805653000
b1010 7
1(
#3805924000
0(
#3806195000
b1011 7
1(
#3806466000
0(
#3806737000
11
b0 7
1(
#3807008000
0(
#3807279000
b1 B
b1001 K
01
b1 7
1(
#3807550000
0(
#3807821000
b10 7
1(
#3808092000
0(
#3808363000
b11 7
1(
#3808634000
0(
#3808905000
b100 7
1(
#3809176000
0(
#3809447000
b101 7
1(
#3809718000
0(
#3809989000
b110 7
1(
#3810260000
0(
#3810531000
b111 7
1(
#3810802000
0(
#3811073000
b1000 7
1(
#3811344000
0(
#3811615000
b1001 7
1(
#3811886000
0(
#3812157000
b1010 7
1(
#3812428000
0(
#3812699000
b1011 7
1(
#3812970000
0(
#3813241000
11
b0 7
1(
#3813512000
0(
#3813783000
b10 B
b1010 K
01
b1 7
1(
#3814054000
0(
#3814325000
b10 7
1(
#3814596000
0(
#3814867000
b11 7
1(
#3815138000
0(
#3815409000
b100 7
1(
#3815680000
0(
#3815951000
b101 7
1(
#3816222000
0(
#3816493000
b110 7
1(
#3816764000
0(
#3817035000
b111 7
1(
#3817306000
0(
#3817577000
b1000 7
1(
#3817848000
0(
#3818119000
b1001 7
1(
#3818390000
0(
#3818661000
b1010 7
1(
#3818932000
0(
#3819203000
b1011 7
1(
#3819474000
0(
#3819745000
11
b0 7
1(
#3820016000
0(
#3820287000
b11 B
b1011 K
01
b1 7
1(
#3820558000
0(
#3820829000
b10 7
1(
#3821100000
0(
#3821371000
b11 7
1(
#3821642000
0(
#3821913000
b100 7
1(
#3822184000
0(
#3822455000
b101 7
1(
#3822726000
0(
#3822997000
b110 7
1(
#3823268000
0(
#3823539000
b111 7
1(
#3823810000
0(
#3824081000
b1000 7
1(
#3824352000
0(
#3824623000
b1001 7
1(
#3824894000
0(
#3825165000
b1010 7
1(
#3825436000
0(
#3825707000
b1011 7
1(
#3825978000
0(
#3826249000
11
b0 7
1(
#3826520000
0(
#3826791000
b100 B
b1100 K
01
b1 7
1(
#3827062000
0(
#3827333000
b10 7
1(
#3827604000
0(
#3827875000
b11 7
1(
#3828146000
0(
#3828417000
b100 7
1(
#3828688000
0(
#3828959000
b101 7
1(
#3829230000
0(
#3829501000
b110 7
1(
#3829772000
0(
#3830043000
b111 7
1(
#3830314000
0(
#3830585000
b1000 7
1(
#3830856000
0(
#3831127000
b1001 7
1(
#3831398000
0(
#3831669000
b1010 7
1(
#3831940000
0(
#3832211000
b1011 7
1(
#3832482000
0(
#3832753000
11
b0 7
1(
#3833024000
0(
#3833295000
b101 B
b1101 K
01
b1 7
1(
#3833566000
0(
#3833837000
b10 7
1(
#3834108000
0(
#3834379000
b11 7
1(
#3834650000
0(
#3834921000
b100 7
1(
#3835192000
0(
#3835463000
b101 7
1(
#3835734000
0(
#3836005000
b110 7
1(
#3836276000
0(
#3836547000
b111 7
1(
#3836818000
0(
#3837089000
b1000 7
1(
#3837360000
0(
#3837631000
b1001 7
1(
#3837902000
0(
#3838173000
b1010 7
1(
#3838444000
0(
#3838715000
b1011 7
1(
#3838986000
0(
#3839257000
11
b0 7
1(
#3839528000
0(
#3839799000
b110 B
b1110 K
01
b1 7
1(
#3840070000
0(
#3840341000
b10 7
1(
#3840612000
0(
#3840883000
b11 7
1(
#3841154000
0(
#3841425000
b100 7
1(
#3841696000
0(
#3841967000
b101 7
1(
#3842238000
0(
#3842509000
b110 7
1(
#3842780000
0(
#3843051000
b111 7
1(
#3843322000
0(
#3843593000
b1000 7
1(
#3843864000
0(
#3844135000
b1001 7
1(
#3844406000
0(
#3844677000
b1010 7
1(
#3844948000
0(
#3845219000
b1011 7
1(
#3845490000
0(
#3845761000
11
b0 7
1(
#3846032000
0(
#3846303000
b111 B
b1111 K
01
b1 7
1(
#3846574000
0(
#3846845000
b10 7
1(
#3847116000
0(
#3847387000
b11 7
1(
#3847658000
0(
#3847929000
b100 7
1(
#3848200000
0(
#3848471000
b101 7
1(
#3848742000
0(
#3849013000
b110 7
1(
#3849284000
0(
#3849555000
b111 7
1(
#3849826000
0(
#3850097000
b1000 7
1(
#3850368000
0(
#3850639000
b1001 7
1(
#3850910000
0(
#3851181000
b1010 7
1(
#3851452000
0(
#3851723000
b1011 7
1(
#3851994000
0(
#3852265000
11
b0 7
1(
#3852536000
0(
#3852807000
b1000 B
b110 H
b0 K
01
b1 7
1(
#3853078000
0(
#3853349000
b10 7
1(
#3853620000
0(
#3853891000
b11 7
1(
#3854162000
0(
#3854433000
b100 7
1(
#3854704000
0(
#3854975000
b101 7
1(
#3855246000
0(
#3855517000
b110 7
1(
#3855788000
0(
#3856059000
b111 7
1(
#3856330000
0(
#3856601000
b1000 7
1(
#3856872000
0(
#3857143000
b1001 7
1(
#3857414000
0(
#3857685000
b1010 7
1(
#3857956000
0(
#3858227000
b1011 7
1(
#3858498000
0(
#3858769000
11
b0 7
1(
#3859040000
0(
#3859311000
b1001 B
b1 K
01
b1 7
1(
#3859582000
0(
#3859853000
b10 7
1(
#3860124000
0(
#3860395000
b11 7
1(
#3860666000
0(
#3860937000
b100 7
1(
#3861208000
0(
#3861479000
b101 7
1(
#3861750000
0(
#3862021000
b110 7
1(
#3862292000
0(
#3862563000
b111 7
1(
#3862834000
0(
#3863105000
b1000 7
1(
#3863376000
0(
#3863647000
b1001 7
1(
#3863918000
0(
#3864189000
b1010 7
1(
#3864460000
0(
#3864731000
b1011 7
1(
#3865002000
0(
#3865273000
11
b0 7
1(
#3865544000
0(
#3865815000
b1010 B
b10 K
01
b1 7
1(
#3866086000
0(
#3866357000
b10 7
1(
#3866628000
0(
#3866899000
b11 7
1(
#3867170000
0(
#3867441000
b100 7
1(
#3867712000
0(
#3867983000
b101 7
1(
#3868254000
0(
#3868525000
b110 7
1(
#3868796000
0(
#3869067000
b111 7
1(
#3869338000
0(
#3869609000
b1000 7
1(
#3869880000
0(
#3870151000
b1001 7
1(
#3870422000
0(
#3870693000
b1010 7
1(
#3870964000
0(
#3871235000
b1011 7
1(
#3871506000
0(
#3871777000
11
b0 7
1(
#3872048000
0(
#3872319000
b1011 B
b11 K
01
b1 7
1(
#3872590000
0(
#3872861000
b10 7
1(
#3873132000
0(
#3873403000
b11 7
1(
#3873674000
0(
#3873945000
b100 7
1(
#3874216000
0(
#3874487000
b101 7
1(
#3874758000
0(
#3875029000
b110 7
1(
#3875300000
0(
#3875571000
b111 7
1(
#3875842000
0(
#3876113000
b1000 7
1(
#3876384000
0(
#3876655000
b1001 7
1(
#3876926000
0(
#3877197000
b1010 7
1(
#3877468000
0(
#3877739000
b1011 7
1(
#3878010000
0(
#3878281000
11
b0 7
1(
#3878552000
0(
#3878823000
b1100 B
b100 K
01
b1 7
1(
#3879094000
0(
#3879365000
b10 7
1(
#3879636000
0(
#3879907000
b11 7
1(
#3880178000
0(
#3880449000
b100 7
1(
#3880720000
0(
#3880991000
b101 7
1(
#3881262000
0(
#3881533000
b110 7
1(
#3881804000
0(
#3882075000
b111 7
1(
#3882346000
0(
#3882617000
b1000 7
1(
#3882888000
0(
#3883159000
b1001 7
1(
#3883430000
0(
#3883701000
b1010 7
1(
#3883972000
0(
#3884243000
b1011 7
1(
#3884514000
0(
#3884785000
11
b0 7
1(
#3885056000
0(
#3885327000
b1101 B
b101 K
01
b1 7
1(
#3885598000
0(
#3885869000
b10 7
1(
#3886140000
0(
#3886411000
b11 7
1(
#3886682000
0(
#3886953000
b100 7
1(
#3887224000
0(
#3887495000
b101 7
1(
#3887766000
0(
#3888037000
b110 7
1(
#3888308000
0(
#3888579000
b111 7
1(
#3888850000
0(
#3889121000
b1000 7
1(
#3889392000
0(
#3889663000
b1001 7
1(
#3889934000
0(
#3890205000
b1010 7
1(
#3890476000
0(
#3890747000
b1011 7
1(
#3891018000
0(
#3891289000
11
b0 7
1(
#3891560000
0(
#3891831000
b1110 B
b110 K
01
b1 7
1(
#3892102000
0(
#3892373000
b10 7
1(
#3892644000
0(
#3892915000
b11 7
1(
#3893186000
0(
#3893457000
b100 7
1(
#3893728000
0(
#3893999000
b101 7
1(
#3894270000
0(
#3894541000
b110 7
1(
#3894812000
0(
#3895083000
b111 7
1(
#3895354000
0(
#3895625000
b1000 7
1(
#3895896000
0(
#3896167000
b1001 7
1(
#3896438000
0(
#3896709000
b1010 7
1(
#3896980000
0(
#3897251000
b1011 7
1(
#3897522000
0(
#3897793000
11
b0 7
1(
#3898064000
0(
#3898335000
b1111 B
b111 K
01
b1 7
1(
#3898606000
0(
#3898877000
b10 7
1(
#3899148000
0(
#3899419000
b11 7
1(
#3899690000
0(
#3899961000
b100 7
1(
#3900232000
0(
#3900503000
b101 7
1(
#3900774000
0(
#3901045000
b110 7
1(
#3901316000
0(
#3901587000
b111 7
1(
#3901858000
0(
#3902129000
b1000 7
1(
#3902400000
0(
#3902671000
b1001 7
1(
#3902942000
0(
#3903213000
b1010 7
1(
#3903484000
0(
#3903755000
b1011 7
1(
#3904026000
0(
#3904297000
11
b0 7
1(
#3904568000
0(
#3904839000
b111 <
b1111111 @
b0 B
b1000 K
01
b1 7
1(
#3905110000
0(
#3905381000
b10 7
1(
#3905652000
0(
#3905923000
b11 7
1(
#3906194000
0(
#3906465000
b100 7
1(
#3906736000
0(
#3907007000
b101 7
1(
#3907278000
0(
#3907549000
b110 7
1(
#3907820000
0(
#3908091000
b111 7
1(
#3908362000
0(
#3908633000
b1000 7
1(
#3908904000
0(
#3909175000
b1001 7
1(
#3909446000
0(
#3909717000
b1010 7
1(
#3909988000
0(
#3910259000
b1011 7
1(
#3910530000
0(
#3910801000
11
b0 7
1(
#3911072000
0(
#3911343000
b1 B
b1001 K
01
b1 7
1(
#3911614000
0(
#3911885000
b10 7
1(
#3912156000
0(
#3912427000
b11 7
1(
#3912698000
0(
#3912969000
b100 7
1(
#3913240000
0(
#3913511000
b101 7
1(
#3913782000
0(
#3914053000
b110 7
1(
#3914324000
0(
#3914595000
b111 7
1(
#3914866000
0(
#3915137000
b1000 7
1(
#3915408000
0(
#3915679000
b1001 7
1(
#3915950000
0(
#3916221000
b1010 7
1(
#3916492000
0(
#3916763000
b1011 7
1(
#3917034000
0(
#3917305000
11
b0 7
1(
#3917576000
0(
#3917847000
b10 B
b1010 K
01
b1 7
1(
#3918118000
0(
#3918389000
b10 7
1(
#3918660000
0(
#3918931000
b11 7
1(
#3919202000
0(
#3919473000
b100 7
1(
#3919744000
0(
#3920015000
b101 7
1(
#3920286000
0(
#3920557000
b110 7
1(
#3920828000
0(
#3921099000
b111 7
1(
#3921370000
0(
#3921641000
b1000 7
1(
#3921912000
0(
#3922183000
b1001 7
1(
#3922454000
0(
#3922725000
b1010 7
1(
#3922996000
0(
#3923267000
b1011 7
1(
#3923538000
0(
#3923809000
11
b0 7
1(
#3924080000
0(
#3924351000
b11 B
b1011 K
01
b1 7
1(
#3924622000
0(
#3924893000
b10 7
1(
#3925164000
0(
#3925435000
b11 7
1(
#3925706000
0(
#3925977000
b100 7
1(
#3926248000
0(
#3926519000
b101 7
1(
#3926790000
0(
#3927061000
b110 7
1(
#3927332000
0(
#3927603000
b111 7
1(
#3927874000
0(
#3928145000
b1000 7
1(
#3928416000
0(
#3928687000
b1001 7
1(
#3928958000
0(
#3929229000
b1010 7
1(
#3929500000
0(
#3929771000
b1011 7
1(
#3930042000
0(
#3930313000
11
b0 7
1(
#3930584000
0(
#3930855000
b100 B
b1100 K
01
b1 7
1(
#3931126000
0(
#3931397000
b10 7
1(
#3931668000
0(
#3931939000
b11 7
1(
#3932210000
0(
#3932481000
b100 7
1(
#3932752000
0(
#3933023000
b101 7
1(
#3933294000
0(
#3933565000
b110 7
1(
#3933836000
0(
#3934107000
b111 7
1(
#3934378000
0(
#3934649000
b1000 7
1(
#3934920000
0(
#3935191000
b1001 7
1(
#3935462000
0(
#3935733000
b1010 7
1(
#3936004000
0(
#3936275000
b1011 7
1(
#3936546000
0(
#3936817000
11
b0 7
1(
#3937088000
0(
#3937359000
b101 B
b1101 K
01
b1 7
1(
#3937630000
0(
#3937901000
b10 7
1(
#3938172000
0(
#3938443000
b11 7
1(
#3938714000
0(
#3938985000
b100 7
1(
#3939256000
0(
#3939527000
b101 7
1(
#3939798000
0(
#3940069000
b110 7
1(
#3940340000
0(
#3940611000
b111 7
1(
#3940882000
0(
#3941153000
b1000 7
1(
#3941424000
0(
#3941695000
b1001 7
1(
#3941966000
0(
#3942237000
b1010 7
1(
#3942508000
0(
#3942779000
b1011 7
1(
#3943050000
0(
#3943321000
11
b0 7
1(
#3943592000
0(
#3943863000
b110 B
b1110 K
01
b1 7
1(
#3944134000
0(
#3944405000
b10 7
1(
#3944676000
0(
#3944947000
b11 7
1(
#3945218000
0(
#3945489000
b100 7
1(
#3945760000
0(
#3946031000
b101 7
1(
#3946302000
0(
#3946573000
b110 7
1(
#3946844000
0(
#3947115000
b111 7
1(
#3947386000
0(
#3947657000
b1000 7
1(
#3947928000
0(
#3948199000
b1001 7
1(
#3948470000
0(
#3948741000
b1010 7
1(
#3949012000
0(
#3949283000
b1011 7
1(
#3949554000
0(
#3949825000
11
b0 7
1(
#3950096000
0(
#3950367000
b111 B
b1111 K
01
b1 7
1(
#3950638000
0(
#3950909000
b10 7
1(
#3951180000
0(
#3951451000
b11 7
1(
#3951722000
0(
#3951993000
b100 7
1(
#3952264000
0(
#3952535000
b101 7
1(
#3952806000
0(
#3953077000
b110 7
1(
#3953348000
0(
#3953619000
b111 7
1(
#3953890000
0(
#3954161000
b1000 7
1(
#3954432000
0(
#3954703000
b1001 7
1(
#3954974000
0(
#3955245000
b1010 7
1(
#3955516000
0(
#3955787000
b1011 7
1(
#3956058000
0(
#3956329000
11
b0 7
1(
#3956600000
0(
#3956871000
b1000 B
b111 H
b0 K
01
b1 7
1(
#3957142000
0(
#3957413000
b10 7
1(
#3957684000
0(
#3957955000
b11 7
1(
#3958226000
0(
#3958497000
b100 7
1(
#3958768000
0(
#3959039000
b101 7
1(
#3959310000
0(
#3959581000
b110 7
1(
#3959852000
0(
#3960123000
b111 7
1(
#3960394000
0(
#3960665000
b1000 7
1(
#3960936000
0(
#3961207000
b1001 7
1(
#3961478000
0(
#3961749000
b1010 7
1(
#3962020000
0(
#3962291000
b1011 7
1(
#3962562000
0(
#3962833000
11
b0 7
1(
#3963104000
0(
#3963375000
b1001 B
b1 K
01
b1 7
1(
#3963646000
0(
#3963917000
b10 7
1(
#3964188000
0(
#3964459000
b11 7
1(
#3964730000
0(
#3965001000
b100 7
1(
#3965272000
0(
#3965543000
b101 7
1(
#3965814000
0(
#3966085000
b110 7
1(
#3966356000
0(
#3966627000
b111 7
1(
#3966898000
0(
#3967169000
b1000 7
1(
#3967440000
0(
#3967711000
b1001 7
1(
#3967982000
0(
#3968253000
b1010 7
1(
#3968524000
0(
#3968795000
b1011 7
1(
#3969066000
0(
#3969337000
11
b0 7
1(
#3969608000
0(
#3969879000
b1010 B
b10 K
01
b1 7
1(
#3970150000
0(
#3970421000
b10 7
1(
#3970692000
0(
#3970963000
b11 7
1(
#3971234000
0(
#3971505000
b100 7
1(
#3971776000
0(
#3972047000
b101 7
1(
#3972318000
0(
#3972589000
b110 7
1(
#3972860000
0(
#3973131000
b111 7
1(
#3973402000
0(
#3973673000
b1000 7
1(
#3973944000
0(
#3974215000
b1001 7
1(
#3974486000
0(
#3974757000
b1010 7
1(
#3975028000
0(
#3975299000
b1011 7
1(
#3975570000
0(
#3975841000
11
b0 7
1(
#3976112000
0(
#3976383000
b1011 B
b11 K
01
b1 7
1(
#3976654000
0(
#3976925000
b10 7
1(
#3977196000
0(
#3977467000
b11 7
1(
#3977738000
0(
#3978009000
b100 7
1(
#3978280000
0(
#3978551000
b101 7
1(
#3978822000
0(
#3979093000
b110 7
1(
#3979364000
0(
#3979635000
b111 7
1(
#3979906000
0(
#3980177000
b1000 7
1(
#3980448000
0(
#3980719000
b1001 7
1(
#3980990000
0(
#3981261000
b1010 7
1(
#3981532000
0(
#3981803000
b1011 7
1(
#3982074000
0(
#3982345000
11
b0 7
1(
#3982616000
0(
#3982887000
b1100 B
b100 K
01
b1 7
1(
#3983158000
0(
#3983429000
b10 7
1(
#3983700000
0(
#3983971000
b11 7
1(
#3984242000
0(
#3984513000
b100 7
1(
#3984784000
0(
#3985055000
b101 7
1(
#3985326000
0(
#3985597000
b110 7
1(
#3985868000
0(
#3986139000
b111 7
1(
#3986410000
0(
#3986681000
b1000 7
1(
#3986952000
0(
#3987223000
b1001 7
1(
#3987494000
0(
#3987765000
b1010 7
1(
#3988036000
0(
#3988307000
b1011 7
1(
#3988578000
0(
#3988849000
11
b0 7
1(
#3989120000
0(
#3989391000
b1101 B
b101 K
01
b1 7
1(
#3989662000
0(
#3989933000
b10 7
1(
#3990204000
0(
#3990475000
b11 7
1(
#3990746000
0(
#3991017000
b100 7
1(
#3991288000
0(
#3991559000
b101 7
1(
#3991830000
0(
#3992101000
b110 7
1(
#3992372000
0(
#3992643000
b111 7
1(
#3992914000
0(
#3993185000
b1000 7
1(
#3993456000
0(
#3993727000
b1001 7
1(
#3993998000
0(
#3994269000
b1010 7
1(
#3994540000
0(
#3994811000
b1011 7
1(
#3995082000
0(
#3995353000
11
b0 7
1(
#3995624000
0(
#3995895000
b1110 B
b110 K
01
b1 7
1(
#3996166000
0(
#3996437000
b10 7
1(
#3996708000
0(
#3996979000
b11 7
1(
#3997250000
0(
#3997521000
b100 7
1(
#3997792000
0(
#3998063000
b101 7
1(
#3998334000
0(
#3998605000
b110 7
1(
#3998876000
0(
#3999147000
b111 7
1(
#3999418000
0(
#3999689000
b1000 7
1(
#3999960000
0(
#4000231000
b1001 7
1(
#4000502000
0(
#4000773000
b1010 7
1(
#4001044000
0(
#4001315000
b1011 7
1(
#4001586000
0(
#4001857000
11
b0 7
1(
#4002128000
0(
#4002399000
b1111 B
b111 K
01
b1 7
1(
#4002670000
0(
#4002941000
b10 7
1(
#4003212000
0(
#4003483000
b11 7
1(
#4003754000
0(
#4004025000
b100 7
1(
#4004296000
0(
#4004567000
b101 7
1(
#4004838000
0(
#4005109000
b110 7
1(
#4005380000
0(
#4005651000
b111 7
1(
#4005922000
0(
#4006193000
b1000 7
1(
#4006464000
0(
#4006735000
b1001 7
1(
#4007006000
0(
#4007277000
b1010 7
1(
#4007548000
0(
#4007819000
b1011 7
1(
#4008090000
0(
#4008361000
11
b0 7
1(
#4008632000
0(
#4008903000
b11 A
b11111111 @
b0 B
b1000 K
01
b1 7
1(
#4009174000
0(
#4009445000
b10 7
1(
#4009716000
0(
#4009987000
b11 7
1(
#4010258000
0(
#4010529000
b100 7
1(
#4010800000
0(
#4011071000
b101 7
1(
#4011342000
0(
#4011613000
b110 7
1(
#4011884000
0(
#4012155000
b111 7
1(
#4012426000
0(
#4012697000
b1000 7
1(
#4012968000
0(
#4013239000
b1001 7
1(
#4013510000
0(
#4013781000
b1010 7
1(
#4014052000
0(
#4014323000
b1011 7
1(
#4014594000
0(
#4014865000
11
b0 7
1(
#4015136000
0(
#4015407000
b1 B
b1001 K
01
b1 7
1(
#4015678000
0(
#4015949000
b10 7
1(
#4016220000
0(
#4016491000
b11 7
1(
#4016762000
0(
#4017033000
b100 7
1(
#4017304000
0(
#4017575000
b101 7
1(
#4017846000
0(
#4018117000
b110 7
1(
#4018388000
0(
#4018659000
b111 7
1(
#4018930000
0(
#4019201000
b1000 7
1(
#4019472000
0(
#4019743000
b1001 7
1(
#4020014000
0(
#4020285000
b1010 7
1(
#4020556000
0(
#4020827000
b1011 7
1(
#4021098000
0(
#4021369000
11
b0 7
1(
#4021640000
0(
#4021911000
b10 B
b1010 K
01
b1 7
1(
#4022182000
0(
#4022453000
b10 7
1(
#4022724000
0(
#4022995000
b11 7
1(
#4023266000
0(
#4023537000
b100 7
1(
#4023808000
0(
#4024079000
b101 7
1(
#4024350000
0(
#4024621000
b110 7
1(
#4024892000
0(
#4025163000
b111 7
1(
#4025434000
0(
#4025705000
b1000 7
1(
#4025976000
0(
#4026247000
b1001 7
1(
#4026518000
0(
#4026789000
b1010 7
1(
#4027060000
0(
#4027331000
b1011 7
1(
#4027602000
0(
#4027873000
11
b0 7
1(
#4028144000
0(
#4028415000
b11 B
b1011 K
01
b1 7
1(
#4028686000
0(
#4028957000
b10 7
1(
#4029228000
0(
#4029499000
b11 7
1(
#4029770000
0(
#4030041000
b100 7
1(
#4030312000
0(
#4030583000
b101 7
1(
#4030854000
0(
#4031125000
b110 7
1(
#4031396000
0(
#4031667000
b111 7
1(
#4031938000
0(
#4032209000
b1000 7
1(
#4032480000
0(
#4032751000
b1001 7
1(
#4033022000
0(
#4033293000
b1010 7
1(
#4033564000
0(
#4033835000
b1011 7
1(
#4034106000
0(
#4034377000
11
b0 7
1(
#4034648000
0(
#4034919000
b100 B
b1100 K
01
b1 7
1(
#4035190000
0(
#4035461000
b10 7
1(
#4035732000
0(
#4036003000
b11 7
1(
#4036274000
0(
#4036545000
b100 7
1(
#4036816000
0(
#4037087000
b101 7
1(
#4037358000
0(
#4037629000
b110 7
1(
#4037900000
0(
#4038171000
b111 7
1(
#4038442000
0(
#4038713000
b1000 7
1(
#4038984000
0(
#4039255000
b1001 7
1(
#4039526000
0(
#4039797000
b1010 7
1(
#4040068000
0(
#4040339000
b1011 7
1(
#4040610000
0(
#4040881000
11
b0 7
1(
#4041152000
0(
#4041423000
b101 B
b1101 K
01
b1 7
1(
#4041694000
0(
#4041965000
b10 7
1(
#4042236000
0(
#4042507000
b11 7
1(
#4042778000
0(
#4043049000
b100 7
1(
#4043320000
0(
#4043591000
b101 7
1(
#4043862000
0(
#4044133000
b110 7
1(
#4044404000
0(
#4044675000
b111 7
1(
#4044946000
0(
#4045217000
b1000 7
1(
#4045488000
0(
#4045759000
b1001 7
1(
#4046030000
0(
#4046301000
b1010 7
1(
#4046572000
0(
#4046843000
b1011 7
1(
#4047114000
0(
#4047385000
11
b0 7
1(
#4047656000
0(
#4047927000
b110 B
b1110 K
01
b1 7
1(
#4048198000
0(
#4048469000
b10 7
1(
#4048740000
0(
#4049011000
b11 7
1(
#4049282000
0(
#4049553000
b100 7
1(
#4049824000
0(
#4050095000
b101 7
1(
#4050366000
0(
#4050637000
b110 7
1(
#4050908000
0(
#4051179000
b111 7
1(
#4051450000
0(
#4051721000
b1000 7
1(
#4051992000
0(
#4052263000
b1001 7
1(
#4052534000
0(
#4052805000
b1010 7
1(
#4053076000
0(
#4053347000
b1011 7
1(
#4053618000
0(
#4053889000
11
b0 7
1(
#4054160000
0(
#4054431000
b111 B
b1111 K
01
b1 7
1(
#4054702000
0(
#4054973000
b10 7
1(
#4055244000
0(
#4055515000
b11 7
1(
#4055786000
0(
#4056057000
b100 7
1(
#4056328000
0(
#4056599000
b101 7
1(
#4056870000
0(
#4057141000
b110 7
1(
#4057412000
0(
#4057683000
b111 7
1(
#4057954000
0(
#4058225000
b1000 7
1(
#4058496000
0(
#4058767000
b1001 7
1(
#4059038000
0(
#4059309000
b1010 7
1(
#4059580000
0(
#4059851000
b1011 7
1(
#4060122000
0(
#4060393000
11
b0 7
1(
#4060664000
0(
#4060935000
b1000 B
b11 J
b0 K
01
b1 7
1(
#4061206000
0(
#4061477000
b10 7
1(
#4061748000
0(
#4062019000
b11 7
1(
#4062290000
0(
#4062561000
b100 7
1(
#4062832000
0(
#4063103000
b101 7
1(
#4063374000
0(
#4063645000
b110 7
1(
#4063916000
0(
#4064187000
b111 7
1(
#4064458000
0(
#4064729000
b1000 7
1(
#4065000000
0(
#4065271000
b1001 7
1(
#4065542000
0(
#4065813000
b1010 7
1(
#4066084000
0(
#4066355000
b1011 7
1(
#4066626000
0(
#4066897000
11
b0 7
1(
#4067168000
0(
#4067439000
b1001 B
b1 K
01
b1 7
1(
#4067710000
0(
#4067981000
b10 7
1(
#4068252000
0(
#4068523000
b11 7
1(
#4068794000
0(
#4069065000
b100 7
1(
#4069336000
0(
#4069607000
b101 7
1(
#4069878000
0(
#4070149000
b110 7
1(
#4070420000
0(
#4070691000
b111 7
1(
#4070962000
0(
#4071233000
b1000 7
1(
#4071504000
0(
#4071775000
b1001 7
1(
#4072046000
0(
#4072317000
b1010 7
1(
#4072588000
0(
#4072859000
b1011 7
1(
#4073130000
0(
#4073401000
11
b0 7
1(
#4073672000
0(
#4073943000
b1010 B
b10 K
01
b1 7
1(
#4074214000
0(
#4074485000
b10 7
1(
#4074756000
0(
#4075027000
b11 7
1(
#4075298000
0(
#4075569000
b100 7
1(
#4075840000
0(
#4076111000
b101 7
1(
#4076382000
0(
#4076653000
b110 7
1(
#4076924000
0(
#4077195000
b111 7
1(
#4077466000
0(
#4077737000
b1000 7
1(
#4078008000
0(
#4078279000
b1001 7
1(
#4078550000
0(
#4078821000
b1010 7
1(
#4079092000
0(
#4079363000
b1011 7
1(
#4079634000
0(
#4079905000
11
b0 7
1(
#4080176000
0(
#4080447000
b1011 B
b11 K
01
b1 7
1(
#4080718000
0(
#4080989000
b10 7
1(
#4081260000
0(
#4081531000
b11 7
1(
#4081802000
0(
#4082073000
b100 7
1(
#4082344000
0(
#4082615000
b101 7
1(
#4082886000
0(
#4083157000
b110 7
1(
#4083428000
0(
#4083699000
b111 7
1(
#4083970000
0(
#4084241000
b1000 7
1(
#4084512000
0(
#4084783000
b1001 7
1(
#4085054000
0(
#4085325000
b1010 7
1(
#4085596000
0(
#4085867000
b1011 7
1(
#4086138000
0(
#4086409000
11
b0 7
1(
#4086680000
0(
#4086951000
b1100 B
b100 K
01
b1 7
1(
#4087222000
0(
#4087493000
b10 7
1(
#4087764000
0(
#4088035000
b11 7
1(
#4088306000
0(
#4088577000
b100 7
1(
#4088848000
0(
#4089119000
b101 7
1(
#4089390000
0(
#4089661000
b110 7
1(
#4089932000
0(
#4090203000
b111 7
1(
#4090474000
0(
#4090745000
b1000 7
1(
#4091016000
0(
#4091287000
b1001 7
1(
#4091558000
0(
#4091829000
b1010 7
1(
#4092100000
0(
#4092371000
b1011 7
1(
#4092642000
0(
#4092913000
11
b0 7
1(
#4093184000
0(
#4093455000
b1101 B
b101 K
01
b1 7
1(
#4093726000
0(
#4093997000
b10 7
1(
#4094268000
0(
#4094539000
b11 7
1(
#4094810000
0(
#4095081000
b100 7
1(
#4095352000
0(
#4095623000
b101 7
1(
#4095894000
0(
#4096165000
b110 7
1(
#4096436000
0(
#4096707000
b111 7
1(
#4096978000
0(
#4097249000
b1000 7
1(
#4097520000
0(
#4097791000
b1001 7
1(
#4098062000
0(
#4098333000
b1010 7
1(
#4098604000
0(
#4098875000
b1011 7
1(
#4099146000
0(
#4099417000
11
b0 7
1(
#4099688000
0(
#4099959000
b1110 B
b110 K
01
b1 7
1(
#4100230000
0(
#4100501000
b10 7
1(
#4100772000
0(
#4101043000
b11 7
1(
#4101314000
0(
#4101585000
b100 7
1(
#4101856000
0(
#4102127000
b101 7
1(
#4102398000
0(
#4102669000
b110 7
1(
#4102940000
0(
#4103211000
b111 7
1(
#4103482000
0(
#4103753000
b1000 7
1(
#4104024000
0(
#4104295000
b1001 7
1(
#4104566000
0(
#4104837000
b1010 7
1(
#4105108000
0(
#4105379000
b1011 7
1(
#4105650000
0(
#4105921000
11
b0 7
1(
#4106192000
0(
#4106463000
b1111 B
b111 K
01
b1 7
1(
#4106734000
0(
#4107005000
b10 7
1(
#4107276000
0(
#4107547000
b11 7
1(
#4107818000
0(
#4108089000
b100 7
1(
#4108360000
0(
#4108631000
b101 7
1(
#4108902000
0(
#4109173000
b110 7
1(
#4109444000
0(
#4109715000
b111 7
1(
#4109986000
0(
#4110257000
b1000 7
1(
#4110528000
0(
#4110799000
b1001 7
1(
#4111070000
0(
#4111341000
b1010 7
1(
#4111612000
0(
#4111883000
b1011 7
1(
#4112154000
0(
#4112425000
11
b0 7
1(
#4112696000
0(
#4112967000
b101 -
b0 A
1#
b11111111 $
b11111111 0
b11111111 =
b0 B
b1000 K
01
b1 7
1(
#4113238000
0(
#4113509000
b10 7
0#
1(
#4113780000
0(
#4114051000
b11 7
1(
#4114322000
0(
#4114593000
b100 7
1(
#4114864000
0(
#4115135000
b101 7
1(
#4115406000
0(
#4115677000
b110 7
1(
#4115948000
0(
#4116219000
b111 7
1(
#4116490000
0(
#4116761000
b1000 7
1(
#4117032000
0(
#4117303000
b1001 7
1(
#4117574000
0(
#4117845000
b1010 7
1(
#4118116000
0(
#4118387000
b1011 7
1(
#4118658000
0(
#4118929000
11
b0 7
1(
#4119200000
0(
#4119471000
b1001 K
01
b1 7
1(
#4119742000
0(
#4120013000
b10 7
1(
#4120284000
0(
#4120555000
b11 7
1(
#4120826000
0(
#4121097000
b100 7
1(
#4121368000
0(
#4121639000
b101 7
1(
#4121910000
0(
#4122181000
b110 7
1(
#4122452000
0(
#4122723000
b111 7
1(
#4122994000
0(
#4123265000
b1000 7
1(
#4123536000
0(
#4123807000
b1001 7
1(
#4124078000
0(
#4124349000
b1010 7
1(
#4124620000
0(
#4124891000
b1011 7
1(
#4125162000
0(
#4125433000
11
b0 7
1(
#4125704000
0(
#4125975000
b1010 K
01
b1 7
1(
#4126246000
0(
#4126517000
b10 7
1(
#4126788000
0(
#4127059000
b11 7
1(
#4127330000
0(
#4127601000
b100 7
1(
#4127872000
0(
#4128143000
b101 7
1(
#4128414000
0(
#4128685000
b110 7
1(
#4128956000
0(
#4129227000
b111 7
1(
#4129498000
0(
#4129769000
b1000 7
1(
#4130040000
0(
#4130311000
b1001 7
1(
#4130582000
0(
#4130853000
b1010 7
1(
#4131124000
0(
#4131395000
b1011 7
1(
#4131666000
0(
#4131937000
11
b0 7
1(
#4132208000
0(
#4132479000
b1011 K
01
b1 7
1(
#4132750000
0(
#4133021000
b10 7
1(
#4133292000
0(
#4133563000
b11 7
1(
#4133834000
0(
#4134105000
b100 7
1(
#4134376000
0(
#4134647000
b101 7
1(
#4134918000
0(
#4135189000
b110 7
1(
#4135460000
0(
#4135731000
b111 7
1(
#4136002000
0(
#4136273000
b1000 7
1(
#4136544000
0(
#4136815000
b1001 7
1(
#4137086000
0(
#4137357000
b1010 7
1(
#4137628000
0(
#4137899000
b1011 7
1(
#4138170000
0(
#4138441000
11
b0 7
1(
#4138712000
0(
#4138983000
b1100 K
01
b1 7
1(
#4139254000
0(
#4139525000
b10 7
1(
#4139796000
0(
#4140067000
b11 7
1(
#4140338000
0(
#4140609000
b100 7
1(
#4140880000
0(
#4141151000
b101 7
1(
#4141422000
0(
#4141693000
b110 7
1(
#4141964000
0(
#4142235000
b111 7
1(
#4142506000
0(
#4142777000
b1000 7
1(
#4143048000
0(
#4143319000
b1001 7
1(
#4143590000
0(
#4143861000
b1010 7
1(
#4144132000
0(
#4144403000
b1011 7
1(
#4144674000
0(
#4144945000
11
b0 7
1(
#4145216000
0(
#4145487000
b1101 K
01
b1 7
1(
#4145758000
0(
#4146029000
b10 7
1(
#4146300000
0(
#4146571000
b11 7
1(
#4146842000
0(
#4147113000
b100 7
1(
#4147384000
0(
#4147655000
b101 7
1(
#4147926000
0(
#4148197000
b110 7
1(
#4148468000
0(
#4148739000
b111 7
1(
#4149010000
0(
#4149281000
b1000 7
1(
#4149552000
0(
#4149823000
b1001 7
1(
#4150094000
0(
#4150365000
b1010 7
1(
#4150636000
0(
#4150907000
b1011 7
1(
#4151178000
0(
#4151449000
11
b0 7
1(
#4151720000
0(
#4151991000
b1110 K
01
b1 7
1(
#4152262000
0(
#4152533000
b10 7
1(
#4152804000
0(
#4153075000
b11 7
1(
#4153346000
0(
#4153617000
b100 7
1(
#4153888000
0(
#4154159000
b101 7
1(
#4154430000
0(
#4154701000
b110 7
1(
#4154972000
0(
#4155243000
b111 7
1(
#4155514000
0(
#4155785000
b1000 7
1(
#4156056000
0(
#4156327000
b1001 7
1(
#4156598000
0(
#4156869000
b1010 7
1(
#4157140000
0(
#4157411000
b1011 7
1(
#4157682000
0(
#4157953000
11
b0 7
1(
#4158224000
0(
#4158495000
b1111 K
01
b1 7
1(
#4158766000
0(
#4159037000
b10 7
1(
#4159308000
0(
#4159579000
b11 7
1(
#4159850000
0(
#4160121000
b100 7
1(
#4160392000
0(
#4160663000
b101 7
1(
#4160934000
0(
#4161205000
b110 7
1(
#4161476000
0(
#4161747000
b111 7
1(
#4162018000
0(
#4162289000
b1000 7
1(
#4162560000
0(
#4162831000
b1001 7
1(
#4163102000
0(
#4163373000
b1010 7
1(
#4163644000
0(
#4163915000
b1011 7
1(
#4164186000
0(
#4164457000
11
b0 7
1(
#4164728000
0(
#4164999000
b0 J
0!
b0 K
01
b1 7
1(
#4165270000
0(
#4165541000
b10 7
b110 .
b100110101110101011011000111010001101001001011010110001001111001011101000110010100100000001001110100100000100111 M
b1001000 L
1(
#4165812000
0(
#4166083000
b11 7
b1001000 *
b1001000 /
b1001000 C
1+
1(
#4166354000
0(
#4166625000
b100 7
b1 J
1!
b1001000 I
0+
1(
#4166896000
0(
#4167167000
0"
b101 7
1(
#4167438000
0(
#4167709000
b110 7
0>
1(
#4167980000
0(
#4168251000
0?
b111 7
1(
#4168522000
0(
#4168793000
b1000 7
b1 A
1(
#4169064000
0(
#4169335000
b1001 7
1(
#4169606000
0(
#4169877000
b1010 7
1(
#4170148000
0(
#4170419000
b1011 7
1(
#4170690000
0(
#4170961000
11
b0 7
1(
#4171232000
0(
#4171503000
b1 B
b1 K
01
b1 7
1(
#4171774000
0(
#4172045000
b10 7
1(
#4172316000
0(
#4172587000
b11 7
1(
#4172858000
0(
#4173129000
b100 7
1(
#4173400000
0(
#4173671000
b101 7
1(
#4173942000
0(
#4174213000
b110 7
1(
#4174484000
0(
#4174755000
b111 7
1(
#4175026000
0(
#4175297000
b1000 7
1(
#4175568000
0(
#4175839000
b1001 7
1(
#4176110000
0(
#4176381000
b1010 7
1(
#4176652000
0(
#4176923000
b1011 7
1(
#4177194000
0(
#4177465000
11
b0 7
1(
#4177736000
0(
#4178007000
b10 B
b10 K
01
b1 7
1(
#4178278000
0(
#4178549000
b10 7
1(
#4178820000
0(
#4179091000
b11 7
1(
#4179362000
0(
#4179633000
b100 7
1(
#4179904000
0(
#4180175000
b101 7
1(
#4180446000
0(
#4180717000
b110 7
1(
#4180988000
0(
#4181259000
b111 7
1(
#4181530000
0(
#4181801000
b1000 7
1(
#4182072000
0(
#4182343000
b1001 7
1(
#4182614000
0(
#4182885000
b1010 7
1(
#4183156000
0(
#4183427000
b1011 7
1(
#4183698000
0(
#4183969000
11
b0 7
1(
#4184240000
0(
#4184511000
b11 B
b11 K
01
b1 7
1(
#4184782000
0(
#4185053000
b10 7
1(
#4185324000
0(
#4185595000
b11 7
1(
#4185866000
0(
#4186137000
b100 7
1(
#4186408000
0(
#4186679000
b101 7
1(
#4186950000
0(
#4187221000
b110 7
1(
#4187492000
0(
#4187763000
b111 7
1(
#4188034000
0(
#4188305000
b1000 7
1(
#4188576000
0(
#4188847000
b1001 7
1(
#4189118000
0(
#4189389000
b1010 7
1(
#4189660000
0(
#4189931000
b1011 7
1(
#4190202000
0(
#4190473000
11
b0 7
1(
#4190744000
0(
#4191015000
b100 B
b100 K
01
b1 7
1(
#4191286000
0(
#4191557000
b10 7
1(
#4191828000
0(
#4192099000
b11 7
1(
#4192370000
0(
#4192641000
b100 7
1(
#4192912000
0(
#4193183000
b101 7
1(
#4193454000
0(
#4193725000
b110 7
1(
#4193996000
0(
#4194267000
b111 7
1(
#4194538000
0(
#4194809000
b1000 7
1(
#4195080000
0(
#4195351000
b1001 7
1(
#4195622000
0(
#4195893000
b1010 7
1(
#4196164000
0(
#4196435000
b1011 7
1(
#4196706000
0(
#4196977000
11
b0 7
1(
#4197248000
0(
#4197519000
b101 B
b101 K
01
b1 7
1(
#4197790000
0(
#4198061000
b10 7
1(
#4198332000
0(
#4198603000
b11 7
1(
#4198874000
0(
#4199145000
b100 7
1(
#4199416000
0(
#4199687000
b101 7
1(
#4199958000
0(
#4200229000
b110 7
1(
#4200500000
0(
#4200771000
b111 7
1(
#4201042000
0(
#4201313000
b1000 7
1(
#4201584000
0(
#4201855000
b1001 7
1(
#4202126000
0(
#4202397000
b1010 7
1(
#4202668000
0(
#4202939000
b1011 7
1(
#4203210000
0(
#4203481000
11
b0 7
1(
#4203752000
0(
#4204023000
b110 B
b110 K
01
b1 7
1(
#4204294000
0(
#4204565000
b10 7
1(
#4204836000
0(
#4205107000
b11 7
1(
#4205378000
0(
#4205649000
b100 7
1(
#4205920000
0(
#4206191000
b101 7
1(
#4206462000
0(
#4206733000
b110 7
1(
#4207004000
0(
#4207275000
b111 7
1(
#4207546000
0(
#4207817000
b1000 7
1(
#4208088000
0(
#4208359000
b1001 7
1(
#4208630000
0(
#4208901000
b1010 7
1(
#4209172000
0(
#4209443000
b1011 7
1(
#4209714000
0(
#4209985000
11
b0 7
1(
#4210256000
0(
#4210527000
b111 B
b111 K
01
b1 7
1(
#4210798000
0(
#4211069000
b10 7
1(
#4211340000
0(
#4211611000
b11 7
1(
#4211882000
0(
#4212153000
b100 7
1(
#4212424000
0(
#4212695000
b101 7
1(
#4212966000
0(
#4213237000
b110 7
1(
#4213508000
0(
#4213779000
b111 7
1(
#4214050000
0(
#4214321000
b1000 7
1(
#4214592000
0(
#4214863000
b1001 7
1(
#4215134000
0(
#4215405000
b1010 7
1(
#4215676000
0(
#4215947000
b1011 7
1(
#4216218000
0(
#4216489000
11
b0 7
1(
#4216760000
0(
#4217031000
b10 A
b0 <
b0 B
b1000 K
01
b1 7
1(
#4217302000
0(
#4217573000
b10 7
1(
#4217844000
0(
#4218115000
b11 7
1(
#4218386000
0(
#4218657000
b100 7
1(
#4218928000
0(
#4219199000
b101 7
1(
#4219470000
0(
#4219741000
b110 7
1(
#4220012000
0(
#4220283000
b111 7
1(
#4220554000
0(
#4220825000
b1000 7
1(
#4221096000
0(
#4221367000
b1001 7
1(
#4221638000
0(
#4221909000
b1010 7
1(
#4222180000
0(
#4222451000
b1011 7
1(
#4222722000
0(
#4222993000
11
b0 7
1(
#4223264000
0(
#4223535000
b1 B
b1001 K
01
b1 7
1(
#4223806000
0(
#4224077000
b10 7
1(
#4224348000
0(
#4224619000
b11 7
1(
#4224890000
0(
#4225161000
b100 7
1(
#4225432000
0(
#4225703000
b101 7
1(
#4225974000
0(
#4226245000
b110 7
1(
#4226516000
0(
#4226787000
b111 7
1(
#4227058000
0(
#4227329000
b1000 7
1(
#4227600000
0(
#4227871000
b1001 7
1(
#4228142000
0(
#4228413000
b1010 7
1(
#4228684000
0(
#4228955000
b1011 7
1(
#4229226000
0(
#4229497000
11
b0 7
1(
#4229768000
0(
#4230039000
b10 B
b1010 K
01
b1 7
1(
#4230310000
0(
#4230581000
b10 7
1(
#4230852000
0(
#4231123000
b11 7
1(
#4231394000
0(
#4231665000
b100 7
1(
#4231936000
0(
#4232207000
b101 7
1(
#4232478000
0(
#4232749000
b110 7
1(
#4233020000
0(
#4233291000
b111 7
1(
#4233562000
0(
#4233833000
b1000 7
1(
#4234104000
0(
#4234375000
b1001 7
1(
#4234646000
0(
#4234917000
b1010 7
1(
#4235188000
0(
#4235459000
b1011 7
1(
#4235730000
0(
#4236001000
11
b0 7
1(
#4236272000
0(
#4236543000
b11 B
b1011 K
01
b1 7
1(
#4236814000
0(
#4237085000
b10 7
1(
#4237356000
0(
#4237627000
b11 7
1(
#4237898000
0(
#4238169000
b100 7
1(
#4238440000
0(
#4238711000
b101 7
1(
#4238982000
0(
#4239253000
b110 7
1(
#4239524000
0(
#4239795000
b111 7
1(
#4240066000
0(
#4240337000
b1000 7
1(
#4240608000
0(
#4240879000
b1001 7
1(
#4241150000
0(
#4241421000
b1010 7
1(
#4241692000
0(
#4241963000
b1011 7
1(
#4242234000
0(
#4242505000
11
b0 7
1(
#4242776000
0(
#4243047000
b100 B
b1100 K
01
b1 7
1(
#4243318000
0(
#4243589000
b10 7
1(
#4243860000
0(
#4244131000
b11 7
1(
#4244402000
0(
#4244673000
b100 7
1(
#4244944000
0(
#4245215000
b101 7
1(
#4245486000
0(
#4245757000
b110 7
1(
#4246028000
0(
#4246299000
b111 7
1(
#4246570000
0(
#4246841000
b1000 7
1(
#4247112000
0(
#4247383000
b1001 7
1(
#4247654000
0(
#4247925000
b1010 7
1(
#4248196000
0(
#4248467000
b1011 7
1(
#4248738000
0(
#4249009000
11
b0 7
1(
#4249280000
0(
#4249551000
b101 B
b1101 K
01
b1 7
1(
#4249822000
0(
#4250093000
b10 7
1(
#4250364000
0(
#4250635000
b11 7
1(
#4250906000
0(
#4251177000
b100 7
1(
#4251448000
0(
#4251719000
b101 7
1(
#4251990000
0(
#4252261000
b110 7
1(
#4252532000
0(
#4252803000
b111 7
1(
#4253074000
0(
#4253345000
b1000 7
1(
#4253616000
0(
#4253887000
b1001 7
1(
#4254158000
0(
#4254429000
b1010 7
1(
#4254700000
0(
#4254971000
b1011 7
1(
#4255242000
0(
#4255513000
11
b0 7
1(
#4255784000
0(
#4256055000
b110 B
b1110 K
01
b1 7
1(
#4256326000
0(
#4256597000
b10 7
1(
#4256868000
0(
#4257139000
b11 7
1(
#4257410000
0(
#4257681000
b100 7
1(
#4257952000
0(
#4258223000
b101 7
1(
#4258494000
0(
#4258765000
b110 7
1(
#4259036000
0(
#4259307000
b111 7
1(
#4259578000
0(
#4259849000
b1000 7
1(
#4260120000
0(
#4260391000
b1001 7
1(
#4260662000
0(
#4260933000
b1010 7
1(
#4261204000
0(
#4261475000
b1011 7
1(
#4261746000
0(
#4262017000
11
b0 7
1(
#4262288000
0(
#4262559000
b111 B
b1111 K
01
b1 7
1(
#4262830000
0(
#4263101000
b10 7
1(
#4263372000
0(
#4263643000
b11 7
1(
#4263914000
0(
#4264185000
b100 7
1(
#4264456000
0(
#4264727000
b101 7
1(
#4264998000
0(
#4265269000
b110 7
1(
#4265540000
0(
#4265811000
b111 7
1(
#4266082000
0(
#4266353000
b1000 7
1(
#4266624000
0(
#4266895000
b1001 7
1(
#4267166000
0(
#4267437000
b1010 7
1(
#4267708000
0(
#4267979000
b1011 7
1(
#4268250000
0(
#4268521000
11
b0 7
1(
#4268792000
0(
#4269063000
b1000 B
b10 J
b0 H
b0 K
01
b1 7
1(
#4269334000
0(
#4269605000
b10 7
1(
#4269876000
0(
#4270147000
b11 7
1(
#4270418000
0(
#4270689000
b100 7
1(
#4270960000
0(
#4271231000
b101 7
1(
#4271502000
0(
#4271773000
b110 7
1(
#4272044000
0(
#4272315000
b111 7
1(
#4272586000
0(
#4272857000
b1000 7
1(
#4273128000
0(
#4273399000
b1001 7
1(
#4273670000
0(
#4273941000
b1010 7
1(
#4274212000
0(
#4274483000
b1011 7
1(
#4274754000
0(
#4275025000
11
b0 7
1(
#4275296000
0(
#4275567000
b1001 B
b1 K
01
b1 7
1(
#4275838000
0(
#4276109000
b10 7
1(
#4276380000
0(
#4276651000
b11 7
1(
#4276922000
0(
#4277193000
b100 7
1(
#4277464000
0(
#4277735000
b101 7
1(
#4278006000
0(
#4278277000
b110 7
1(
#4278548000
0(
#4278819000
b111 7
1(
#4279090000
0(
#4279361000
b1000 7
1(
#4279632000
0(
#4279903000
b1001 7
1(
#4280174000
0(
#4280445000
b1010 7
1(
#4280716000
0(
#4280987000
b1011 7
1(
#4281258000
0(
#4281529000
11
b0 7
1(
#4281800000
0(
#4282071000
b1010 B
b10 K
01
b1 7
1(
#4282342000
0(
#4282613000
b10 7
1(
#4282884000
0(
#4283155000
b11 7
1(
#4283426000
0(
#4283697000
b100 7
1(
#4283968000
0(
#4284239000
b101 7
1(
#4284510000
0(
#4284781000
b110 7
1(
#4285052000
0(
#4285323000
b111 7
1(
#4285594000
0(
#4285865000
b1000 7
1(
#4286136000
0(
#4286407000
b1001 7
1(
#4286678000
0(
#4286949000
b1010 7
1(
#4287220000
0(
#4287491000
b1011 7
1(
#4287762000
0(
#4288033000
11
b0 7
1(
#4288304000
0(
#4288575000
b1011 B
b11 K
01
b1 7
1(
#4288846000
0(
#4289117000
b10 7
1(
#4289388000
0(
#4289659000
b11 7
1(
#4289930000
0(
#4290201000
b100 7
1(
#4290472000
0(
#4290743000
b101 7
1(
#4291014000
0(
#4291285000
b110 7
1(
#4291556000
0(
#4291827000
b111 7
1(
#4292098000
0(
#4292369000
b1000 7
1(
#4292640000
0(
#4292911000
b1001 7
1(
#4293182000
0(
#4293453000
b1010 7
1(
#4293724000
0(
#4293995000
b1011 7
1(
#4294266000
0(
#4294537000
11
b0 7
1(
#4294808000
0(
#4295079000
b1100 B
b100 K
01
b1 7
1(
#4295350000
0(
#4295621000
b10 7
1(
#4295892000
0(
#4296163000
b11 7
1(
#4296434000
0(
#4296705000
b100 7
1(
#4296976000
0(
#4297247000
b101 7
1(
#4297518000
0(
#4297789000
b110 7
1(
#4298060000
0(
#4298331000
b111 7
1(
#4298602000
0(
#4298873000
b1000 7
1(
#4299144000
0(
#4299415000
b1001 7
1(
#4299686000
0(
#4299957000
b1010 7
1(
#4300228000
0(
#4300499000
b1011 7
1(
#4300770000
0(
#4301041000
11
b0 7
1(
#4301312000
0(
#4301583000
b1101 B
b101 K
01
b1 7
1(
#4301854000
0(
#4302125000
b10 7
1(
#4302396000
0(
#4302667000
b11 7
1(
#4302938000
0(
#4303209000
b100 7
1(
#4303480000
0(
#4303751000
b101 7
1(
#4304022000
0(
#4304293000
b110 7
1(
#4304564000
0(
#4304835000
b111 7
1(
#4305106000
0(
#4305377000
b1000 7
1(
#4305648000
0(
#4305919000
b1001 7
1(
#4306190000
0(
#4306461000
b1010 7
1(
#4306732000
0(
#4307003000
b1011 7
1(
#4307274000
0(
#4307545000
11
b0 7
1(
#4307816000
0(
#4308087000
b1110 B
b110 K
01
b1 7
1(
#4308358000
0(
#4308629000
b10 7
1(
#4308900000
0(
#4309171000
b11 7
1(
#4309442000
0(
#4309713000
b100 7
1(
#4309984000
0(
#4310255000
b101 7
1(
#4310526000
0(
#4310797000
b110 7
1(
#4311068000
0(
#4311339000
b111 7
1(
#4311610000
0(
#4311881000
b1000 7
1(
#4312152000
0(
#4312423000
b1001 7
1(
#4312694000
0(
#4312965000
b1010 7
1(
#4313236000
0(
#4313507000
b1011 7
1(
#4313778000
0(
#4314049000
11
b0 7
1(
#4314320000
0(
#4314591000
b1111 B
b111 K
01
b1 7
1(
#4314862000
0(
#4315133000
b10 7
1(
#4315404000
0(
#4315675000
b11 7
1(
#4315946000
0(
#4316217000
b100 7
1(
#4316488000
0(
#4316759000
b101 7
1(
#4317030000
0(
#4317301000
b110 7
1(
#4317572000
0(
#4317843000
b111 7
1(
#4318114000
0(
#4318385000
b1000 7
1(
#4318656000
0(
#4318927000
b1001 7
1(
#4319198000
0(
#4319469000
b1010 7
1(
#4319740000
0(
#4320011000
b1011 7
1(
#4320282000
0(
#4320553000
11
b0 7
1(
#4320824000
0(
#4321095000
b1 <
b11111110 @
b0 B
b1000 K
01
b1 7
1(
#4321366000
0(
#4321637000
b10 7
1(
#4321908000
0(
#4322179000
b11 7
1(
#4322450000
0(
#4322721000
b100 7
1(
#4322992000
0(
#4323263000
b101 7
1(
#4323534000
0(
#4323805000
b110 7
1(
#4324076000
0(
#4324347000
b111 7
1(
#4324618000
0(
#4324889000
b1000 7
1(
#4325160000
0(
#4325431000
b1001 7
1(
#4325702000
0(
#4325973000
b1010 7
1(
#4326244000
0(
#4326515000
b1011 7
1(
#4326786000
0(
#4327057000
11
b0 7
1(
#4327328000
0(
#4327599000
b1 B
b1001 K
01
b1 7
1(
#4327870000
0(
#4328141000
b10 7
1(
#4328412000
0(
#4328683000
b11 7
1(
#4328954000
0(
#4329225000
b100 7
1(
#4329496000
0(
#4329767000
b101 7
1(
#4330038000
0(
#4330309000
b110 7
1(
#4330580000
0(
#4330851000
b111 7
1(
#4331122000
0(
#4331393000
b1000 7
1(
#4331664000
0(
#4331935000
b1001 7
1(
#4332206000
0(
#4332477000
b1010 7
1(
#4332748000
0(
#4333019000
b1011 7
1(
#4333290000
0(
#4333561000
11
b0 7
1(
#4333832000
0(
#4334103000
b10 B
b1010 K
01
b1 7
1(
#4334374000
0(
#4334645000
b10 7
1(
#4334916000
0(
#4335187000
b11 7
1(
#4335458000
0(
#4335729000
b100 7
1(
#4336000000
0(
#4336271000
b101 7
1(
#4336542000
0(
#4336813000
b110 7
1(
#4337084000
0(
#4337355000
b111 7
1(
#4337626000
0(
#4337897000
b1000 7
1(
#4338168000
0(
#4338439000
b1001 7
1(
#4338710000
0(
#4338981000
b1010 7
1(
#4339252000
0(
#4339523000
b1011 7
1(
#4339794000
0(
#4340065000
11
b0 7
1(
#4340336000
0(
#4340607000
b11 B
b1011 K
01
b1 7
1(
#4340878000
0(
#4341149000
b10 7
1(
#4341420000
0(
#4341691000
b11 7
1(
#4341962000
0(
#4342233000
b100 7
1(
#4342504000
0(
#4342775000
b101 7
1(
#4343046000
0(
#4343317000
b110 7
1(
#4343588000
0(
#4343859000
b111 7
1(
#4344130000
0(
#4344401000
b1000 7
1(
#4344672000
0(
#4344943000
b1001 7
1(
#4345214000
0(
#4345485000
b1010 7
1(
#4345756000
0(
#4346027000
b1011 7
1(
#4346298000
0(
#4346569000
11
b0 7
1(
#4346840000
0(
#4347111000
b100 B
b1100 K
01
b1 7
1(
#4347382000
0(
#4347653000
b10 7
1(
#4347924000
0(
#4348195000
b11 7
1(
#4348466000
0(
#4348737000
b100 7
1(
#4349008000
0(
#4349279000
b101 7
1(
#4349550000
0(
#4349821000
b110 7
1(
#4350092000
0(
#4350363000
b111 7
1(
#4350634000
0(
#4350905000
b1000 7
1(
#4351176000
0(
#4351447000
b1001 7
1(
#4351718000
0(
#4351989000
b1010 7
1(
#4352260000
0(
#4352531000
b1011 7
1(
#4352802000
0(
#4353073000
11
b0 7
1(
#4353344000
0(
#4353615000
b101 B
b1101 K
01
b1 7
1(
#4353886000
0(
#4354157000
b10 7
1(
#4354428000
0(
#4354699000
b11 7
1(
#4354970000
0(
#4355241000
b100 7
1(
#4355512000
0(
#4355783000
b101 7
1(
#4356054000
0(
#4356325000
b110 7
1(
#4356596000
0(
#4356867000
b111 7
1(
#4357138000
0(
#4357409000
b1000 7
1(
#4357680000
0(
#4357951000
b1001 7
1(
#4358222000
0(
#4358493000
b1010 7
1(
#4358764000
0(
#4359035000
b1011 7
1(
#4359306000
0(
#4359577000
11
b0 7
1(
#4359848000
0(
#4360119000
b110 B
b1110 K
01
b1 7
1(
#4360390000
0(
#4360661000
b10 7
1(
#4360932000
0(
#4361203000
b11 7
1(
#4361474000
0(
#4361745000
b100 7
1(
#4362016000
0(
#4362287000
b101 7
1(
#4362558000
0(
#4362829000
b110 7
1(
#4363100000
0(
#4363371000
b111 7
1(
#4363642000
0(
#4363913000
b1000 7
1(
#4364184000
0(
#4364455000
b1001 7
1(
#4364726000
0(
#4364997000
b1010 7
1(
#4365268000
0(
#4365539000
b1011 7
1(
#4365810000
0(
#4366081000
11
b0 7
1(
#4366352000
0(
#4366623000
b111 B
b1111 K
01
b1 7
1(
#4366894000
0(
#4367165000
b10 7
1(
#4367436000
0(
#4367707000
b11 7
1(
#4367978000
0(
#4368249000
b100 7
1(
#4368520000
0(
#4368791000
b101 7
1(
#4369062000
0(
#4369333000
b110 7
1(
#4369604000
0(
#4369875000
b111 7
1(
#4370146000
0(
#4370417000
b1000 7
1(
#4370688000
0(
#4370959000
b1001 7
1(
#4371230000
0(
#4371501000
b1010 7
1(
#4371772000
0(
#4372043000
b1011 7
1(
#4372314000
0(
#4372585000
11
b0 7
1(
#4372856000
0(
#4373127000
b1000 B
b1 H
b0 K
01
b1 7
1(
#4373398000
0(
#4373669000
b10 7
1(
#4373940000
0(
#4374211000
b11 7
1(
#4374482000
0(
#4374753000
b100 7
1(
#4375024000
0(
#4375295000
b101 7
1(
#4375566000
0(
#4375837000
b110 7
1(
#4376108000
0(
#4376379000
b111 7
1(
#4376650000
0(
#4376921000
b1000 7
1(
#4377192000
0(
#4377463000
b1001 7
1(
#4377734000
0(
#4378005000
b1010 7
1(
#4378276000
0(
#4378547000
b1011 7
1(
#4378818000
0(
#4379089000
11
b0 7
1(
#4379360000
0(
#4379631000
b1001 B
b1 K
01
b1 7
1(
#4379902000
0(
#4380173000
b10 7
1(
#4380444000
0(
#4380715000
b11 7
1(
#4380986000
0(
#4381257000
b100 7
1(
#4381528000
0(
#4381799000
b101 7
1(
#4382070000
0(
#4382341000
b110 7
1(
#4382612000
0(
#4382883000
b111 7
1(
#4383154000
0(
#4383425000
b1000 7
1(
#4383696000
0(
#4383967000
b1001 7
1(
#4384238000
0(
#4384509000
b1010 7
1(
#4384780000
0(
#4385051000
b1011 7
1(
#4385322000
0(
#4385593000
11
b0 7
1(
#4385864000
0(
#4386135000
b1010 B
b10 K
01
b1 7
1(
#4386406000
0(
#4386677000
b10 7
1(
#4386948000
0(
#4387219000
b11 7
1(
#4387490000
0(
#4387761000
b100 7
1(
#4388032000
0(
#4388303000
b101 7
1(
#4388574000
0(
#4388845000
b110 7
1(
#4389116000
0(
#4389387000
b111 7
1(
#4389658000
0(
#4389929000
b1000 7
1(
#4390200000
0(
#4390471000
b1001 7
1(
#4390742000
0(
#4391013000
b1010 7
1(
#4391284000
0(
#4391555000
b1011 7
1(
#4391826000
0(
#4392097000
11
b0 7
1(
#4392368000
0(
#4392639000
b1011 B
b11 K
01
b1 7
1(
#4392910000
0(
#4393181000
b10 7
1(
#4393452000
0(
#4393723000
b11 7
1(
#4393994000
0(
#4394265000
b100 7
1(
#4394536000
0(
#4394807000
b101 7
1(
#4395078000
0(
#4395349000
b110 7
1(
#4395620000
0(
#4395891000
b111 7
1(
#4396162000
0(
#4396433000
b1000 7
1(
#4396704000
0(
#4396975000
b1001 7
1(
#4397246000
0(
#4397517000
b1010 7
1(
#4397788000
0(
#4398059000
b1011 7
1(
#4398330000
0(
#4398601000
11
b0 7
1(
#4398872000
0(
#4399143000
b1100 B
b100 K
01
b1 7
1(
#4399414000
0(
#4399685000
b10 7
1(
#4399956000
0(
#4400227000
b11 7
1(
#4400498000
0(
#4400769000
b100 7
1(
#4401040000
0(
#4401311000
b101 7
1(
#4401582000
0(
#4401853000
b110 7
1(
#4402124000
0(
#4402395000
b111 7
1(
#4402666000
0(
#4402937000
b1000 7
1(
#4403208000
0(
#4403479000
b1001 7
1(
#4403750000
0(
#4404021000
b1010 7
1(
#4404292000
0(
#4404563000
b1011 7
1(
#4404834000
0(
#4405105000
11
b0 7
1(
#4405376000
0(
#4405647000
b1101 B
b101 K
01
b1 7
1(
#4405918000
0(
#4406189000
b10 7
1(
#4406460000
0(
#4406731000
b11 7
1(
#4407002000
0(
#4407273000
b100 7
1(
#4407544000
0(
#4407815000
b101 7
1(
#4408086000
0(
#4408357000
b110 7
1(
#4408628000
0(
#4408899000
b111 7
1(
#4409170000
0(
#4409441000
b1000 7
1(
#4409712000
0(
#4409983000
b1001 7
1(
#4410254000
0(
#4410525000
b1010 7
1(
#4410796000
0(
#4411067000
b1011 7
1(
#4411338000
0(
#4411609000
11
b0 7
1(
#4411880000
0(
#4412151000
b1110 B
b110 K
01
b1 7
1(
#4412422000
0(
#4412693000
b10 7
1(
#4412964000
0(
#4413235000
b11 7
1(
#4413506000
0(
#4413777000
b100 7
1(
#4414048000
0(
#4414319000
b101 7
1(
#4414590000
0(
#4414861000
b110 7
1(
#4415132000
0(
#4415403000
b111 7
1(
#4415674000
0(
#4415945000
b1000 7
1(
#4416216000
0(
#4416487000
b1001 7
1(
#4416758000
0(
#4417029000
b1010 7
1(
#4417300000
0(
#4417571000
b1011 7
1(
#4417842000
0(
#4418113000
11
b0 7
1(
#4418384000
0(
#4418655000
b1111 B
b111 K
01
b1 7
1(
#4418926000
0(
#4419197000
b10 7
1(
#4419468000
0(
#4419739000
b11 7
1(
#4420010000
0(
#4420281000
b100 7
1(
#4420552000
0(
#4420823000
b101 7
1(
#4421094000
0(
#4421365000
b110 7
1(
#4421636000
0(
#4421907000
b111 7
1(
#4422178000
0(
#4422449000
b1000 7
1(
#4422720000
0(
#4422991000
b1001 7
1(
#4423262000
0(
#4423533000
b1010 7
1(
#4423804000
0(
#4424075000
b1011 7
1(
#4424346000
0(
#4424617000
11
b0 7
1(
#4424888000
0(
#4425159000
b10 <
b11111100 @
b0 B
b1000 K
01
b1 7
1(
#4425430000
0(
#4425701000
b10 7
1(
#4425972000
0(
#4426243000
b11 7
1(
#4426514000
0(
#4426785000
b100 7
1(
#4427056000
0(
#4427327000
b101 7
1(
#4427598000
0(
#4427869000
b110 7
1(
#4428140000
0(
#4428411000
b111 7
1(
#4428682000
0(
#4428953000
b1000 7
1(
#4429224000
0(
#4429495000
b1001 7
1(
#4429766000
0(
#4430037000
b1010 7
1(
#4430308000
0(
#4430579000
b1011 7
1(
#4430850000
0(
#4431121000
11
b0 7
1(
#4431392000
0(
#4431663000
b1 B
b1001 K
01
b1 7
1(
#4431934000
0(
#4432205000
b10 7
1(
#4432476000
0(
#4432747000
b11 7
1(
#4433018000
0(
#4433289000
b100 7
1(
#4433560000
0(
#4433831000
b101 7
1(
#4434102000
0(
#4434373000
b110 7
1(
#4434644000
0(
#4434915000
b111 7
1(
#4435186000
0(
#4435457000
b1000 7
1(
#4435728000
0(
#4435999000
b1001 7
1(
#4436270000
0(
#4436541000
b1010 7
1(
#4436812000
0(
#4437083000
b1011 7
1(
#4437354000
0(
#4437625000
11
b0 7
1(
#4437896000
0(
#4438167000
b10 B
b1010 K
01
b1 7
1(
#4438438000
0(
#4438709000
b10 7
1(
#4438980000
0(
#4439251000
b11 7
1(
#4439522000
0(
#4439793000
b100 7
1(
#4440064000
0(
#4440335000
b101 7
1(
#4440606000
0(
#4440877000
b110 7
1(
#4441148000
0(
#4441419000
b111 7
1(
#4441690000
0(
#4441961000
b1000 7
1(
#4442232000
0(
#4442503000
b1001 7
1(
#4442774000
0(
#4443045000
b1010 7
1(
#4443316000
0(
#4443587000
b1011 7
1(
#4443858000
0(
#4444129000
11
b0 7
1(
#4444400000
0(
#4444671000
b11 B
b1011 K
01
b1 7
1(
#4444942000
0(
#4445213000
b10 7
1(
#4445484000
0(
#4445755000
b11 7
1(
#4446026000
0(
#4446297000
b100 7
1(
#4446568000
0(
#4446839000
b101 7
1(
#4447110000
0(
#4447381000
b110 7
1(
#4447652000
0(
#4447923000
b111 7
1(
#4448194000
0(
#4448465000
b1000 7
1(
#4448736000
0(
#4449007000
b1001 7
1(
#4449278000
0(
#4449549000
b1010 7
1(
#4449820000
0(
#4450091000
b1011 7
1(
#4450362000
0(
#4450633000
11
b0 7
1(
#4450904000
0(
#4451175000
b100 B
b1100 K
01
b1 7
1(
#4451446000
0(
#4451717000
b10 7
1(
#4451988000
0(
#4452259000
b11 7
1(
#4452530000
0(
#4452801000
b100 7
1(
#4453072000
0(
#4453343000
b101 7
1(
#4453614000
0(
#4453885000
b110 7
1(
#4454156000
0(
#4454427000
b111 7
1(
#4454698000
0(
#4454969000
b1000 7
1(
#4455240000
0(
#4455511000
b1001 7
1(
#4455782000
0(
#4456053000
b1010 7
1(
#4456324000
0(
#4456595000
b1011 7
1(
#4456866000
0(
#4457137000
11
b0 7
1(
#4457408000
0(
#4457679000
b101 B
b1101 K
01
b1 7
1(
#4457950000
0(
#4458221000
b10 7
1(
#4458492000
0(
#4458763000
b11 7
1(
#4459034000
0(
#4459305000
b100 7
1(
#4459576000
0(
#4459847000
b101 7
1(
#4460118000
0(
#4460389000
b110 7
1(
#4460660000
0(
#4460931000
b111 7
1(
#4461202000
0(
#4461473000
b1000 7
1(
#4461744000
0(
#4462015000
b1001 7
1(
#4462286000
0(
#4462557000
b1010 7
1(
#4462828000
0(
#4463099000
b1011 7
1(
#4463370000
0(
#4463641000
11
b0 7
1(
#4463912000
0(
#4464183000
b110 B
b1110 K
01
b1 7
1(
#4464454000
0(
#4464725000
b10 7
1(
#4464996000
0(
#4465267000
b11 7
1(
#4465538000
0(
#4465809000
b100 7
1(
#4466080000
0(
#4466351000
b101 7
1(
#4466622000
0(
#4466893000
b110 7
1(
#4467164000
0(
#4467435000
b111 7
1(
#4467706000
0(
#4467977000
b1000 7
1(
#4468248000
0(
#4468519000
b1001 7
1(
#4468790000
0(
#4469061000
b1010 7
1(
#4469332000
0(
#4469603000
b1011 7
1(
#4469874000
0(
#4470145000
11
b0 7
1(
#4470416000
0(
#4470687000
b111 B
b1111 K
01
b1 7
1(
#4470958000
0(
#4471229000
b10 7
1(
#4471500000
0(
#4471771000
b11 7
1(
#4472042000
0(
#4472313000
b100 7
1(
#4472584000
0(
#4472855000
b101 7
1(
#4473126000
0(
#4473397000
b110 7
1(
#4473668000
0(
#4473939000
b111 7
1(
#4474210000
0(
#4474481000
b1000 7
1(
#4474752000
0(
#4475023000
b1001 7
1(
#4475294000
0(
#4475565000
b1010 7
1(
#4475836000
0(
#4476107000
b1011 7
1(
#4476378000
0(
#4476649000
11
b0 7
1(
#4476920000
0(
#4477191000
b1000 B
b10 H
b0 K
01
b1 7
1(
#4477462000
0(
#4477733000
b10 7
1(
#4478004000
0(
#4478275000
b11 7
1(
#4478546000
0(
#4478817000
b100 7
1(
#4479088000
0(
#4479359000
b101 7
1(
#4479630000
0(
#4479901000
b110 7
1(
#4480172000
0(
#4480443000
b111 7
1(
#4480714000
0(
#4480985000
b1000 7
1(
#4481256000
0(
#4481527000
b1001 7
1(
#4481798000
0(
#4482069000
b1010 7
1(
#4482340000
0(
#4482611000
b1011 7
1(
#4482882000
0(
#4483153000
11
b0 7
1(
#4483424000
0(
#4483695000
b1001 B
b1 K
01
b1 7
1(
#4483966000
0(
#4484237000
b10 7
1(
#4484508000
0(
#4484779000
b11 7
1(
#4485050000
0(
#4485321000
b100 7
1(
#4485592000
0(
#4485863000
b101 7
1(
#4486134000
0(
#4486405000
b110 7
1(
#4486676000
0(
#4486947000
b111 7
1(
#4487218000
0(
#4487489000
b1000 7
1(
#4487760000
0(
#4488031000
b1001 7
1(
#4488302000
0(
#4488573000
b1010 7
1(
#4488844000
0(
#4489115000
b1011 7
1(
#4489386000
0(
#4489657000
11
b0 7
1(
#4489928000
0(
#4490199000
b1010 B
b10 K
01
b1 7
1(
#4490470000
0(
#4490741000
b10 7
1(
#4491012000
0(
#4491283000
b11 7
1(
#4491554000
0(
#4491825000
b100 7
1(
#4492096000
0(
#4492367000
b101 7
1(
#4492638000
0(
#4492909000
b110 7
1(
#4493180000
0(
#4493451000
b111 7
1(
#4493722000
0(
#4493993000
b1000 7
1(
#4494264000
0(
#4494535000
b1001 7
1(
#4494806000
0(
#4495077000
b1010 7
1(
#4495348000
0(
#4495619000
b1011 7
1(
#4495890000
0(
#4496161000
11
b0 7
1(
#4496432000
0(
#4496703000
b1011 B
b11 K
01
b1 7
1(
#4496974000
0(
#4497245000
b10 7
1(
#4497516000
0(
#4497787000
b11 7
1(
#4498058000
0(
#4498329000
b100 7
1(
#4498600000
0(
#4498871000
b101 7
1(
#4499142000
0(
#4499413000
b110 7
1(
#4499684000
0(
#4499955000
b111 7
1(
#4500226000
0(
#4500497000
b1000 7
1(
#4500768000
0(
#4501039000
b1001 7
1(
#4501310000
0(
#4501581000
b1010 7
1(
#4501852000
0(
#4502123000
b1011 7
1(
#4502394000
0(
#4502665000
11
b0 7
1(
#4502936000
0(
#4503207000
b1100 B
b100 K
01
b1 7
1(
#4503478000
0(
#4503749000
b10 7
1(
#4504020000
0(
#4504291000
b11 7
1(
#4504562000
0(
#4504833000
b100 7
1(
#4505104000
0(
#4505375000
b101 7
1(
#4505646000
0(
#4505917000
b110 7
1(
#4506188000
0(
#4506459000
b111 7
1(
#4506730000
0(
#4507001000
b1000 7
1(
#4507272000
0(
#4507543000
b1001 7
1(
#4507814000
0(
#4508085000
b1010 7
1(
#4508356000
0(
#4508627000
b1011 7
1(
#4508898000
0(
#4509169000
11
b0 7
1(
#4509440000
0(
#4509711000
b1101 B
b101 K
01
b1 7
1(
#4509982000
0(
#4510253000
b10 7
1(
#4510524000
0(
#4510795000
b11 7
1(
#4511066000
0(
#4511337000
b100 7
1(
#4511608000
0(
#4511879000
b101 7
1(
#4512150000
0(
#4512421000
b110 7
1(
#4512692000
0(
#4512963000
b111 7
1(
#4513234000
0(
#4513505000
b1000 7
1(
#4513776000
0(
#4514047000
b1001 7
1(
#4514318000
0(
#4514589000
b1010 7
1(
#4514860000
0(
#4515131000
b1011 7
1(
#4515402000
0(
#4515673000
11
b0 7
1(
#4515944000
0(
#4516215000
b1110 B
b110 K
01
b1 7
1(
#4516486000
0(
#4516757000
b10 7
1(
#4517028000
0(
#4517299000
b11 7
1(
#4517570000
0(
#4517841000
b100 7
1(
#4518112000
0(
#4518383000
b101 7
1(
#4518654000
0(
#4518925000
b110 7
1(
#4519196000
0(
#4519467000
b111 7
1(
#4519738000
0(
#4520009000
b1000 7
1(
#4520280000
0(
#4520551000
b1001 7
1(
#4520822000
0(
#4521093000
b1010 7
1(
#4521364000
0(
#4521635000
b1011 7
1(
#4521906000
0(
#4522177000
11
b0 7
1(
#4522448000
0(
#4522719000
b1111 B
b111 K
01
b1 7
1(
#4522990000
0(
#4523261000
b10 7
1(
#4523532000
0(
#4523803000
b11 7
1(
#4524074000
0(
#4524345000
b100 7
1(
#4524616000
0(
#4524887000
b101 7
1(
#4525158000
0(
#4525429000
b110 7
1(
#4525700000
0(
#4525971000
b111 7
1(
#4526242000
0(
#4526513000
b1000 7
1(
#4526784000
0(
#4527055000
b1001 7
1(
#4527326000
0(
#4527597000
b1010 7
1(
#4527868000
0(
#4528139000
b1011 7
1(
#4528410000
0(
#4528681000
11
b0 7
1(
#4528952000
0(
#4529223000
b11 <
b11111000 @
b0 B
b1000 K
01
b1 7
1(
#4529494000
0(
#4529765000
b10 7
1(
#4530036000
0(
#4530307000
b11 7
1(
#4530578000
0(
#4530849000
b100 7
1(
#4531120000
0(
#4531391000
b101 7
1(
#4531662000
0(
#4531933000
b110 7
1(
#4532204000
0(
#4532475000
b111 7
1(
#4532746000
0(
#4533017000
b1000 7
1(
#4533288000
0(
#4533559000
b1001 7
1(
#4533830000
0(
#4534101000
b1010 7
1(
#4534372000
0(
#4534643000
b1011 7
1(
#4534914000
0(
#4535185000
11
b0 7
1(
#4535456000
0(
#4535727000
b1 B
b1001 K
01
b1 7
1(
#4535998000
0(
#4536269000
b10 7
1(
#4536540000
0(
#4536811000
b11 7
1(
#4537082000
0(
#4537353000
b100 7
1(
#4537624000
0(
#4537895000
b101 7
1(
#4538166000
0(
#4538437000
b110 7
1(
#4538708000
0(
#4538979000
b111 7
1(
#4539250000
0(
#4539521000
b1000 7
1(
#4539792000
0(
#4540063000
b1001 7
1(
#4540334000
0(
#4540605000
b1010 7
1(
#4540876000
0(
#4541147000
b1011 7
1(
#4541418000
0(
#4541689000
11
b0 7
1(
#4541960000
0(
#4542231000
b10 B
b1010 K
01
b1 7
1(
#4542502000
0(
#4542773000
b10 7
1(
#4543044000
0(
#4543315000
b11 7
1(
#4543586000
0(
#4543857000
b100 7
1(
#4544128000
0(
#4544399000
b101 7
1(
#4544670000
0(
#4544941000
b110 7
1(
#4545212000
0(
#4545483000
b111 7
1(
#4545754000
0(
#4546025000
b1000 7
1(
#4546296000
0(
#4546567000
b1001 7
1(
#4546838000
0(
#4547109000
b1010 7
1(
#4547380000
0(
#4547651000
b1011 7
1(
#4547922000
0(
#4548193000
11
b0 7
1(
#4548464000
0(
#4548735000
b11 B
b1011 K
01
b1 7
1(
#4549006000
0(
#4549277000
b10 7
1(
#4549548000
0(
#4549819000
b11 7
1(
#4550090000
0(
#4550361000
b100 7
1(
#4550632000
0(
#4550903000
b101 7
1(
#4551174000
0(
#4551445000
b110 7
1(
#4551716000
0(
#4551987000
b111 7
1(
#4552258000
0(
#4552529000
b1000 7
1(
#4552800000
0(
#4553071000
b1001 7
1(
#4553342000
0(
#4553613000
b1010 7
1(
#4553884000
0(
#4554155000
b1011 7
1(
#4554426000
0(
#4554697000
11
b0 7
1(
#4554968000
0(
#4555239000
b100 B
b1100 K
01
b1 7
1(
#4555510000
0(
#4555781000
b10 7
1(
#4556052000
0(
#4556323000
b11 7
1(
#4556594000
0(
#4556865000
b100 7
1(
#4557136000
0(
#4557407000
b101 7
1(
#4557678000
0(
#4557949000
b110 7
1(
#4558220000
0(
#4558491000
b111 7
1(
#4558762000
0(
#4559033000
b1000 7
1(
#4559304000
0(
#4559575000
b1001 7
1(
#4559846000
0(
#4560117000
b1010 7
1(
#4560388000
0(
#4560659000
b1011 7
1(
#4560930000
0(
#4561201000
11
b0 7
1(
#4561472000
0(
#4561743000
b101 B
b1101 K
01
b1 7
1(
#4562014000
0(
#4562285000
b10 7
1(
#4562556000
0(
#4562827000
b11 7
1(
#4563098000
0(
#4563369000
b100 7
1(
#4563640000
0(
#4563911000
b101 7
1(
#4564182000
0(
#4564453000
b110 7
1(
#4564724000
0(
#4564995000
b111 7
1(
#4565266000
0(
#4565537000
b1000 7
1(
#4565808000
0(
#4566079000
b1001 7
1(
#4566350000
0(
#4566621000
b1010 7
1(
#4566892000
0(
#4567163000
b1011 7
1(
#4567434000
0(
#4567705000
11
b0 7
1(
#4567976000
0(
#4568247000
b110 B
b1110 K
01
b1 7
1(
#4568518000
0(
#4568789000
b10 7
1(
#4569060000
0(
#4569331000
b11 7
1(
#4569602000
0(
#4569873000
b100 7
1(
#4570144000
0(
#4570415000
b101 7
1(
#4570686000
0(
#4570957000
b110 7
1(
#4571228000
0(
#4571499000
b111 7
1(
#4571770000
0(
#4572041000
b1000 7
1(
#4572312000
0(
#4572583000
b1001 7
1(
#4572854000
0(
#4573125000
b1010 7
1(
#4573396000
0(
#4573667000
b1011 7
1(
#4573938000
0(
#4574209000
11
b0 7
1(
#4574480000
0(
#4574751000
b111 B
b1111 K
01
b1 7
1(
#4575022000
0(
#4575293000
b10 7
1(
#4575564000
0(
#4575835000
b11 7
1(
#4576106000
0(
#4576377000
b100 7
1(
#4576648000
0(
#4576919000
b101 7
1(
#4577190000
0(
#4577461000
b110 7
1(
#4577732000
0(
#4578003000
b111 7
1(
#4578274000
0(
#4578545000
b1000 7
1(
#4578816000
0(
#4579087000
b1001 7
1(
#4579358000
0(
#4579629000
b1010 7
1(
#4579900000
0(
#4580171000
b1011 7
1(
#4580442000
0(
#4580713000
11
b0 7
1(
#4580984000
0(
#4581255000
b1000 B
b11 H
b0 K
01
b1 7
1(
#4581526000
0(
#4581797000
b10 7
1"
1(
#4582068000
0(
#4582339000
1>
b11 7
1(
#4582610000
0(
#4582881000
b100 7
1?
1(
#4583152000
0(
#4583423000
b101 7
1(
#4583694000
0(
#4583965000
b110 7
1(
#4584236000
0(
#4584507000
b111 7
1(
#4584778000
0(
#4585049000
b1000 7
1(
#4585320000
0(
#4585591000
b1001 7
1(
#4585862000
0(
#4586133000
b1010 7
1(
#4586404000
0(
#4586675000
b1011 7
1(
#4586946000
0(
#4587217000
11
b0 7
1(
#4587488000
0(
#4587759000
b1001 B
b1 K
01
b1 7
1(
#4588030000
0(
#4588301000
b10 7
1(
#4588572000
0(
#4588843000
b11 7
1(
#4589114000
0(
#4589385000
b100 7
1(
#4589656000
0(
#4589927000
b101 7
1(
#4590198000
0(
#4590469000
b110 7
1(
#4590740000
0(
#4591011000
b111 7
1(
#4591282000
0(
#4591553000
b1000 7
1(
#4591824000
0(
#4592095000
b1001 7
1(
#4592366000
0(
#4592637000
b1010 7
1(
#4592908000
0(
#4593179000
b1011 7
1(
#4593450000
0(
#4593721000
11
b0 7
1(
#4593992000
0(
#4594263000
b1010 B
b10 K
01
b1 7
1(
#4594534000
0(
#4594805000
b10 7
1(
#4595076000
0(
#4595347000
b11 7
1(
#4595618000
0(
#4595889000
b100 7
1(
#4596160000
0(
#4596431000
b101 7
1(
#4596702000
0(
#4596973000
b110 7
1(
#4597244000
0(
#4597515000
b111 7
1(
#4597786000
0(
#4598057000
b1000 7
1(
#4598328000
0(
#4598599000
b1001 7
1(
#4598870000
0(
#4599141000
b1010 7
1(
#4599412000
0(
#4599683000
b1011 7
1(
#4599954000
0(
#4600225000
11
b0 7
1(
#4600496000
0(
#4600767000
b1011 B
b11 K
01
b1 7
1(
#4601038000
0(
#4601309000
b10 7
1(
#4601580000
0(
#4601851000
b11 7
1(
#4602122000
0(
#4602393000
b100 7
1(
#4602664000
0(
#4602935000
b101 7
1(
#4603206000
0(
#4603477000
b110 7
1(
#4603748000
0(
#4604019000
b111 7
1(
#4604290000
0(
#4604561000
b1000 7
1(
#4604832000
0(
#4605103000
b1001 7
1(
#4605374000
0(
#4605645000
b1010 7
1(
#4605916000
0(
#4606187000
b1011 7
1(
#4606458000
0(
#4606729000
11
b0 7
1(
#4607000000
0(
#4607271000
b1100 B
b100 K
01
b1 7
1(
#4607542000
0(
#4607813000
b10 7
1(
#4608084000
0(
#4608355000
b11 7
1(
#4608626000
0(
#4608897000
b100 7
1(
#4609168000
0(
#4609439000
b101 7
1(
#4609710000
0(
#4609981000
b110 7
1(
#4610252000
0(
#4610523000
b111 7
1(
#4610794000
0(
#4611065000
b1000 7
1(
#4611336000
0(
#4611607000
b1001 7
1(
#4611878000
0(
#4612149000
b1010 7
1(
#4612420000
0(
#4612691000
b1011 7
1(
#4612962000
0(
#4613233000
11
b0 7
1(
#4613504000
0(
#4613775000
b1101 B
b101 K
01
b1 7
1(
#4614046000
0(
#4614317000
b10 7
1(
#4614588000
0(
#4614859000
b11 7
1(
#4615130000
0(
#4615401000
b100 7
1(
#4615672000
0(
#4615943000
b101 7
1(
#4616214000
0(
#4616485000
b110 7
1(
#4616756000
0(
#4617027000
b111 7
1(
#4617298000
0(
#4617569000
b1000 7
1(
#4617840000
0(
#4618111000
b1001 7
1(
#4618382000
0(
#4618653000
b1010 7
1(
#4618924000
0(
#4619195000
b1011 7
1(
#4619466000
0(
#4619737000
11
b0 7
1(
#4620008000
0(
#4620279000
b1110 B
b110 K
01
b1 7
1(
#4620550000
0(
#4620821000
b10 7
1(
#4621092000
0(
#4621363000
b11 7
1(
#4621634000
0(
#4621905000
b100 7
1(
#4622176000
0(
#4622447000
b101 7
1(
#4622718000
0(
#4622989000
b110 7
1(
#4623260000
0(
#4623531000
b111 7
1(
#4623802000
0(
#4624073000
b1000 7
1(
#4624344000
0(
#4624615000
b1001 7
1(
#4624886000
0(
#4625157000
b1010 7
1(
#4625428000
0(
#4625699000
b1011 7
1(
#4625970000
0(
#4626241000
11
b0 7
1(
#4626512000
0(
#4626783000
b1111 B
b111 K
01
b1 7
1(
#4627054000
0(
#4627325000
b10 7
1(
#4627596000
0(
#4627867000
b11 7
1(
#4628138000
0(
#4628409000
b100 7
1(
#4628680000
0(
#4628951000
b101 7
1(
#4629222000
0(
#4629493000
b110 7
1(
#4629764000
0(
#4630035000
b111 7
1(
#4630306000
0(
#4630577000
b1000 7
1(
#4630848000
0(
#4631119000
b1001 7
1(
#4631390000
0(
#4631661000
b1010 7
1(
#4631932000
0(
#4632203000
b1011 7
1(
#4632474000
0(
#4632745000
11
b0 7
1(
#4633016000
0(
#4633287000
b100 <
b0 B
b1000 K
01
b1 7
1(
#4633558000
0(
#4633829000
b10 7
1(
#4634100000
0(
#4634371000
b11 7
1(
#4634642000
0(
#4634913000
b100 7
1(
#4635184000
0(
#4635455000
b101 7
1(
#4635726000
0(
#4635997000
b110 7
1(
#4636268000
0(
#4636539000
b111 7
1(
#4636810000
0(
#4637081000
b1000 7
1(
#4637352000
0(
#4637623000
b1001 7
1(
#4637894000
0(
#4638165000
b1010 7
1(
#4638436000
0(
#4638707000
b1011 7
1(
#4638978000
0(
#4639249000
11
b0 7
1(
#4639520000
0(
#4639791000
b1 B
b1001 K
01
b1 7
1(
#4640062000
0(
#4640333000
b10 7
1(
#4640604000
0(
#4640875000
b11 7
1(
#4641146000
0(
#4641417000
b100 7
1(
#4641688000
0(
#4641959000
b101 7
1(
#4642230000
0(
#4642501000
b110 7
1(
#4642772000
0(
#4643043000
b111 7
1(
#4643314000
0(
#4643585000
b1000 7
1(
#4643856000
0(
#4644127000
b1001 7
1(
#4644398000
0(
#4644669000
b1010 7
1(
#4644940000
0(
#4645211000
b1011 7
1(
#4645482000
0(
#4645753000
11
b0 7
1(
#4646024000
0(
#4646295000
b10 B
b1010 K
01
b1 7
1(
#4646566000
0(
#4646837000
b10 7
1(
#4647108000
0(
#4647379000
b11 7
1(
#4647650000
0(
#4647921000
b100 7
1(
#4648192000
0(
#4648463000
b101 7
1(
#4648734000
0(
#4649005000
b110 7
1(
#4649276000
0(
#4649547000
b111 7
1(
#4649818000
0(
#4650089000
b1000 7
1(
#4650360000
0(
#4650631000
b1001 7
1(
#4650902000
0(
#4651173000
b1010 7
1(
#4651444000
0(
#4651715000
b1011 7
1(
#4651986000
0(
#4652257000
11
b0 7
1(
#4652528000
0(
#4652799000
b11 B
b1011 K
01
b1 7
1(
#4653070000
0(
#4653341000
b10 7
1(
#4653612000
0(
#4653883000
b11 7
1(
#4654154000
0(
#4654425000
b100 7
1(
#4654696000
0(
#4654967000
b101 7
1(
#4655238000
0(
#4655509000
b110 7
1(
#4655780000
0(
#4656051000
b111 7
1(
#4656322000
0(
#4656593000
b1000 7
1(
#4656864000
0(
#4657135000
b1001 7
1(
#4657406000
0(
#4657677000
b1010 7
1(
#4657948000
0(
#4658219000
b1011 7
1(
#4658490000
0(
#4658761000
11
b0 7
1(
#4659032000
0(
#4659303000
b100 B
b1100 K
01
b1 7
1(
#4659574000
0(
#4659845000
b10 7
1(
#4660116000
0(
#4660387000
b11 7
1(
#4660658000
0(
#4660929000
b100 7
1(
#4661200000
0(
#4661471000
b101 7
1(
#4661742000
0(
#4662013000
b110 7
1(
#4662284000
0(
#4662555000
b111 7
1(
#4662826000
0(
#4663097000
b1000 7
1(
#4663368000
0(
#4663639000
b1001 7
1(
#4663910000
0(
#4664181000
b1010 7
1(
#4664452000
0(
#4664723000
b1011 7
1(
#4664994000
0(
#4665265000
11
b0 7
1(
#4665536000
0(
#4665807000
b101 B
b1101 K
01
b1 7
1(
#4666078000
0(
#4666349000
b10 7
1(
#4666620000
0(
#4666891000
b11 7
1(
#4667162000
0(
#4667433000
b100 7
1(
#4667704000
0(
#4667975000
b101 7
1(
#4668246000
0(
#4668517000
b110 7
1(
#4668788000
0(
#4669059000
b111 7
1(
#4669330000
0(
#4669601000
b1000 7
1(
#4669872000
0(
#4670143000
b1001 7
1(
#4670414000
0(
#4670685000
b1010 7
1(
#4670956000
0(
#4671227000
b1011 7
1(
#4671498000
0(
#4671769000
11
b0 7
1(
#4672040000
0(
#4672311000
b110 B
b1110 K
01
b1 7
1(
#4672582000
0(
#4672853000
b10 7
1(
#4673124000
0(
#4673395000
b11 7
1(
#4673666000
0(
#4673937000
b100 7
1(
#4674208000
0(
#4674479000
b101 7
1(
#4674750000
0(
#4675021000
b110 7
1(
#4675292000
0(
#4675563000
b111 7
1(
#4675834000
0(
#4676105000
b1000 7
1(
#4676376000
0(
#4676647000
b1001 7
1(
#4676918000
0(
#4677189000
b1010 7
1(
#4677460000
0(
#4677731000
b1011 7
1(
#4678002000
0(
#4678273000
11
b0 7
1(
#4678544000
0(
#4678815000
b111 B
b1111 K
01
b1 7
1(
#4679086000
0(
#4679357000
b10 7
1(
#4679628000
0(
#4679899000
b11 7
1(
#4680170000
0(
#4680441000
b100 7
1(
#4680712000
0(
#4680983000
b101 7
1(
#4681254000
0(
#4681525000
b110 7
1(
#4681796000
0(
#4682067000
b111 7
1(
#4682338000
0(
#4682609000
b1000 7
1(
#4682880000
0(
#4683151000
b1001 7
1(
#4683422000
0(
#4683693000
b1010 7
1(
#4683964000
0(
#4684235000
b1011 7
1(
#4684506000
0(
#4684777000
11
b0 7
1(
#4685048000
0(
#4685319000
b1000 B
b100 H
b0 K
01
b1 7
1(
#4685590000
0(
#4685861000
b10 7
0"
1(
#4686132000
0(
#4686403000
0>
b11 7
1(
#4686674000
0(
#4686945000
b100 7
0?
1(
#4687216000
0(
#4687487000
b101 7
1(
#4687758000
0(
#4688029000
b110 7
1(
#4688300000
0(
#4688571000
b111 7
1(
#4688842000
0(
#4689113000
b1000 7
1(
#4689384000
0(
#4689655000
b1001 7
1(
#4689926000
0(
#4690197000
b1010 7
1(
#4690468000
0(
#4690739000
b1011 7
1(
#4691010000
0(
#4691281000
11
b0 7
1(
#4691552000
0(
#4691823000
b1001 B
b1 K
01
b1 7
1(
#4692094000
0(
#4692365000
b10 7
1(
#4692636000
0(
#4692907000
b11 7
1(
#4693178000
0(
#4693449000
b100 7
1(
#4693720000
0(
#4693991000
b101 7
1(
#4694262000
0(
#4694533000
b110 7
1(
#4694804000
0(
#4695075000
b111 7
1(
#4695346000
0(
#4695617000
b1000 7
1(
#4695888000
0(
#4696159000
b1001 7
1(
#4696430000
0(
#4696701000
b1010 7
1(
#4696972000
0(
#4697243000
b1011 7
1(
#4697514000
0(
#4697785000
11
b0 7
1(
#4698056000
0(
#4698327000
b1010 B
b10 K
01
b1 7
1(
#4698598000
0(
#4698869000
b10 7
1(
#4699140000
0(
#4699411000
b11 7
1(
#4699682000
0(
#4699953000
b100 7
1(
#4700224000
0(
#4700495000
b101 7
1(
#4700766000
0(
#4701037000
b110 7
1(
#4701308000
0(
#4701579000
b111 7
1(
#4701850000
0(
#4702121000
b1000 7
1(
#4702392000
0(
#4702663000
b1001 7
1(
#4702934000
0(
#4703205000
b1010 7
1(
#4703476000
0(
#4703747000
b1011 7
1(
#4704018000
0(
#4704289000
11
b0 7
1(
#4704560000
0(
#4704831000
b1011 B
b11 K
01
b1 7
1(
#4705102000
0(
#4705373000
b10 7
1(
#4705644000
0(
#4705915000
b11 7
1(
#4706186000
0(
#4706457000
b100 7
1(
#4706728000
0(
#4706999000
b101 7
1(
#4707270000
0(
#4707541000
b110 7
1(
#4707812000
0(
#4708083000
b111 7
1(
#4708354000
0(
#4708625000
b1000 7
1(
#4708896000
0(
#4709167000
b1001 7
1(
#4709438000
0(
#4709709000
b1010 7
1(
#4709980000
0(
#4710251000
b1011 7
1(
#4710522000
0(
#4710793000
11
b0 7
1(
#4711064000
0(
#4711335000
b1100 B
b100 K
01
b1 7
1(
#4711606000
0(
#4711877000
b10 7
1(
#4712148000
0(
#4712419000
b11 7
1(
#4712690000
0(
#4712961000
b100 7
1(
#4713232000
0(
#4713503000
b101 7
1(
#4713774000
0(
#4714045000
b110 7
1(
#4714316000
0(
#4714587000
b111 7
1(
#4714858000
0(
#4715129000
b1000 7
1(
#4715400000
0(
#4715671000
b1001 7
1(
#4715942000
0(
#4716213000
b1010 7
1(
#4716484000
0(
#4716755000
b1011 7
1(
#4717026000
0(
#4717297000
11
b0 7
1(
#4717568000
0(
#4717839000
b1101 B
b101 K
01
b1 7
1(
#4718110000
0(
#4718381000
b10 7
1(
#4718652000
0(
#4718923000
b11 7
1(
#4719194000
0(
#4719465000
b100 7
1(
#4719736000
0(
#4720007000
b101 7
1(
#4720278000
0(
#4720549000
b110 7
1(
#4720820000
0(
#4721091000
b111 7
1(
#4721362000
0(
#4721633000
b1000 7
1(
#4721904000
0(
#4722175000
b1001 7
1(
#4722446000
0(
#4722717000
b1010 7
1(
#4722988000
0(
#4723259000
b1011 7
1(
#4723530000
0(
#4723801000
11
b0 7
1(
#4724072000
0(
#4724343000
b1110 B
b110 K
01
b1 7
1(
#4724614000
0(
#4724885000
b10 7
1(
#4725156000
0(
#4725427000
b11 7
1(
#4725698000
0(
#4725969000
b100 7
1(
#4726240000
0(
#4726511000
b101 7
1(
#4726782000
0(
#4727053000
b110 7
1(
#4727324000
0(
#4727595000
b111 7
1(
#4727866000
0(
#4728137000
b1000 7
1(
#4728408000
0(
#4728679000
b1001 7
1(
#4728950000
0(
#4729221000
b1010 7
1(
#4729492000
0(
#4729763000
b1011 7
1(
#4730034000
0(
#4730305000
11
b0 7
1(
#4730576000
0(
#4730847000
b1111 B
b111 K
01
b1 7
1(
#4731118000
0(
#4731389000
b10 7
1(
#4731660000
0(
#4731931000
b11 7
1(
#4732202000
0(
#4732473000
b100 7
1(
#4732744000
0(
#4733015000
b101 7
1(
#4733286000
0(
#4733557000
b110 7
1(
#4733828000
0(
#4734099000
b111 7
1(
#4734370000
0(
#4734641000
b1000 7
1(
#4734912000
0(
#4735183000
b1001 7
1(
#4735454000
0(
#4735725000
b1010 7
1(
#4735996000
0(
#4736267000
b1011 7
1(
#4736538000
0(
#4736809000
11
b0 7
1(
#4737080000
0(
#4737351000
b101 <
b11101000 @
b0 B
b1000 K
01
b1 7
1(
#4737622000
0(
#4737893000
b10 7
1(
#4738164000
0(
#4738435000
b11 7
1(
#4738706000
0(
#4738977000
b100 7
1(
#4739248000
0(
#4739519000
b101 7
1(
#4739790000
0(
#4740061000
b110 7
1(
#4740332000
0(
#4740603000
b111 7
1(
#4740874000
0(
#4741145000
b1000 7
1(
#4741416000
0(
#4741687000
b1001 7
1(
#4741958000
0(
#4742229000
b1010 7
1(
#4742500000
0(
#4742771000
b1011 7
1(
#4743042000
0(
#4743313000
11
b0 7
1(
#4743584000
0(
#4743855000
b1 B
b1001 K
01
b1 7
1(
#4744126000
0(
#4744397000
b10 7
1(
#4744668000
0(
#4744939000
b11 7
1(
#4745210000
0(
#4745481000
b100 7
1(
#4745752000
0(
#4746023000
b101 7
1(
#4746294000
0(
#4746565000
b110 7
1(
#4746836000
0(
#4747107000
b111 7
1(
#4747378000
0(
#4747649000
b1000 7
1(
#4747920000
0(
#4748191000
b1001 7
1(
#4748462000
0(
#4748733000
b1010 7
1(
#4749004000
0(
#4749275000
b1011 7
1(
#4749546000
0(
#4749817000
11
b0 7
1(
#4750088000
0(
#4750359000
b10 B
b1010 K
01
b1 7
1(
#4750630000
0(
#4750901000
b10 7
1(
#4751172000
0(
#4751443000
b11 7
1(
#4751714000
0(
#4751985000
b100 7
1(
#4752256000
0(
#4752527000
b101 7
1(
#4752798000
0(
#4753069000
b110 7
1(
#4753340000
0(
#4753611000
b111 7
1(
#4753882000
0(
#4754153000
b1000 7
1(
#4754424000
0(
#4754695000
b1001 7
1(
#4754966000
0(
#4755237000
b1010 7
1(
#4755508000
0(
#4755779000
b1011 7
1(
#4756050000
0(
#4756321000
11
b0 7
1(
#4756592000
0(
#4756863000
b11 B
b1011 K
01
b1 7
1(
#4757134000
0(
#4757405000
b10 7
1(
#4757676000
0(
#4757947000
b11 7
1(
#4758218000
0(
#4758489000
b100 7
1(
#4758760000
0(
#4759031000
b101 7
1(
#4759302000
0(
#4759573000
b110 7
1(
#4759844000
0(
#4760115000
b111 7
1(
#4760386000
0(
#4760657000
b1000 7
1(
#4760928000
0(
#4761199000
b1001 7
1(
#4761470000
0(
#4761741000
b1010 7
1(
#4762012000
0(
#4762283000
b1011 7
1(
#4762554000
0(
#4762825000
11
b0 7
1(
#4763096000
0(
#4763367000
b100 B
b1100 K
01
b1 7
1(
#4763638000
0(
#4763909000
b10 7
1(
#4764180000
0(
#4764451000
b11 7
1(
#4764722000
0(
#4764993000
b100 7
1(
#4765264000
0(
#4765535000
b101 7
1(
#4765806000
0(
#4766077000
b110 7
1(
#4766348000
0(
#4766619000
b111 7
1(
#4766890000
0(
#4767161000
b1000 7
1(
#4767432000
0(
#4767703000
b1001 7
1(
#4767974000
0(
#4768245000
b1010 7
1(
#4768516000
0(
#4768787000
b1011 7
1(
#4769058000
0(
#4769329000
11
b0 7
1(
#4769600000
0(
#4769871000
b101 B
b1101 K
01
b1 7
1(
#4770142000
0(
#4770413000
b10 7
1(
#4770684000
0(
#4770955000
b11 7
1(
#4771226000
0(
#4771497000
b100 7
1(
#4771768000
0(
#4772039000
b101 7
1(
#4772310000
0(
#4772581000
b110 7
1(
#4772852000
0(
#4773123000
b111 7
1(
#4773394000
0(
#4773665000
b1000 7
1(
#4773936000
0(
#4774207000
b1001 7
1(
#4774478000
0(
#4774749000
b1010 7
1(
#4775020000
0(
#4775291000
b1011 7
1(
#4775562000
0(
#4775833000
11
b0 7
1(
#4776104000
0(
#4776375000
b110 B
b1110 K
01
b1 7
1(
#4776646000
0(
#4776917000
b10 7
1(
#4777188000
0(
#4777459000
b11 7
1(
#4777730000
0(
#4778001000
b100 7
1(
#4778272000
0(
#4778543000
b101 7
1(
#4778814000
0(
#4779085000
b110 7
1(
#4779356000
0(
#4779627000
b111 7
1(
#4779898000
0(
#4780169000
b1000 7
1(
#4780440000
0(
#4780711000
b1001 7
1(
#4780982000
0(
#4781253000
b1010 7
1(
#4781524000
0(
#4781795000
b1011 7
1(
#4782066000
0(
#4782337000
11
b0 7
1(
#4782608000
0(
#4782879000
b111 B
b1111 K
01
b1 7
1(
#4783150000
0(
#4783421000
b10 7
1(
#4783692000
0(
#4783963000
b11 7
1(
#4784234000
0(
#4784505000
b100 7
1(
#4784776000
0(
#4785047000
b101 7
1(
#4785318000
0(
#4785589000
b110 7
1(
#4785860000
0(
#4786131000
b111 7
1(
#4786402000
0(
#4786673000
b1000 7
1(
#4786944000
0(
#4787215000
b1001 7
1(
#4787486000
0(
#4787757000
b1010 7
1(
#4788028000
0(
#4788299000
b1011 7
1(
#4788570000
0(
#4788841000
11
b0 7
1(
#4789112000
0(
#4789383000
b1000 B
b101 H
b0 K
01
b1 7
1(
#4789654000
0(
#4789925000
b10 7
1(
#4790196000
0(
#4790467000
b11 7
1(
#4790738000
0(
#4791009000
b100 7
1(
#4791280000
0(
#4791551000
b101 7
1(
#4791822000
0(
#4792093000
b110 7
1(
#4792364000
0(
#4792635000
b111 7
1(
#4792906000
0(
#4793177000
b1000 7
1(
#4793448000
0(
#4793719000
b1001 7
1(
#4793990000
0(
#4794261000
b1010 7
1(
#4794532000
0(
#4794803000
b1011 7
1(
#4795074000
0(
#4795345000
11
b0 7
1(
#4795616000
0(
#4795887000
b1001 B
b1 K
01
b1 7
1(
#4796158000
0(
#4796429000
b10 7
1(
#4796700000
0(
#4796971000
b11 7
1(
#4797242000
0(
#4797513000
b100 7
1(
#4797784000
0(
#4798055000
b101 7
1(
#4798326000
0(
#4798597000
b110 7
1(
#4798868000
0(
#4799139000
b111 7
1(
#4799410000
0(
#4799681000
b1000 7
1(
#4799952000
0(
#4800223000
b1001 7
1(
#4800494000
0(
#4800765000
b1010 7
1(
#4801036000
0(
#4801307000
b1011 7
1(
#4801578000
0(
#4801849000
11
b0 7
1(
#4802120000
0(
#4802391000
b1010 B
b10 K
01
b1 7
1(
#4802662000
0(
#4802933000
b10 7
1(
#4803204000
0(
#4803475000
b11 7
1(
#4803746000
0(
#4804017000
b100 7
1(
#4804288000
0(
#4804559000
b101 7
1(
#4804830000
0(
#4805101000
b110 7
1(
#4805372000
0(
#4805643000
b111 7
1(
#4805914000
0(
#4806185000
b1000 7
1(
#4806456000
0(
#4806727000
b1001 7
1(
#4806998000
0(
#4807269000
b1010 7
1(
#4807540000
0(
#4807811000
b1011 7
1(
#4808082000
0(
#4808353000
11
b0 7
1(
#4808624000
0(
#4808895000
b1011 B
b11 K
01
b1 7
1(
#4809166000
0(
#4809437000
b10 7
1(
#4809708000
0(
#4809979000
b11 7
1(
#4810250000
0(
#4810521000
b100 7
1(
#4810792000
0(
#4811063000
b101 7
1(
#4811334000
0(
#4811605000
b110 7
1(
#4811876000
0(
#4812147000
b111 7
1(
#4812418000
0(
#4812689000
b1000 7
1(
#4812960000
0(
#4813231000
b1001 7
1(
#4813502000
0(
#4813773000
b1010 7
1(
#4814044000
0(
#4814315000
b1011 7
1(
#4814586000
0(
#4814857000
11
b0 7
1(
#4815128000
0(
#4815399000
b1100 B
b100 K
01
b1 7
1(
#4815670000
0(
#4815941000
b10 7
1(
#4816212000
0(
#4816483000
b11 7
1(
#4816754000
0(
#4817025000
b100 7
1(
#4817296000
0(
#4817567000
b101 7
1(
#4817838000
0(
#4818109000
b110 7
1(
#4818380000
0(
#4818651000
b111 7
1(
#4818922000
0(
#4819193000
b1000 7
1(
#4819464000
0(
#4819735000
b1001 7
1(
#4820006000
0(
#4820277000
b1010 7
1(
#4820548000
0(
#4820819000
b1011 7
1(
#4821090000
0(
#4821361000
11
b0 7
1(
#4821632000
0(
#4821903000
b1101 B
b101 K
01
b1 7
1(
#4822174000
0(
#4822445000
b10 7
1(
#4822716000
0(
#4822987000
b11 7
1(
#4823258000
0(
#4823529000
b100 7
1(
#4823800000
0(
#4824071000
b101 7
1(
#4824342000
0(
#4824613000
b110 7
1(
#4824884000
0(
#4825155000
b111 7
1(
#4825426000
0(
#4825697000
b1000 7
1(
#4825968000
0(
#4826239000
b1001 7
1(
#4826510000
0(
#4826781000
b1010 7
1(
#4827052000
0(
#4827323000
b1011 7
1(
#4827594000
0(
#4827865000
11
b0 7
1(
#4828136000
0(
#4828407000
b1110 B
b110 K
01
b1 7
1(
#4828678000
0(
#4828949000
b10 7
1(
#4829220000
0(
#4829491000
b11 7
1(
#4829762000
0(
#4830033000
b100 7
1(
#4830304000
0(
#4830575000
b101 7
1(
#4830846000
0(
#4831117000
b110 7
1(
#4831388000
0(
#4831659000
b111 7
1(
#4831930000
0(
#4832201000
b1000 7
1(
#4832472000
0(
#4832743000
b1001 7
1(
#4833014000
0(
#4833285000
b1010 7
1(
#4833556000
0(
#4833827000
b1011 7
1(
#4834098000
0(
#4834369000
11
b0 7
1(
#4834640000
0(
#4834911000
b1111 B
b111 K
01
b1 7
1(
#4835182000
0(
#4835453000
b10 7
1(
#4835724000
0(
#4835995000
b11 7
1(
#4836266000
0(
#4836537000
b100 7
1(
#4836808000
0(
#4837079000
b101 7
1(
#4837350000
0(
#4837621000
b110 7
1(
#4837892000
0(
#4838163000
b111 7
1(
#4838434000
0(
#4838705000
b1000 7
1(
#4838976000
0(
#4839247000
b1001 7
1(
#4839518000
0(
#4839789000
b1010 7
1(
#4840060000
0(
#4840331000
b1011 7
1(
#4840602000
0(
#4840873000
11
b0 7
1(
#4841144000
0(
#4841415000
b110 <
b11001000 @
b0 B
b1000 K
01
b1 7
1(
#4841686000
0(
#4841957000
b10 7
1(
#4842228000
0(
#4842499000
b11 7
1(
#4842770000
0(
#4843041000
b100 7
1(
#4843312000
0(
#4843583000
b101 7
1(
#4843854000
0(
#4844125000
b110 7
1(
#4844396000
0(
#4844667000
b111 7
1(
#4844938000
0(
#4845209000
b1000 7
1(
#4845480000
0(
#4845751000
b1001 7
1(
#4846022000
0(
#4846293000
b1010 7
1(
#4846564000
0(
#4846835000
b1011 7
1(
#4847106000
0(
#4847377000
11
b0 7
1(
#4847648000
0(
#4847919000
b1 B
b1001 K
01
b1 7
1(
#4848190000
0(
#4848461000
b10 7
1(
#4848732000
0(
#4849003000
b11 7
1(
#4849274000
0(
#4849545000
b100 7
1(
#4849816000
0(
#4850087000
b101 7
1(
#4850358000
0(
#4850629000
b110 7
1(
#4850900000
0(
#4851171000
b111 7
1(
#4851442000
0(
#4851713000
b1000 7
1(
#4851984000
0(
#4852255000
b1001 7
1(
#4852526000
0(
#4852797000
b1010 7
1(
#4853068000
0(
#4853339000
b1011 7
1(
#4853610000
0(
#4853881000
11
b0 7
1(
#4854152000
0(
#4854423000
b10 B
b1010 K
01
b1 7
1(
#4854694000
0(
#4854965000
b10 7
1(
#4855236000
0(
#4855507000
b11 7
1(
#4855778000
0(
#4856049000
b100 7
1(
#4856320000
0(
#4856591000
b101 7
1(
#4856862000
0(
#4857133000
b110 7
1(
#4857404000
0(
#4857675000
b111 7
1(
#4857946000
0(
#4858217000
b1000 7
1(
#4858488000
0(
#4858759000
b1001 7
1(
#4859030000
0(
#4859301000
b1010 7
1(
#4859572000
0(
#4859843000
b1011 7
1(
#4860114000
0(
#4860385000
11
b0 7
1(
#4860656000
0(
#4860927000
b11 B
b1011 K
01
b1 7
1(
#4861198000
0(
#4861469000
b10 7
1(
#4861740000
0(
#4862011000
b11 7
1(
#4862282000
0(
#4862553000
b100 7
1(
#4862824000
0(
#4863095000
b101 7
1(
#4863366000
0(
#4863637000
b110 7
1(
#4863908000
0(
#4864179000
b111 7
1(
#4864450000
0(
#4864721000
b1000 7
1(
#4864992000
0(
#4865263000
b1001 7
1(
#4865534000
0(
#4865805000
b1010 7
1(
#4866076000
0(
#4866347000
b1011 7
1(
#4866618000
0(
#4866889000
11
b0 7
1(
#4867160000
0(
#4867431000
b100 B
b1100 K
01
b1 7
1(
#4867702000
0(
#4867973000
b10 7
1(
#4868244000
0(
#4868515000
b11 7
1(
#4868786000
0(
#4869057000
b100 7
1(
#4869328000
0(
#4869599000
b101 7
1(
#4869870000
0(
#4870141000
b110 7
1(
#4870412000
0(
#4870683000
b111 7
1(
#4870954000
0(
#4871225000
b1000 7
1(
#4871496000
0(
#4871767000
b1001 7
1(
#4872038000
0(
#4872309000
b1010 7
1(
#4872580000
0(
#4872851000
b1011 7
1(
#4873122000
0(
#4873393000
11
b0 7
1(
#4873664000
0(
#4873935000
b101 B
b1101 K
01
b1 7
1(
#4874206000
0(
#4874477000
b10 7
1(
#4874748000
0(
#4875019000
b11 7
1(
#4875290000
0(
#4875561000
b100 7
1(
#4875832000
0(
#4876103000
b101 7
1(
#4876374000
0(
#4876645000
b110 7
1(
#4876916000
0(
#4877187000
b111 7
1(
#4877458000
0(
#4877729000
b1000 7
1(
#4878000000
0(
#4878271000
b1001 7
1(
#4878542000
0(
#4878813000
b1010 7
1(
#4879084000
0(
#4879355000
b1011 7
1(
#4879626000
0(
#4879897000
11
b0 7
1(
#4880168000
0(
#4880439000
b110 B
b1110 K
01
b1 7
1(
#4880710000
0(
#4880981000
b10 7
1(
#4881252000
0(
#4881523000
b11 7
1(
#4881794000
0(
#4882065000
b100 7
1(
#4882336000
0(
#4882607000
b101 7
1(
#4882878000
0(
#4883149000
b110 7
1(
#4883420000
0(
#4883691000
b111 7
1(
#4883962000
0(
#4884233000
b1000 7
1(
#4884504000
0(
#4884775000
b1001 7
1(
#4885046000
0(
#4885317000
b1010 7
1(
#4885588000
0(
#4885859000
b1011 7
1(
#4886130000
0(
#4886401000
11
b0 7
1(
#4886672000
0(
#4886943000
b111 B
b1111 K
01
b1 7
1(
#4887214000
0(
#4887485000
b10 7
1(
#4887756000
0(
#4888027000
b11 7
1(
#4888298000
0(
#4888569000
b100 7
1(
#4888840000
0(
#4889111000
b101 7
1(
#4889382000
0(
#4889653000
b110 7
1(
#4889924000
0(
#4890195000
b111 7
1(
#4890466000
0(
#4890737000
b1000 7
1(
#4891008000
0(
#4891279000
b1001 7
1(
#4891550000
0(
#4891821000
b1010 7
1(
#4892092000
0(
#4892363000
b1011 7
1(
#4892634000
0(
#4892905000
11
b0 7
1(
#4893176000
0(
#4893447000
b1000 B
b110 H
b0 K
01
b1 7
1(
#4893718000
0(
#4893989000
b10 7
1"
1(
#4894260000
0(
#4894531000
1>
b11 7
1(
#4894802000
0(
#4895073000
b100 7
1?
1(
#4895344000
0(
#4895615000
b101 7
1(
#4895886000
0(
#4896157000
b110 7
1(
#4896428000
0(
#4896699000
b111 7
1(
#4896970000
0(
#4897241000
b1000 7
1(
#4897512000
0(
#4897783000
b1001 7
1(
#4898054000
0(
#4898325000
b1010 7
1(
#4898596000
0(
#4898867000
b1011 7
1(
#4899138000
0(
#4899409000
11
b0 7
1(
#4899680000
0(
#4899951000
b1001 B
b1 K
01
b1 7
1(
#4900222000
0(
#4900493000
b10 7
1(
#4900764000
0(
#4901035000
b11 7
1(
#4901306000
0(
#4901577000
b100 7
1(
#4901848000
0(
#4902119000
b101 7
1(
#4902390000
0(
#4902661000
b110 7
1(
#4902932000
0(
#4903203000
b111 7
1(
#4903474000
0(
#4903745000
b1000 7
1(
#4904016000
0(
#4904287000
b1001 7
1(
#4904558000
0(
#4904829000
b1010 7
1(
#4905100000
0(
#4905371000
b1011 7
1(
#4905642000
0(
#4905913000
11
b0 7
1(
#4906184000
0(
#4906455000
b1010 B
b10 K
01
b1 7
1(
#4906726000
0(
#4906997000
b10 7
1(
#4907268000
0(
#4907539000
b11 7
1(
#4907810000
0(
#4908081000
b100 7
1(
#4908352000
0(
#4908623000
b101 7
1(
#4908894000
0(
#4909165000
b110 7
1(
#4909436000
0(
#4909707000
b111 7
1(
#4909978000
0(
#4910249000
b1000 7
1(
#4910520000
0(
#4910791000
b1001 7
1(
#4911062000
0(
#4911333000
b1010 7
1(
#4911604000
0(
#4911875000
b1011 7
1(
#4912146000
0(
#4912417000
11
b0 7
1(
#4912688000
0(
#4912959000
b1011 B
b11 K
01
b1 7
1(
#4913230000
0(
#4913501000
b10 7
1(
#4913772000
0(
#4914043000
b11 7
1(
#4914314000
0(
#4914585000
b100 7
1(
#4914856000
0(
#4915127000
b101 7
1(
#4915398000
0(
#4915669000
b110 7
1(
#4915940000
0(
#4916211000
b111 7
1(
#4916482000
0(
#4916753000
b1000 7
1(
#4917024000
0(
#4917295000
b1001 7
1(
#4917566000
0(
#4917837000
b1010 7
1(
#4918108000
0(
#4918379000
b1011 7
1(
#4918650000
0(
#4918921000
11
b0 7
1(
#4919192000
0(
#4919463000
b1100 B
b100 K
01
b1 7
1(
#4919734000
0(
#4920005000
b10 7
1(
#4920276000
0(
#4920547000
b11 7
1(
#4920818000
0(
#4921089000
b100 7
1(
#4921360000
0(
#4921631000
b101 7
1(
#4921902000
0(
#4922173000
b110 7
1(
#4922444000
0(
#4922715000
b111 7
1(
#4922986000
0(
#4923257000
b1000 7
1(
#4923528000
0(
#4923799000
b1001 7
1(
#4924070000
0(
#4924341000
b1010 7
1(
#4924612000
0(
#4924883000
b1011 7
1(
#4925154000
0(
#4925425000
11
b0 7
1(
#4925696000
0(
#4925967000
b1101 B
b101 K
01
b1 7
1(
#4926238000
0(
#4926509000
b10 7
1(
#4926780000
0(
#4927051000
b11 7
1(
#4927322000
0(
#4927593000
b100 7
1(
#4927864000
0(
#4928135000
b101 7
1(
#4928406000
0(
#4928677000
b110 7
1(
#4928948000
0(
#4929219000
b111 7
1(
#4929490000
0(
#4929761000
b1000 7
1(
#4930032000
0(
#4930303000
b1001 7
1(
#4930574000
0(
#4930845000
b1010 7
1(
#4931116000
0(
#4931387000
b1011 7
1(
#4931658000
0(
#4931929000
11
b0 7
1(
#4932200000
0(
#4932471000
b1110 B
b110 K
01
b1 7
1(
#4932742000
0(
#4933013000
b10 7
1(
#4933284000
0(
#4933555000
b11 7
1(
#4933826000
0(
#4934097000
b100 7
1(
#4934368000
0(
#4934639000
b101 7
1(
#4934910000
0(
#4935181000
b110 7
1(
#4935452000
0(
#4935723000
b111 7
1(
#4935994000
0(
#4936265000
b1000 7
1(
#4936536000
0(
#4936807000
b1001 7
1(
#4937078000
0(
#4937349000
b1010 7
1(
#4937620000
0(
#4937891000
b1011 7
1(
#4938162000
0(
#4938433000
11
b0 7
1(
#4938704000
0(
#4938975000
b1111 B
b111 K
01
b1 7
1(
#4939246000
0(
#4939517000
b10 7
1(
#4939788000
0(
#4940059000
b11 7
1(
#4940330000
0(
#4940601000
b100 7
1(
#4940872000
0(
#4941143000
b101 7
1(
#4941414000
0(
#4941685000
b110 7
1(
#4941956000
0(
#4942227000
b111 7
1(
#4942498000
0(
#4942769000
b1000 7
1(
#4943040000
0(
#4943311000
b1001 7
1(
#4943582000
0(
#4943853000
b1010 7
1(
#4944124000
0(
#4944395000
b1011 7
1(
#4944666000
0(
#4944937000
11
b0 7
1(
#4945208000
0(
#4945479000
b111 <
b0 B
b1000 K
01
b1 7
1(
#4945750000
0(
#4946021000
b10 7
1(
#4946292000
0(
#4946563000
b11 7
1(
#4946834000
0(
#4947105000
b100 7
1(
#4947376000
0(
#4947647000
b101 7
1(
#4947918000
0(
#4948189000
b110 7
1(
#4948460000
0(
#4948731000
b111 7
1(
#4949002000
0(
#4949273000
b1000 7
1(
#4949544000
0(
#4949815000
b1001 7
1(
#4950086000
0(
#4950357000
b1010 7
1(
#4950628000
0(
#4950899000
b1011 7
1(
#4951170000
0(
#4951441000
11
b0 7
1(
#4951712000
0(
#4951983000
b1 B
b1001 K
01
b1 7
1(
#4952254000
0(
#4952525000
b10 7
1(
#4952796000
0(
#4953067000
b11 7
1(
#4953338000
0(
#4953609000
b100 7
1(
#4953880000
0(
#4954151000
b101 7
1(
#4954422000
0(
#4954693000
b110 7
1(
#4954964000
0(
#4955235000
b111 7
1(
#4955506000
0(
#4955777000
b1000 7
1(
#4956048000
0(
#4956319000
b1001 7
1(
#4956590000
0(
#4956861000
b1010 7
1(
#4957132000
0(
#4957403000
b1011 7
1(
#4957674000
0(
#4957945000
11
b0 7
1(
#4958216000
0(
#4958487000
b10 B
b1010 K
01
b1 7
1(
#4958758000
0(
#4959029000
b10 7
1(
#4959300000
0(
#4959571000
b11 7
1(
#4959842000
0(
#4960113000
b100 7
1(
#4960384000
0(
#4960655000
b101 7
1(
#4960926000
0(
#4961197000
b110 7
1(
#4961468000
0(
#4961739000
b111 7
1(
#4962010000
0(
#4962281000
b1000 7
1(
#4962552000
0(
#4962823000
b1001 7
1(
#4963094000
0(
#4963365000
b1010 7
1(
#4963636000
0(
#4963907000
b1011 7
1(
#4964178000
0(
#4964449000
11
b0 7
1(
#4964720000
0(
#4964991000
b11 B
b1011 K
01
b1 7
1(
#4965262000
0(
#4965533000
b10 7
1(
#4965804000
0(
#4966075000
b11 7
1(
#4966346000
0(
#4966617000
b100 7
1(
#4966888000
0(
#4967159000
b101 7
1(
#4967430000
0(
#4967701000
b110 7
1(
#4967972000
0(
#4968243000
b111 7
1(
#4968514000
0(
#4968785000
b1000 7
1(
#4969056000
0(
#4969327000
b1001 7
1(
#4969598000
0(
#4969869000
b1010 7
1(
#4970140000
0(
#4970411000
b1011 7
1(
#4970682000
0(
#4970953000
11
b0 7
1(
#4971224000
0(
#4971495000
b100 B
b1100 K
01
b1 7
1(
#4971766000
0(
#4972037000
b10 7
1(
#4972308000
0(
#4972579000
b11 7
1(
#4972850000
0(
#4973121000
b100 7
1(
#4973392000
0(
#4973663000
b101 7
1(
#4973934000
0(
#4974205000
b110 7
1(
#4974476000
0(
#4974747000
b111 7
1(
#4975018000
0(
#4975289000
b1000 7
1(
#4975560000
0(
#4975831000
b1001 7
1(
#4976102000
0(
#4976373000
b1010 7
1(
#4976644000
0(
#4976915000
b1011 7
1(
#4977186000
0(
#4977457000
11
b0 7
1(
#4977728000
0(
#4977999000
b101 B
b1101 K
01
b1 7
1(
#4978270000
0(
#4978541000
b10 7
1(
#4978812000
0(
#4979083000
b11 7
1(
#4979354000
0(
#4979625000
b100 7
1(
#4979896000
0(
#4980167000
b101 7
1(
#4980438000
0(
#4980709000
b110 7
1(
#4980980000
0(
#4981251000
b111 7
1(
#4981522000
0(
#4981793000
b1000 7
1(
#4982064000
0(
#4982335000
b1001 7
1(
#4982606000
0(
#4982877000
b1010 7
1(
#4983148000
0(
#4983419000
b1011 7
1(
#4983690000
0(
#4983961000
11
b0 7
1(
#4984232000
0(
#4984503000
b110 B
b1110 K
01
b1 7
1(
#4984774000
0(
#4985045000
b10 7
1(
#4985316000
0(
#4985587000
b11 7
1(
#4985858000
0(
#4986129000
b100 7
1(
#4986400000
0(
#4986671000
b101 7
1(
#4986942000
0(
#4987213000
b110 7
1(
#4987484000
0(
#4987755000
b111 7
1(
#4988026000
0(
#4988297000
b1000 7
1(
#4988568000
0(
#4988839000
b1001 7
1(
#4989110000
0(
#4989381000
b1010 7
1(
#4989652000
0(
#4989923000
b1011 7
1(
#4990194000
0(
#4990465000
11
b0 7
1(
#4990736000
0(
#4991007000
b111 B
b1111 K
01
b1 7
1(
#4991278000
0(
#4991549000
b10 7
1(
#4991820000
0(
#4992091000
b11 7
1(
#4992362000
0(
#4992633000
b100 7
1(
#4992904000
0(
#4993175000
b101 7
1(
#4993446000
0(
#4993717000
b110 7
1(
#4993988000
0(
#4994259000
b111 7
1(
#4994530000
0(
#4994801000
b1000 7
1(
#4995072000
0(
#4995343000
b1001 7
1(
#4995614000
0(
#4995885000
b1010 7
1(
#4996156000
0(
#4996427000
b1011 7
1(
#4996698000
0(
#4996969000
11
b0 7
1(
#4997240000
0(
#4997511000
b1000 B
b111 H
b0 K
01
b1 7
1(
#4997782000
0(
#4998053000
b10 7
0"
1(
#4998324000
0(
#4998595000
0>
b11 7
1(
#4998866000
0(
#4999137000
b100 7
0?
1(
#4999408000
0(
#4999679000
b101 7
1(
#4999950000
0(
#5000221000
b110 7
1(
#5000492000
0(
#5000763000
b111 7
1(
#5001034000
0(
#5001305000
b1000 7
1(
#5001576000
0(
#5001847000
b1001 7
1(
#5002118000
0(
#5002389000
b1010 7
1(
#5002660000
0(
#5002931000
b1011 7
1(
#5003202000
0(
#5003473000
11
b0 7
1(
#5003744000
0(
#5004015000
b1001 B
b1 K
01
b1 7
1(
#5004286000
0(
#5004557000
b10 7
1(
#5004828000
0(
#5005099000
b11 7
1(
#5005370000
0(
#5005641000
b100 7
1(
#5005912000
0(
#5006183000
b101 7
1(
#5006454000
0(
#5006725000
b110 7
1(
#5006996000
0(
#5007267000
b111 7
1(
#5007538000
0(
#5007809000
b1000 7
1(
#5008080000
0(
#5008351000
b1001 7
1(
#5008622000
0(
#5008893000
b1010 7
1(
#5009164000
0(
#5009435000
b1011 7
1(
#5009706000
0(
#5009977000
11
b0 7
1(
#5010248000
0(
#5010519000
b1010 B
b10 K
01
b1 7
1(
#5010790000
0(
#5011061000
b10 7
1(
#5011332000
0(
#5011603000
b11 7
1(
#5011874000
0(
#5012145000
b100 7
1(
#5012416000
0(
#5012687000
b101 7
1(
#5012958000
0(
#5013229000
b110 7
1(
#5013500000
0(
#5013771000
b111 7
1(
#5014042000
0(
#5014313000
b1000 7
1(
#5014584000
0(
#5014855000
b1001 7
1(
#5015126000
0(
#5015397000
b1010 7
1(
#5015668000
0(
#5015939000
b1011 7
1(
#5016210000
0(
#5016481000
11
b0 7
1(
#5016752000
0(
#5017023000
b1011 B
b11 K
01
b1 7
1(
#5017294000
0(
#5017565000
b10 7
1(
#5017836000
0(
#5018107000
b11 7
1(
#5018378000
0(
#5018649000
b100 7
1(
#5018920000
0(
#5019191000
b101 7
1(
#5019462000
0(
#5019733000
b110 7
1(
#5020004000
0(
#5020275000
b111 7
1(
#5020546000
0(
#5020817000
b1000 7
1(
#5021088000
0(
#5021359000
b1001 7
1(
#5021630000
0(
#5021901000
b1010 7
1(
#5022172000
0(
#5022443000
b1011 7
1(
#5022714000
0(
#5022985000
11
b0 7
1(
#5023256000
0(
#5023527000
b1100 B
b100 K
01
b1 7
1(
#5023798000
0(
#5024069000
b10 7
1(
#5024340000
0(
#5024611000
b11 7
1(
#5024882000
0(
#5025153000
b100 7
1(
#5025424000
0(
#5025695000
b101 7
1(
#5025966000
0(
#5026237000
b110 7
1(
#5026508000
0(
#5026779000
b111 7
1(
#5027050000
0(
#5027321000
b1000 7
1(
#5027592000
0(
#5027863000
b1001 7
1(
#5028134000
0(
#5028405000
b1010 7
1(
#5028676000
0(
#5028947000
b1011 7
1(
#5029218000
0(
#5029489000
11
b0 7
1(
#5029760000
0(
#5030031000
b1101 B
b101 K
01
b1 7
1(
#5030302000
0(
#5030573000
b10 7
1(
#5030844000
0(
#5031115000
b11 7
1(
#5031386000
0(
#5031657000
b100 7
1(
#5031928000
0(
#5032199000
b101 7
1(
#5032470000
0(
#5032741000
b110 7
1(
#5033012000
0(
#5033283000
b111 7
1(
#5033554000
0(
#5033825000
b1000 7
1(
#5034096000
0(
#5034367000
b1001 7
1(
#5034638000
0(
#5034909000
b1010 7
1(
#5035180000
0(
#5035451000
b1011 7
1(
#5035722000
0(
#5035993000
11
b0 7
1(
#5036264000
0(
#5036535000
b1110 B
b110 K
01
b1 7
1(
#5036806000
0(
#5037077000
b10 7
1(
#5037348000
0(
#5037619000
b11 7
1(
#5037890000
0(
#5038161000
b100 7
1(
#5038432000
0(
#5038703000
b101 7
1(
#5038974000
0(
#5039245000
b110 7
1(
#5039516000
0(
#5039787000
b111 7
1(
#5040058000
0(
#5040329000
b1000 7
1(
#5040600000
0(
#5040871000
b1001 7
1(
#5041142000
0(
#5041413000
b1010 7
1(
#5041684000
0(
#5041955000
b1011 7
1(
#5042226000
0(
#5042497000
11
b0 7
1(
#5042768000
0(
#5043039000
b1111 B
b111 K
01
b1 7
1(
#5043310000
0(
#5043581000
b10 7
1(
#5043852000
0(
#5044123000
b11 7
1(
#5044394000
0(
#5044665000
b100 7
1(
#5044936000
0(
#5045207000
b101 7
1(
#5045478000
0(
#5045749000
b110 7
1(
#5046020000
0(
#5046291000
b111 7
1(
#5046562000
0(
#5046833000
b1000 7
1(
#5047104000
0(
#5047375000
b1001 7
1(
#5047646000
0(
#5047917000
b1010 7
1(
#5048188000
0(
#5048459000
b1011 7
1(
#5048730000
0(
#5049001000
11
b0 7
1(
#5049272000
0(
#5049543000
b11 A
b1001000 @
b0 B
b1000 K
01
b1 7
1(
#5049814000
0(
#5050085000
b10 7
1(
#5050356000
0(
#5050627000
b11 7
1(
#5050898000
0(
#5051169000
b100 7
1(
#5051440000
0(
#5051711000
b101 7
1(
#5051982000
0(
#5052253000
b110 7
1(
#5052524000
0(
#5052795000
b111 7
1(
#5053066000
0(
#5053337000
b1000 7
1(
#5053608000
0(
#5053879000
b1001 7
1(
#5054150000
0(
#5054421000
b1010 7
1(
#5054692000
0(
#5054963000
b1011 7
1(
#5055234000
0(
#5055505000
11
b0 7
1(
#5055776000
0(
#5056047000
b1 B
b1001 K
01
b1 7
1(
#5056318000
0(
#5056589000
b10 7
1(
#5056860000
0(
#5057131000
b11 7
1(
#5057402000
0(
#5057673000
b100 7
1(
#5057944000
0(
#5058215000
b101 7
1(
#5058486000
0(
#5058757000
b110 7
1(
#5059028000
0(
#5059299000
b111 7
1(
#5059570000
0(
#5059841000
b1000 7
1(
#5060112000
0(
#5060383000
b1001 7
1(
#5060654000
0(
#5060925000
b1010 7
1(
#5061196000
0(
#5061467000
b1011 7
1(
#5061738000
0(
#5062009000
11
b0 7
1(
#5062280000
0(
#5062551000
b10 B
b1010 K
01
b1 7
1(
#5062822000
0(
#5063093000
b10 7
1(
#5063364000
0(
#5063635000
b11 7
1(
#5063906000
0(
#5064177000
b100 7
1(
#5064448000
0(
#5064719000
b101 7
1(
#5064990000
0(
#5065261000
b110 7
1(
#5065532000
0(
#5065803000
b111 7
1(
#5066074000
0(
#5066345000
b1000 7
1(
#5066616000
0(
#5066887000
b1001 7
1(
#5067158000
0(
#5067429000
b1010 7
1(
#5067700000
0(
#5067971000
b1011 7
1(
#5068242000
0(
#5068513000
11
b0 7
1(
#5068784000
0(
#5069055000
b11 B
b1011 K
01
b1 7
1(
#5069326000
0(
#5069597000
b10 7
1(
#5069868000
0(
#5070139000
b11 7
1(
#5070410000
0(
#5070681000
b100 7
1(
#5070952000
0(
#5071223000
b101 7
1(
#5071494000
0(
#5071765000
b110 7
1(
#5072036000
0(
#5072307000
b111 7
1(
#5072578000
0(
#5072849000
b1000 7
1(
#5073120000
0(
#5073391000
b1001 7
1(
#5073662000
0(
#5073933000
b1010 7
1(
#5074204000
0(
#5074475000
b1011 7
1(
#5074746000
0(
#5075017000
11
b0 7
1(
#5075288000
0(
#5075559000
b100 B
b1100 K
01
b1 7
1(
#5075830000
0(
#5076101000
b10 7
1(
#5076372000
0(
#5076643000
b11 7
1(
#5076914000
0(
#5077185000
b100 7
1(
#5077456000
0(
#5077727000
b101 7
1(
#5077998000
0(
#5078269000
b110 7
1(
#5078540000
0(
#5078811000
b111 7
1(
#5079082000
0(
#5079353000
b1000 7
1(
#5079624000
0(
#5079895000
b1001 7
1(
#5080166000
0(
#5080437000
b1010 7
1(
#5080708000
0(
#5080979000
b1011 7
1(
#5081250000
0(
#5081521000
11
b0 7
1(
#5081792000
0(
#5082063000
b101 B
b1101 K
01
b1 7
1(
#5082334000
0(
#5082605000
b10 7
1(
#5082876000
0(
#5083147000
b11 7
1(
#5083418000
0(
#5083689000
b100 7
1(
#5083960000
0(
#5084231000
b101 7
1(
#5084502000
0(
#5084773000
b110 7
1(
#5085044000
0(
#5085315000
b111 7
1(
#5085586000
0(
#5085857000
b1000 7
1(
#5086128000
0(
#5086399000
b1001 7
1(
#5086670000
0(
#5086941000
b1010 7
1(
#5087212000
0(
#5087483000
b1011 7
1(
#5087754000
0(
#5088025000
11
b0 7
1(
#5088296000
0(
#5088567000
b110 B
b1110 K
01
b1 7
1(
#5088838000
0(
#5089109000
b10 7
1(
#5089380000
0(
#5089651000
b11 7
1(
#5089922000
0(
#5090193000
b100 7
1(
#5090464000
0(
#5090735000
b101 7
1(
#5091006000
0(
#5091277000
b110 7
1(
#5091548000
0(
#5091819000
b111 7
1(
#5092090000
0(
#5092361000
b1000 7
1(
#5092632000
0(
#5092903000
b1001 7
1(
#5093174000
0(
#5093445000
b1010 7
1(
#5093716000
0(
#5093987000
b1011 7
1(
#5094258000
0(
#5094529000
11
b0 7
1(
#5094800000
0(
#5095071000
b111 B
b1111 K
01
b1 7
1(
#5095342000
0(
#5095613000
b10 7
1(
#5095884000
0(
#5096155000
b11 7
1(
#5096426000
0(
#5096697000
b100 7
1(
#5096968000
0(
#5097239000
b101 7
1(
#5097510000
0(
#5097781000
b110 7
1(
#5098052000
0(
#5098323000
b111 7
1(
#5098594000
0(
#5098865000
b1000 7
1(
#5099136000
0(
#5099407000
b1001 7
1(
#5099678000
0(
#5099949000
b1010 7
1(
#5100220000
0(
#5100491000
b1011 7
1(
#5100762000
0(
#5101033000
11
b0 7
1(
#5101304000
0(
#5101575000
b1000 B
b11 J
b0 K
01
b1 7
1(
#5101846000
0(
#5102117000
b10 7
1"
1(
#5102388000
0(
#5102659000
1>
b11 7
1(
#5102930000
0(
#5103201000
b100 7
1?
1(
#5103472000
0(
#5103743000
b101 7
1(
#5104014000
0(
#5104285000
b110 7
1(
#5104556000
0(
#5104827000
b111 7
1(
#5105098000
0(
#5105369000
b1000 7
1(
#5105640000
0(
#5105911000
b1001 7
1(
#5106182000
0(
#5106453000
b1010 7
1(
#5106724000
0(
#5106995000
b1011 7
1(
#5107266000
0(
#5107537000
11
b0 7
1(
#5107808000
0(
#5108079000
b1001 B
b1 K
01
b1 7
1(
#5108350000
0(
#5108621000
b10 7
1(
#5108892000
0(
#5109163000
b11 7
1(
#5109434000
0(
#5109705000
b100 7
1(
#5109976000
0(
#5110247000
b101 7
1(
#5110518000
0(
#5110789000
b110 7
1(
#5111060000
0(
#5111331000
b111 7
1(
#5111602000
0(
#5111873000
b1000 7
1(
#5112144000
0(
#5112415000
b1001 7
1(
#5112686000
0(
#5112957000
b1010 7
1(
#5113228000
0(
#5113499000
b1011 7
1(
#5113770000
0(
#5114041000
11
b0 7
1(
#5114312000
0(
#5114583000
b1010 B
b10 K
01
b1 7
1(
#5114854000
0(
#5115125000
b10 7
1(
#5115396000
0(
#5115667000
b11 7
1(
#5115938000
0(
#5116209000
b100 7
1(
#5116480000
0(
#5116751000
b101 7
1(
#5117022000
0(
#5117293000
b110 7
1(
#5117564000
0(
#5117835000
b111 7
1(
#5118106000
0(
#5118377000
b1000 7
1(
#5118648000
0(
#5118919000
b1001 7
1(
#5119190000
0(
#5119461000
b1010 7
1(
#5119732000
0(
#5120003000
b1011 7
1(
#5120274000
0(
#5120545000
11
b0 7
1(
#5120816000
0(
#5121087000
b1011 B
b11 K
01
b1 7
1(
#5121358000
0(
#5121629000
b10 7
1(
#5121900000
0(
#5122171000
b11 7
1(
#5122442000
0(
#5122713000
b100 7
1(
#5122984000
0(
#5123255000
b101 7
1(
#5123526000
0(
#5123797000
b110 7
1(
#5124068000
0(
#5124339000
b111 7
1(
#5124610000
0(
#5124881000
b1000 7
1(
#5125152000
0(
#5125423000
b1001 7
1(
#5125694000
0(
#5125965000
b1010 7
1(
#5126236000
0(
#5126507000
b1011 7
1(
#5126778000
0(
#5127049000
11
b0 7
1(
#5127320000
0(
#5127591000
b1100 B
b100 K
01
b1 7
1(
#5127862000
0(
#5128133000
b10 7
1(
#5128404000
0(
#5128675000
b11 7
1(
#5128946000
0(
#5129217000
b100 7
1(
#5129488000
0(
#5129759000
b101 7
1(
#5130030000
0(
#5130301000
b110 7
1(
#5130572000
0(
#5130843000
b111 7
1(
#5131114000
0(
#5131385000
b1000 7
1(
#5131656000
0(
#5131927000
b1001 7
1(
#5132198000
0(
#5132469000
b1010 7
1(
#5132740000
0(
#5133011000
b1011 7
1(
#5133282000
0(
#5133553000
11
b0 7
1(
#5133824000
0(
#5134095000
b1101 B
b101 K
01
b1 7
1(
#5134366000
0(
#5134637000
b10 7
1(
#5134908000
0(
#5135179000
b11 7
1(
#5135450000
0(
#5135721000
b100 7
1(
#5135992000
0(
#5136263000
b101 7
1(
#5136534000
0(
#5136805000
b110 7
1(
#5137076000
0(
#5137347000
b111 7
1(
#5137618000
0(
#5137889000
b1000 7
1(
#5138160000
0(
#5138431000
b1001 7
1(
#5138702000
0(
#5138973000
b1010 7
1(
#5139244000
0(
#5139515000
b1011 7
1(
#5139786000
0(
#5140057000
11
b0 7
1(
#5140328000
0(
#5140599000
b1110 B
b110 K
01
b1 7
1(
#5140870000
0(
#5141141000
b10 7
1(
#5141412000
0(
#5141683000
b11 7
1(
#5141954000
0(
#5142225000
b100 7
1(
#5142496000
0(
#5142767000
b101 7
1(
#5143038000
0(
#5143309000
b110 7
1(
#5143580000
0(
#5143851000
b111 7
1(
#5144122000
0(
#5144393000
b1000 7
1(
#5144664000
0(
#5144935000
b1001 7
1(
#5145206000
0(
#5145477000
b1010 7
1(
#5145748000
0(
#5146019000
b1011 7
1(
#5146290000
0(
#5146561000
11
b0 7
1(
#5146832000
0(
#5147103000
b1111 B
b111 K
01
b1 7
1(
#5147374000
0(
#5147645000
b10 7
1(
#5147916000
0(
#5148187000
b11 7
1(
#5148458000
0(
#5148729000
b100 7
1(
#5149000000
0(
#5149271000
b101 7
1(
#5149542000
0(
#5149813000
b110 7
1(
#5150084000
0(
#5150355000
b111 7
1(
#5150626000
0(
#5150897000
b1000 7
1(
#5151168000
0(
#5151439000
b1001 7
1(
#5151710000
0(
#5151981000
b1010 7
1(
#5152252000
0(
#5152523000
b1011 7
1(
#5152794000
0(
#5153065000
11
b0 7
1(
#5153336000
0(
#5153607000
b110 -
b0 A
1#
b1001000 $
b1001000 0
b1001000 =
b0 B
b1000 K
01
b1 7
1(
#5153878000
0(
#5154149000
b10 7
0#
1(
#5154420000
0(
#5154691000
b11 7
1(
#5154962000
0(
#5155233000
b100 7
1(
#5155504000
0(
#5155775000
b101 7
1(
#5156046000
0(
#5156317000
b110 7
1(
#5156588000
0(
#5156859000
b111 7
1(
#5157130000
0(
#5157401000
b1000 7
1(
#5157672000
0(
#5157943000
b1001 7
1(
#5158214000
0(
#5158485000
b1010 7
1(
#5158756000
0(
#5159027000
b1011 7
1(
#5159298000
0(
#5159569000
11
b0 7
1(
#5159840000
0(
#5160111000
b1001 K
01
b1 7
1(
#5160382000
0(
#5160653000
b10 7
1(
#5160924000
0(
#5161195000
b11 7
1(
#5161466000
0(
#5161737000
b100 7
1(
#5162008000
0(
#5162279000
b101 7
1(
#5162550000
0(
#5162821000
b110 7
1(
#5163092000
0(
#5163363000
b111 7
1(
#5163634000
0(
#5163905000
b1000 7
1(
#5164176000
0(
#5164447000
b1001 7
1(
#5164718000
0(
#5164989000
b1010 7
1(
#5165260000
0(
#5165531000
b1011 7
1(
#5165802000
0(
#5166073000
11
b0 7
1(
#5166344000
0(
#5166615000
b1010 K
01
b1 7
1(
#5166886000
0(
#5167157000
b10 7
1(
#5167428000
0(
#5167699000
b11 7
1(
#5167970000
0(
#5168241000
b100 7
1(
#5168512000
0(
#5168783000
b101 7
1(
#5169054000
0(
#5169325000
b110 7
1(
#5169596000
0(
#5169867000
b111 7
1(
#5170138000
0(
#5170409000
b1000 7
1(
#5170680000
0(
#5170951000
b1001 7
1(
#5171222000
0(
#5171493000
b1010 7
1(
#5171764000
0(
#5172035000
b1011 7
1(
#5172306000
0(
#5172577000
11
b0 7
1(
#5172848000
0(
#5173119000
b1011 K
01
b1 7
1(
#5173390000
0(
#5173661000
b10 7
1(
#5173932000
0(
#5174203000
b11 7
1(
#5174474000
0(
#5174745000
b100 7
1(
#5175016000
0(
#5175287000
b101 7
1(
#5175558000
0(
#5175829000
b110 7
1(
#5176100000
0(
#5176371000
b111 7
1(
#5176642000
0(
#5176913000
b1000 7
1(
#5177184000
0(
#5177455000
b1001 7
1(
#5177726000
0(
#5177997000
b1010 7
1(
#5178268000
0(
#5178539000
b1011 7
1(
#5178810000
0(
#5179081000
11
b0 7
1(
#5179352000
0(
#5179623000
b1100 K
01
b1 7
1(
#5179894000
0(
#5180165000
b10 7
1(
#5180436000
0(
#5180707000
b11 7
1(
#5180978000
0(
#5181249000
b100 7
1(
#5181520000
0(
#5181791000
b101 7
1(
#5182062000
0(
#5182333000
b110 7
1(
#5182604000
0(
#5182875000
b111 7
1(
#5183146000
0(
#5183417000
b1000 7
1(
#5183688000
0(
#5183959000
b1001 7
1(
#5184230000
0(
#5184501000
b1010 7
1(
#5184772000
0(
#5185043000
b1011 7
1(
#5185314000
0(
#5185585000
11
b0 7
1(
#5185856000
0(
#5186127000
b1101 K
01
b1 7
1(
#5186398000
0(
#5186669000
b10 7
1(
#5186940000
0(
#5187211000
b11 7
1(
#5187482000
0(
#5187753000
b100 7
1(
#5188024000
0(
#5188295000
b101 7
1(
#5188566000
0(
#5188837000
b110 7
1(
#5189108000
0(
#5189379000
b111 7
1(
#5189650000
0(
#5189921000
b1000 7
1(
#5190192000
0(
#5190463000
b1001 7
1(
#5190734000
0(
#5191005000
b1010 7
1(
#5191276000
0(
#5191547000
b1011 7
1(
#5191818000
0(
#5192089000
11
b0 7
1(
#5192360000
0(
#5192631000
b1110 K
01
b1 7
1(
#5192902000
0(
#5193173000
b10 7
1(
#5193444000
0(
#5193715000
b11 7
1(
#5193986000
0(
#5194257000
b100 7
1(
#5194528000
0(
#5194799000
b101 7
1(
#5195070000
0(
#5195341000
b110 7
1(
#5195612000
0(
#5195883000
b111 7
1(
#5196154000
0(
#5196425000
b1000 7
1(
#5196696000
0(
#5196967000
b1001 7
1(
#5197238000
0(
#5197509000
b1010 7
1(
#5197780000
0(
#5198051000
b1011 7
1(
#5198322000
0(
#5198593000
11
b0 7
1(
#5198864000
0(
#5199135000
b1111 K
01
b1 7
1(
#5199406000
0(
#5199677000
b10 7
1(
#5199948000
0(
#5200219000
b11 7
1(
#5200490000
0(
#5200761000
b100 7
1(
#5201032000
0(
#5201303000
b101 7
1(
#5201574000
0(
#5201845000
b110 7
1(
#5202116000
0(
#5202387000
b111 7
1(
#5202658000
0(
#5202929000
b1000 7
1(
#5203200000
0(
#5203471000
b1001 7
1(
#5203742000
0(
#5204013000
b1010 7
1(
#5204284000
0(
#5204555000
b1011 7
1(
#5204826000
0(
#5205097000
11
b0 7
1(
#5205368000
0(
#5205639000
b0 J
0!
b0 K
01
b1 7
1(
#5205910000
0(
#5206181000
b10 7
b111 .
b100110101110101011011000111010001101001001011010110001001111001011101000110010100100000001001110100100100100111 M
b1001001 L
1(
#5206452000
0(
#5206723000
b11 7
b1001001 *
b1001001 /
b1001001 C
1+
1(
#5206994000
0(
#5207265000
b100 7
b1 J
1!
b1001001 I
0+
1(
#5207536000
0(
#5207807000
0"
b101 7
1(
#5208078000
0(
#5208349000
b110 7
0>
1(
#5208620000
0(
#5208891000
0?
b111 7
1(
#5209162000
0(
#5209433000
b1000 7
b1 A
1(
#5209704000
0(
#5209975000
b1001 7
1(
#5210246000
0(
#5210517000
b1010 7
1(
#5210788000
0(
#5211059000
b1011 7
1(
#5211330000
0(
#5211601000
11
b0 7
1(
#5211872000
0(
#5212143000
b1 B
b1 K
01
b1 7
1(
#5212414000
0(
#5212685000
b10 7
1(
#5212956000
0(
#5213227000
b11 7
1(
#5213498000
0(
#5213769000
b100 7
1(
#5214040000
0(
#5214311000
b101 7
1(
#5214582000
0(
#5214853000
b110 7
1(
#5215124000
0(
#5215395000
b111 7
1(
#5215666000
0(
#5215937000
b1000 7
1(
#5216208000
0(
#5216479000
b1001 7
1(
#5216750000
0(
#5217021000
b1010 7
1(
#5217292000
0(
#5217563000
b1011 7
1(
#5217834000
0(
#5218105000
11
b0 7
1(
#5218376000
0(
#5218647000
b10 B
b10 K
01
b1 7
1(
#5218918000
0(
#5219189000
b10 7
1(
#5219460000
0(
#5219731000
b11 7
1(
#5220002000
0(
#5220273000
b100 7
1(
#5220544000
0(
#5220815000
b101 7
1(
#5221086000
0(
#5221357000
b110 7
1(
#5221628000
0(
#5221899000
b111 7
1(
#5222170000
0(
#5222441000
b1000 7
1(
#5222712000
0(
#5222983000
b1001 7
1(
#5223254000
0(
#5223525000
b1010 7
1(
#5223796000
0(
#5224067000
b1011 7
1(
#5224338000
0(
#5224609000
11
b0 7
1(
#5224880000
0(
#5225151000
b11 B
b11 K
01
b1 7
1(
#5225422000
0(
#5225693000
b10 7
1(
#5225964000
0(
#5226235000
b11 7
1(
#5226506000
0(
#5226777000
b100 7
1(
#5227048000
0(
#5227319000
b101 7
1(
#5227590000
0(
#5227861000
b110 7
1(
#5228132000
0(
#5228403000
b111 7
1(
#5228674000
0(
#5228945000
b1000 7
1(
#5229216000
0(
#5229487000
b1001 7
1(
#5229758000
0(
#5230029000
b1010 7
1(
#5230300000
0(
#5230571000
b1011 7
1(
#5230842000
0(
#5231113000
11
b0 7
1(
#5231384000
0(
#5231655000
b100 B
b100 K
01
b1 7
1(
#5231926000
0(
#5232197000
b10 7
1(
#5232468000
0(
#5232739000
b11 7
1(
#5233010000
0(
#5233281000
b100 7
1(
#5233552000
0(
#5233823000
b101 7
1(
#5234094000
0(
#5234365000
b110 7
1(
#5234636000
0(
#5234907000
b111 7
1(
#5235178000
0(
#5235449000
b1000 7
1(
#5235720000
0(
#5235991000
b1001 7
1(
#5236262000
0(
#5236533000
b1010 7
1(
#5236804000
0(
#5237075000
b1011 7
1(
#5237346000
0(
#5237617000
11
b0 7
1(
#5237888000
0(
#5238159000
b101 B
b101 K
01
b1 7
1(
#5238430000
0(
#5238701000
b10 7
1(
#5238972000
0(
#5239243000
b11 7
1(
#5239514000
0(
#5239785000
b100 7
1(
#5240056000
0(
#5240327000
b101 7
1(
#5240598000
0(
#5240869000
b110 7
1(
#5241140000
0(
#5241411000
b111 7
1(
#5241682000
0(
#5241953000
b1000 7
1(
#5242224000
0(
#5242495000
b1001 7
1(
#5242766000
0(
#5243037000
b1010 7
1(
#5243308000
0(
#5243579000
b1011 7
1(
#5243850000
0(
#5244121000
11
b0 7
1(
#5244392000
0(
#5244663000
b110 B
b110 K
01
b1 7
1(
#5244934000
0(
#5245205000
b10 7
1(
#5245476000
0(
#5245747000
b11 7
1(
#5246018000
0(
#5246289000
b100 7
1(
#5246560000
0(
#5246831000
b101 7
1(
#5247102000
0(
#5247373000
b110 7
1(
#5247644000
0(
#5247915000
b111 7
1(
#5248186000
0(
#5248457000
b1000 7
1(
#5248728000
0(
#5248999000
b1001 7
1(
#5249270000
0(
#5249541000
b1010 7
1(
#5249812000
0(
#5250083000
b1011 7
1(
#5250354000
0(
#5250625000
11
b0 7
1(
#5250896000
0(
#5251167000
b111 B
b111 K
01
b1 7
1(
#5251438000
0(
#5251709000
b10 7
1(
#5251980000
0(
#5252251000
b11 7
1(
#5252522000
0(
#5252793000
b100 7
1(
#5253064000
0(
#5253335000
b101 7
1(
#5253606000
0(
#5253877000
b110 7
1(
#5254148000
0(
#5254419000
b111 7
1(
#5254690000
0(
#5254961000
b1000 7
1(
#5255232000
0(
#5255503000
b1001 7
1(
#5255774000
0(
#5256045000
b1010 7
1(
#5256316000
0(
#5256587000
b1011 7
1(
#5256858000
0(
#5257129000
11
b0 7
1(
#5257400000
0(
#5257671000
b10 A
b0 <
b0 B
b1000 K
01
b1 7
1(
#5257942000
0(
#5258213000
b10 7
1(
#5258484000
0(
#5258755000
b11 7
1(
#5259026000
0(
#5259297000
b100 7
1(
#5259568000
0(
#5259839000
b101 7
1(
#5260110000
0(
#5260381000
b110 7
1(
#5260652000
0(
#5260923000
b111 7
1(
#5261194000
0(
#5261465000
b1000 7
1(
#5261736000
0(
#5262007000
b1001 7
1(
#5262278000
0(
#5262549000
b1010 7
1(
#5262820000
0(
#5263091000
b1011 7
1(
#5263362000
0(
#5263633000
11
b0 7
1(
#5263904000
0(
#5264175000
b1 B
b1001 K
01
b1 7
1(
#5264446000
0(
#5264717000
b10 7
1(
#5264988000
0(
#5265259000
b11 7
1(
#5265530000
0(
#5265801000
b100 7
1(
#5266072000
0(
#5266343000
b101 7
1(
#5266614000
0(
#5266885000
b110 7
1(
#5267156000
0(
#5267427000
b111 7
1(
#5267698000
0(
#5267969000
b1000 7
1(
#5268240000
0(
#5268511000
b1001 7
1(
#5268782000
0(
#5269053000
b1010 7
1(
#5269324000
0(
#5269595000
b1011 7
1(
#5269866000
0(
#5270137000
11
b0 7
1(
#5270408000
0(
#5270679000
b10 B
b1010 K
01
b1 7
1(
#5270950000
0(
#5271221000
b10 7
1(
#5271492000
0(
#5271763000
b11 7
1(
#5272034000
0(
#5272305000
b100 7
1(
#5272576000
0(
#5272847000
b101 7
1(
#5273118000
0(
#5273389000
b110 7
1(
#5273660000
0(
#5273931000
b111 7
1(
#5274202000
0(
#5274473000
b1000 7
1(
#5274744000
0(
#5275015000
b1001 7
1(
#5275286000
0(
#5275557000
b1010 7
1(
#5275828000
0(
#5276099000
b1011 7
1(
#5276370000
0(
#5276641000
11
b0 7
1(
#5276912000
0(
#5277183000
b11 B
b1011 K
01
b1 7
1(
#5277454000
0(
#5277725000
b10 7
1(
#5277996000
0(
#5278267000
b11 7
1(
#5278538000
0(
#5278809000
b100 7
1(
#5279080000
0(
#5279351000
b101 7
1(
#5279622000
0(
#5279893000
b110 7
1(
#5280164000
0(
#5280435000
b111 7
1(
#5280706000
0(
#5280977000
b1000 7
1(
#5281248000
0(
#5281519000
b1001 7
1(
#5281790000
0(
#5282061000
b1010 7
1(
#5282332000
0(
#5282603000
b1011 7
1(
#5282874000
0(
#5283145000
11
b0 7
1(
#5283416000
0(
#5283687000
b100 B
b1100 K
01
b1 7
1(
#5283958000
0(
#5284229000
b10 7
1(
#5284500000
0(
#5284771000
b11 7
1(
#5285042000
0(
#5285313000
b100 7
1(
#5285584000
0(
#5285855000
b101 7
1(
#5286126000
0(
#5286397000
b110 7
1(
#5286668000
0(
#5286939000
b111 7
1(
#5287210000
0(
#5287481000
b1000 7
1(
#5287752000
0(
#5288023000
b1001 7
1(
#5288294000
0(
#5288565000
b1010 7
1(
#5288836000
0(
#5289107000
b1011 7
1(
#5289378000
0(
#5289649000
11
b0 7
1(
#5289920000
0(
#5290191000
b101 B
b1101 K
01
b1 7
1(
#5290462000
0(
#5290733000
b10 7
1(
#5291004000
0(
#5291275000
b11 7
1(
#5291546000
0(
#5291817000
b100 7
1(
#5292088000
0(
#5292359000
b101 7
1(
#5292630000
0(
#5292901000
b110 7
1(
#5293172000
0(
#5293443000
b111 7
1(
#5293714000
0(
#5293985000
b1000 7
1(
#5294256000
0(
#5294527000
b1001 7
1(
#5294798000
0(
#5295069000
b1010 7
1(
#5295340000
0(
#5295611000
b1011 7
1(
#5295882000
0(
#5296153000
11
b0 7
1(
#5296424000
0(
#5296695000
b110 B
b1110 K
01
b1 7
1(
#5296966000
0(
#5297237000
b10 7
1(
#5297508000
0(
#5297779000
b11 7
1(
#5298050000
0(
#5298321000
b100 7
1(
#5298592000
0(
#5298863000
b101 7
1(
#5299134000
0(
#5299405000
b110 7
1(
#5299676000
0(
#5299947000
b111 7
1(
#5300218000
0(
#5300489000
b1000 7
1(
#5300760000
0(
#5301031000
b1001 7
1(
#5301302000
0(
#5301573000
b1010 7
1(
#5301844000
0(
#5302115000
b1011 7
1(
#5302386000
0(
#5302657000
11
b0 7
1(
#5302928000
0(
#5303199000
b111 B
b1111 K
01
b1 7
1(
#5303470000
0(
#5303741000
b10 7
1(
#5304012000
0(
#5304283000
b11 7
1(
#5304554000
0(
#5304825000
b100 7
1(
#5305096000
0(
#5305367000
b101 7
1(
#5305638000
0(
#5305909000
b110 7
1(
#5306180000
0(
#5306451000
b111 7
1(
#5306722000
0(
#5306993000
b1000 7
1(
#5307264000
0(
#5307535000
b1001 7
1(
#5307806000
0(
#5308077000
b1010 7
1(
#5308348000
0(
#5308619000
b1011 7
1(
#5308890000
0(
#5309161000
11
b0 7
1(
#5309432000
0(
#5309703000
b1000 B
b10 J
b0 H
b0 K
01
b1 7
1(
#5309974000
0(
#5310245000
b10 7
1"
1(
#5310516000
0(
#5310787000
1>
b11 7
1(
#5311058000
0(
#5311329000
b100 7
1?
1(
#5311600000
0(
#5311871000
b101 7
1(
#5312142000
0(
#5312413000
b110 7
1(
#5312684000
0(
#5312955000
b111 7
1(
#5313226000
0(
#5313497000
b1000 7
1(
#5313768000
0(
#5314039000
b1001 7
1(
#5314310000
0(
#5314581000
b1010 7
1(
#5314852000
0(
#5315123000
b1011 7
1(
#5315394000
0(
#5315665000
11
b0 7
1(
#5315936000
0(
#5316207000
b1001 B
b1 K
01
b1 7
1(
#5316478000
0(
#5316749000
b10 7
1(
#5317020000
0(
#5317291000
b11 7
1(
#5317562000
0(
#5317833000
b100 7
1(
#5318104000
0(
#5318375000
b101 7
1(
#5318646000
0(
#5318917000
b110 7
1(
#5319188000
0(
#5319459000
b111 7
1(
#5319730000
0(
#5320001000
b1000 7
1(
#5320272000
0(
#5320543000
b1001 7
1(
#5320814000
0(
#5321085000
b1010 7
1(
#5321356000
0(
#5321627000
b1011 7
1(
#5321898000
0(
#5322169000
11
b0 7
1(
#5322440000
0(
#5322711000
b1010 B
b10 K
01
b1 7
1(
#5322982000
0(
#5323253000
b10 7
1(
#5323524000
0(
#5323795000
b11 7
1(
#5324066000
0(
#5324337000
b100 7
1(
#5324608000
0(
#5324879000
b101 7
1(
#5325150000
0(
#5325421000
b110 7
1(
#5325692000
0(
#5325963000
b111 7
1(
#5326234000
0(
#5326505000
b1000 7
1(
#5326776000
0(
#5327047000
b1001 7
1(
#5327318000
0(
#5327589000
b1010 7
1(
#5327860000
0(
#5328131000
b1011 7
1(
#5328402000
0(
#5328673000
11
b0 7
1(
#5328944000
0(
#5329215000
b1011 B
b11 K
01
b1 7
1(
#5329486000
0(
#5329757000
b10 7
1(
#5330028000
0(
#5330299000
b11 7
1(
#5330570000
0(
#5330841000
b100 7
1(
#5331112000
0(
#5331383000
b101 7
1(
#5331654000
0(
#5331925000
b110 7
1(
#5332196000
0(
#5332467000
b111 7
1(
#5332738000
0(
#5333009000
b1000 7
1(
#5333280000
0(
#5333551000
b1001 7
1(
#5333822000
0(
#5334093000
b1010 7
1(
#5334364000
0(
#5334635000
b1011 7
1(
#5334906000
0(
#5335177000
11
b0 7
1(
#5335448000
0(
#5335719000
b1100 B
b100 K
01
b1 7
1(
#5335990000
0(
#5336261000
b10 7
1(
#5336532000
0(
#5336803000
b11 7
1(
#5337074000
0(
#5337345000
b100 7
1(
#5337616000
0(
#5337887000
b101 7
1(
#5338158000
0(
#5338429000
b110 7
1(
#5338700000
0(
#5338971000
b111 7
1(
#5339242000
0(
#5339513000
b1000 7
1(
#5339784000
0(
#5340055000
b1001 7
1(
#5340326000
0(
#5340597000
b1010 7
1(
#5340868000
0(
#5341139000
b1011 7
1(
#5341410000
0(
#5341681000
11
b0 7
1(
#5341952000
0(
#5342223000
b1101 B
b101 K
01
b1 7
1(
#5342494000
0(
#5342765000
b10 7
1(
#5343036000
0(
#5343307000
b11 7
1(
#5343578000
0(
#5343849000
b100 7
1(
#5344120000
0(
#5344391000
b101 7
1(
#5344662000
0(
#5344933000
b110 7
1(
#5345204000
0(
#5345475000
b111 7
1(
#5345746000
0(
#5346017000
b1000 7
1(
#5346288000
0(
#5346559000
b1001 7
1(
#5346830000
0(
#5347101000
b1010 7
1(
#5347372000
0(
#5347643000
b1011 7
1(
#5347914000
0(
#5348185000
11
b0 7
1(
#5348456000
0(
#5348727000
b1110 B
b110 K
01
b1 7
1(
#5348998000
0(
#5349269000
b10 7
1(
#5349540000
0(
#5349811000
b11 7
1(
#5350082000
0(
#5350353000
b100 7
1(
#5350624000
0(
#5350895000
b101 7
1(
#5351166000
0(
#5351437000
b110 7
1(
#5351708000
0(
#5351979000
b111 7
1(
#5352250000
0(
#5352521000
b1000 7
1(
#5352792000
0(
#5353063000
b1001 7
1(
#5353334000
0(
#5353605000
b1010 7
1(
#5353876000
0(
#5354147000
b1011 7
1(
#5354418000
0(
#5354689000
11
b0 7
1(
#5354960000
0(
#5355231000
b1111 B
b111 K
01
b1 7
1(
#5355502000
0(
#5355773000
b10 7
1(
#5356044000
0(
#5356315000
b11 7
1(
#5356586000
0(
#5356857000
b100 7
1(
#5357128000
0(
#5357399000
b101 7
1(
#5357670000
0(
#5357941000
b110 7
1(
#5358212000
0(
#5358483000
b111 7
1(
#5358754000
0(
#5359025000
b1000 7
1(
#5359296000
0(
#5359567000
b1001 7
1(
#5359838000
0(
#5360109000
b1010 7
1(
#5360380000
0(
#5360651000
b1011 7
1(
#5360922000
0(
#5361193000
11
b0 7
1(
#5361464000
0(
#5361735000
b1 <
b1001001 @
b0 B
b1000 K
01
b1 7
1(
#5362006000
0(
#5362277000
b10 7
1(
#5362548000
0(
#5362819000
b11 7
1(
#5363090000
0(
#5363361000
b100 7
1(
#5363632000
0(
#5363903000
b101 7
1(
#5364174000
0(
#5364445000
b110 7
1(
#5364716000
0(
#5364987000
b111 7
1(
#5365258000
0(
#5365529000
b1000 7
1(
#5365800000
0(
#5366071000
b1001 7
1(
#5366342000
0(
#5366613000
b1010 7
1(
#5366884000
0(
#5367155000
b1011 7
1(
#5367426000
0(
#5367697000
11
b0 7
1(
#5367968000
0(
#5368239000
b1 B
b1001 K
01
b1 7
1(
#5368510000
0(
#5368781000
b10 7
1(
#5369052000
0(
#5369323000
b11 7
1(
#5369594000
0(
#5369865000
b100 7
1(
#5370136000
0(
#5370407000
b101 7
1(
#5370678000
0(
#5370949000
b110 7
1(
#5371220000
0(
#5371491000
b111 7
1(
#5371762000
0(
#5372033000
b1000 7
1(
#5372304000
0(
#5372575000
b1001 7
1(
#5372846000
0(
#5373117000
b1010 7
1(
#5373388000
0(
#5373659000
b1011 7
1(
#5373930000
0(
#5374201000
11
b0 7
1(
#5374472000
0(
#5374743000
b10 B
b1010 K
01
b1 7
1(
#5375014000
0(
#5375285000
b10 7
1(
#5375556000
0(
#5375827000
b11 7
1(
#5376098000
0(
#5376369000
b100 7
1(
#5376640000
0(
#5376911000
b101 7
1(
#5377182000
0(
#5377453000
b110 7
1(
#5377724000
0(
#5377995000
b111 7
1(
#5378266000
0(
#5378537000
b1000 7
1(
#5378808000
0(
#5379079000
b1001 7
1(
#5379350000
0(
#5379621000
b1010 7
1(
#5379892000
0(
#5380163000
b1011 7
1(
#5380434000
0(
#5380705000
11
b0 7
1(
#5380976000
0(
#5381247000
b11 B
b1011 K
01
b1 7
1(
#5381518000
0(
#5381789000
b10 7
1(
#5382060000
0(
#5382331000
b11 7
1(
#5382602000
0(
#5382873000
b100 7
1(
#5383144000
0(
#5383415000
b101 7
1(
#5383686000
0(
#5383957000
b110 7
1(
#5384228000
0(
#5384499000
b111 7
1(
#5384770000
0(
#5385041000
b1000 7
1(
#5385312000
0(
#5385583000
b1001 7
1(
#5385854000
0(
#5386125000
b1010 7
1(
#5386396000
0(
#5386667000
b1011 7
1(
#5386938000
0(
#5387209000
11
b0 7
1(
#5387480000
0(
#5387751000
b100 B
b1100 K
01
b1 7
1(
#5388022000
0(
#5388293000
b10 7
1(
#5388564000
0(
#5388835000
b11 7
1(
#5389106000
0(
#5389377000
b100 7
1(
#5389648000
0(
#5389919000
b101 7
1(
#5390190000
0(
#5390461000
b110 7
1(
#5390732000
0(
#5391003000
b111 7
1(
#5391274000
0(
#5391545000
b1000 7
1(
#5391816000
0(
#5392087000
b1001 7
1(
#5392358000
0(
#5392629000
b1010 7
1(
#5392900000
0(
#5393171000
b1011 7
1(
#5393442000
0(
#5393713000
11
b0 7
1(
#5393984000
0(
#5394255000
b101 B
b1101 K
01
b1 7
1(
#5394526000
0(
#5394797000
b10 7
1(
#5395068000
0(
#5395339000
b11 7
1(
#5395610000
0(
#5395881000
b100 7
1(
#5396152000
0(
#5396423000
b101 7
1(
#5396694000
0(
#5396965000
b110 7
1(
#5397236000
0(
#5397507000
b111 7
1(
#5397778000
0(
#5398049000
b1000 7
1(
#5398320000
0(
#5398591000
b1001 7
1(
#5398862000
0(
#5399133000
b1010 7
1(
#5399404000
0(
#5399675000
b1011 7
1(
#5399946000
0(
#5400217000
11
b0 7
1(
#5400488000
0(
#5400759000
b110 B
b1110 K
01
b1 7
1(
#5401030000
0(
#5401301000
b10 7
1(
#5401572000
0(
#5401843000
b11 7
1(
#5402114000
0(
#5402385000
b100 7
1(
#5402656000
0(
#5402927000
b101 7
1(
#5403198000
0(
#5403469000
b110 7
1(
#5403740000
0(
#5404011000
b111 7
1(
#5404282000
0(
#5404553000
b1000 7
1(
#5404824000
0(
#5405095000
b1001 7
1(
#5405366000
0(
#5405637000
b1010 7
1(
#5405908000
0(
#5406179000
b1011 7
1(
#5406450000
0(
#5406721000
11
b0 7
1(
#5406992000
0(
#5407263000
b111 B
b1111 K
01
b1 7
1(
#5407534000
0(
#5407805000
b10 7
1(
#5408076000
0(
#5408347000
b11 7
1(
#5408618000
0(
#5408889000
b100 7
1(
#5409160000
0(
#5409431000
b101 7
1(
#5409702000
0(
#5409973000
b110 7
1(
#5410244000
0(
#5410515000
b111 7
1(
#5410786000
0(
#5411057000
b1000 7
1(
#5411328000
0(
#5411599000
b1001 7
1(
#5411870000
0(
#5412141000
b1010 7
1(
#5412412000
0(
#5412683000
b1011 7
1(
#5412954000
0(
#5413225000
11
b0 7
1(
#5413496000
0(
#5413767000
b1000 B
b1 H
b0 K
01
b1 7
1(
#5414038000
0(
#5414309000
b10 7
0"
1(
#5414580000
0(
#5414851000
0>
b11 7
1(
#5415122000
0(
#5415393000
b100 7
0?
1(
#5415664000
0(
#5415935000
b101 7
1(
#5416206000
0(
#5416477000
b110 7
1(
#5416748000
0(
#5417019000
b111 7
1(
#5417290000
0(
#5417561000
b1000 7
1(
#5417832000
0(
#5418103000
b1001 7
1(
#5418374000
0(
#5418645000
b1010 7
1(
#5418916000
0(
#5419187000
b1011 7
1(
#5419458000
0(
#5419729000
11
b0 7
1(
#5420000000
0(
#5420271000
b1001 B
b1 K
01
b1 7
1(
#5420542000
0(
#5420813000
b10 7
1(
#5421084000
0(
#5421355000
b11 7
1(
#5421626000
0(
#5421897000
b100 7
1(
#5422168000
0(
#5422439000
b101 7
1(
#5422710000
0(
#5422981000
b110 7
1(
#5423252000
0(
#5423523000
b111 7
1(
#5423794000
0(
#5424065000
b1000 7
1(
#5424336000
0(
#5424607000
b1001 7
1(
#5424878000
0(
#5425149000
b1010 7
1(
#5425420000
0(
#5425691000
b1011 7
1(
#5425962000
0(
#5426233000
11
b0 7
1(
#5426504000
0(
#5426775000
b1010 B
b10 K
01
b1 7
1(
#5427046000
0(
#5427317000
b10 7
1(
#5427588000
0(
#5427859000
b11 7
1(
#5428130000
0(
#5428401000
b100 7
1(
#5428672000
0(
#5428943000
b101 7
1(
#5429214000
0(
#5429485000
b110 7
1(
#5429756000
0(
#5430027000
b111 7
1(
#5430298000
0(
#5430569000
b1000 7
1(
#5430840000
0(
#5431111000
b1001 7
1(
#5431382000
0(
#5431653000
b1010 7
1(
#5431924000
0(
#5432195000
b1011 7
1(
#5432466000
0(
#5432737000
11
b0 7
1(
#5433008000
0(
#5433279000
b1011 B
b11 K
01
b1 7
1(
#5433550000
0(
#5433821000
b10 7
1(
#5434092000
0(
#5434363000
b11 7
1(
#5434634000
0(
#5434905000
b100 7
1(
#5435176000
0(
#5435447000
b101 7
1(
#5435718000
0(
#5435989000
b110 7
1(
#5436260000
0(
#5436531000
b111 7
1(
#5436802000
0(
#5437073000
b1000 7
1(
#5437344000
0(
#5437615000
b1001 7
1(
#5437886000
0(
#5438157000
b1010 7
1(
#5438428000
0(
#5438699000
b1011 7
1(
#5438970000
0(
#5439241000
11
b0 7
1(
#5439512000
0(
#5439783000
b1100 B
b100 K
01
b1 7
1(
#5440054000
0(
#5440325000
b10 7
1(
#5440596000
0(
#5440867000
b11 7
1(
#5441138000
0(
#5441409000
b100 7
1(
#5441680000
0(
#5441951000
b101 7
1(
#5442222000
0(
#5442493000
b110 7
1(
#5442764000
0(
#5443035000
b111 7
1(
#5443306000
0(
#5443577000
b1000 7
1(
#5443848000
0(
#5444119000
b1001 7
1(
#5444390000
0(
#5444661000
b1010 7
1(
#5444932000
0(
#5445203000
b1011 7
1(
#5445474000
0(
#5445745000
11
b0 7
1(
#5446016000
0(
#5446287000
b1101 B
b101 K
01
b1 7
1(
#5446558000
0(
#5446829000
b10 7
1(
#5447100000
0(
#5447371000
b11 7
1(
#5447642000
0(
#5447913000
b100 7
1(
#5448184000
0(
#5448455000
b101 7
1(
#5448726000
0(
#5448997000
b110 7
1(
#5449268000
0(
#5449539000
b111 7
1(
#5449810000
0(
#5450081000
b1000 7
1(
#5450352000
0(
#5450623000
b1001 7
1(
#5450894000
0(
#5451165000
b1010 7
1(
#5451436000
0(
#5451707000
b1011 7
1(
#5451978000
0(
#5452249000
11
b0 7
1(
#5452520000
0(
#5452791000
b1110 B
b110 K
01
b1 7
1(
#5453062000
0(
#5453333000
b10 7
1(
#5453604000
0(
#5453875000
b11 7
1(
#5454146000
0(
#5454417000
b100 7
1(
#5454688000
0(
#5454959000
b101 7
1(
#5455230000
0(
#5455501000
b110 7
1(
#5455772000
0(
#5456043000
b111 7
1(
#5456314000
0(
#5456585000
b1000 7
1(
#5456856000
0(
#5457127000
b1001 7
1(
#5457398000
0(
#5457669000
b1010 7
1(
#5457940000
0(
#5458211000
b1011 7
1(
#5458482000
0(
#5458753000
11
b0 7
1(
#5459024000
0(
#5459295000
b1111 B
b111 K
01
b1 7
1(
#5459566000
0(
#5459837000
b10 7
1(
#5460108000
0(
#5460379000
b11 7
1(
#5460650000
0(
#5460921000
b100 7
1(
#5461192000
0(
#5461463000
b101 7
1(
#5461734000
0(
#5462005000
b110 7
1(
#5462276000
0(
#5462547000
b111 7
1(
#5462818000
0(
#5463089000
b1000 7
1(
#5463360000
0(
#5463631000
b1001 7
1(
#5463902000
0(
#5464173000
b1010 7
1(
#5464444000
0(
#5464715000
b1011 7
1(
#5464986000
0(
#5465257000
11
b0 7
1(
#5465528000
0(
#5465799000
b10 <
b0 B
b1000 K
01
b1 7
1(
#5466070000
0(
#5466341000
b10 7
1(
#5466612000
0(
#5466883000
b11 7
1(
#5467154000
0(
#5467425000
b100 7
1(
#5467696000
0(
#5467967000
b101 7
1(
#5468238000
0(
#5468509000
b110 7
1(
#5468780000
0(
#5469051000
b111 7
1(
#5469322000
0(
#5469593000
b1000 7
1(
#5469864000
0(
#5470135000
b1001 7
1(
#5470406000
0(
#5470677000
b1010 7
1(
#5470948000
0(
#5471219000
b1011 7
1(
#5471490000
0(
#5471761000
11
b0 7
1(
#5472032000
0(
#5472303000
b1 B
b1001 K
01
b1 7
1(
#5472574000
0(
#5472845000
b10 7
1(
#5473116000
0(
#5473387000
b11 7
1(
#5473658000
0(
#5473929000
b100 7
1(
#5474200000
0(
#5474471000
b101 7
1(
#5474742000
0(
#5475013000
b110 7
1(
#5475284000
0(
#5475555000
b111 7
1(
#5475826000
0(
#5476097000
b1000 7
1(
#5476368000
0(
#5476639000
b1001 7
1(
#5476910000
0(
#5477181000
b1010 7
1(
#5477452000
0(
#5477723000
b1011 7
1(
#5477994000
0(
#5478265000
11
b0 7
1(
#5478536000
0(
#5478807000
b10 B
b1010 K
01
b1 7
1(
#5479078000
0(
#5479349000
b10 7
1(
#5479620000
0(
#5479891000
b11 7
1(
#5480162000
0(
#5480433000
b100 7
1(
#5480704000
0(
#5480975000
b101 7
1(
#5481246000
0(
#5481517000
b110 7
1(
#5481788000
0(
#5482059000
b111 7
1(
#5482330000
0(
#5482601000
b1000 7
1(
#5482872000
0(
#5483143000
b1001 7
1(
#5483414000
0(
#5483685000
b1010 7
1(
#5483956000
0(
#5484227000
b1011 7
1(
#5484498000
0(
#5484769000
11
b0 7
1(
#5485040000
0(
#5485311000
b11 B
b1011 K
01
b1 7
1(
#5485582000
0(
#5485853000
b10 7
1(
#5486124000
0(
#5486395000
b11 7
1(
#5486666000
0(
#5486937000
b100 7
1(
#5487208000
0(
#5487479000
b101 7
1(
#5487750000
0(
#5488021000
b110 7
1(
#5488292000
0(
#5488563000
b111 7
1(
#5488834000
0(
#5489105000
b1000 7
1(
#5489376000
0(
#5489647000
b1001 7
1(
#5489918000
0(
#5490189000
b1010 7
1(
#5490460000
0(
#5490731000
b1011 7
1(
#5491002000
0(
#5491273000
11
b0 7
1(
#5491544000
0(
#5491815000
b100 B
b1100 K
01
b1 7
1(
#5492086000
0(
#5492357000
b10 7
1(
#5492628000
0(
#5492899000
b11 7
1(
#5493170000
0(
#5493441000
b100 7
1(
#5493712000
0(
#5493983000
b101 7
1(
#5494254000
0(
#5494525000
b110 7
1(
#5494796000
0(
#5495067000
b111 7
1(
#5495338000
0(
#5495609000
b1000 7
1(
#5495880000
0(
#5496151000
b1001 7
1(
#5496422000
0(
#5496693000
b1010 7
1(
#5496964000
0(
#5497235000
b1011 7
1(
#5497506000
0(
#5497777000
11
b0 7
1(
#5498048000
0(
#5498319000
b101 B
b1101 K
01
b1 7
1(
#5498590000
0(
#5498861000
b10 7
1(
#5499132000
0(
#5499403000
b11 7
1(
#5499674000
0(
#5499945000
b100 7
1(
#5500216000
0(
#5500487000
b101 7
1(
#5500758000
0(
#5501029000
b110 7
1(
#5501300000
0(
#5501571000
b111 7
1(
#5501842000
0(
#5502113000
b1000 7
1(
#5502384000
0(
#5502655000
b1001 7
1(
#5502926000
0(
#5503197000
b1010 7
1(
#5503468000
0(
#5503739000
b1011 7
1(
#5504010000
0(
#5504281000
11
b0 7
1(
#5504552000
0(
#5504823000
b110 B
b1110 K
01
b1 7
1(
#5505094000
0(
#5505365000
b10 7
1(
#5505636000
0(
#5505907000
b11 7
1(
#5506178000
0(
#5506449000
b100 7
1(
#5506720000
0(
#5506991000
b101 7
1(
#5507262000
0(
#5507533000
b110 7
1(
#5507804000
0(
#5508075000
b111 7
1(
#5508346000
0(
#5508617000
b1000 7
1(
#5508888000
0(
#5509159000
b1001 7
1(
#5509430000
0(
#5509701000
b1010 7
1(
#5509972000
0(
#5510243000
b1011 7
1(
#5510514000
0(
#5510785000
11
b0 7
1(
#5511056000
0(
#5511327000
b111 B
b1111 K
01
b1 7
1(
#5511598000
0(
#5511869000
b10 7
1(
#5512140000
0(
#5512411000
b11 7
1(
#5512682000
0(
#5512953000
b100 7
1(
#5513224000
0(
#5513495000
b101 7
1(
#5513766000
0(
#5514037000
b110 7
1(
#5514308000
0(
#5514579000
b111 7
1(
#5514850000
0(
#5515121000
b1000 7
1(
#5515392000
0(
#5515663000
b1001 7
1(
#5515934000
0(
#5516205000
b1010 7
1(
#5516476000
0(
#5516747000
b1011 7
1(
#5517018000
0(
#5517289000
11
b0 7
1(
#5517560000
0(
#5517831000
b1000 B
b10 H
b0 K
01
b1 7
1(
#5518102000
0(
#5518373000
b10 7
1(
#5518644000
0(
#5518915000
b11 7
1(
#5519186000
0(
#5519457000
b100 7
1(
#5519728000
0(
#5519999000
b101 7
1(
#5520270000
0(
#5520541000
b110 7
1(
#5520812000
0(
#5521083000
b111 7
1(
#5521354000
0(
#5521625000
b1000 7
1(
#5521896000
0(
#5522167000
b1001 7
1(
#5522438000
0(
#5522709000
b1010 7
1(
#5522980000
0(
#5523251000
b1011 7
1(
#5523522000
0(
#5523793000
11
b0 7
1(
#5524064000
0(
#5524335000
b1001 B
b1 K
01
b1 7
1(
#5524606000
0(
#5524877000
b10 7
1(
#5525148000
0(
#5525419000
b11 7
1(
#5525690000
0(
#5525961000
b100 7
1(
#5526232000
0(
#5526503000
b101 7
1(
#5526774000
0(
#5527045000
b110 7
1(
#5527316000
0(
#5527587000
b111 7
1(
#5527858000
0(
#5528129000
b1000 7
1(
#5528400000
0(
#5528671000
b1001 7
1(
#5528942000
0(
#5529213000
b1010 7
1(
#5529484000
0(
#5529755000
b1011 7
1(
#5530026000
0(
#5530297000
11
b0 7
1(
#5530568000
0(
#5530839000
b1010 B
b10 K
01
b1 7
1(
#5531110000
0(
#5531381000
b10 7
1(
#5531652000
0(
#5531923000
b11 7
1(
#5532194000
0(
#5532465000
b100 7
1(
#5532736000
0(
#5533007000
b101 7
1(
#5533278000
0(
#5533549000
b110 7
1(
#5533820000
0(
#5534091000
b111 7
1(
#5534362000
0(
#5534633000
b1000 7
1(
#5534904000
0(
#5535175000
b1001 7
1(
#5535446000
0(
#5535717000
b1010 7
1(
#5535988000
0(
#5536259000
b1011 7
1(
#5536530000
0(
#5536801000
11
b0 7
1(
#5537072000
0(
#5537343000
b1011 B
b11 K
01
b1 7
1(
#5537614000
0(
#5537885000
b10 7
1(
#5538156000
0(
#5538427000
b11 7
1(
#5538698000
0(
#5538969000
b100 7
1(
#5539240000
0(
#5539511000
b101 7
1(
#5539782000
0(
#5540053000
b110 7
1(
#5540324000
0(
#5540595000
b111 7
1(
#5540866000
0(
#5541137000
b1000 7
1(
#5541408000
0(
#5541679000
b1001 7
1(
#5541950000
0(
#5542221000
b1010 7
1(
#5542492000
0(
#5542763000
b1011 7
1(
#5543034000
0(
#5543305000
11
b0 7
1(
#5543576000
0(
#5543847000
b1100 B
b100 K
01
b1 7
1(
#5544118000
0(
#5544389000
b10 7
1(
#5544660000
0(
#5544931000
b11 7
1(
#5545202000
0(
#5545473000
b100 7
1(
#5545744000
0(
#5546015000
b101 7
1(
#5546286000
0(
#5546557000
b110 7
1(
#5546828000
0(
#5547099000
b111 7
1(
#5547370000
0(
#5547641000
b1000 7
1(
#5547912000
0(
#5548183000
b1001 7
1(
#5548454000
0(
#5548725000
b1010 7
1(
#5548996000
0(
#5549267000
b1011 7
1(
#5549538000
0(
#5549809000
11
b0 7
1(
#5550080000
0(
#5550351000
b1101 B
b101 K
01
b1 7
1(
#5550622000
0(
#5550893000
b10 7
1(
#5551164000
0(
#5551435000
b11 7
1(
#5551706000
0(
#5551977000
b100 7
1(
#5552248000
0(
#5552519000
b101 7
1(
#5552790000
0(
#5553061000
b110 7
1(
#5553332000
0(
#5553603000
b111 7
1(
#5553874000
0(
#5554145000
b1000 7
1(
#5554416000
0(
#5554687000
b1001 7
1(
#5554958000
0(
#5555229000
b1010 7
1(
#5555500000
0(
#5555771000
b1011 7
1(
#5556042000
0(
#5556313000
11
b0 7
1(
#5556584000
0(
#5556855000
b1110 B
b110 K
01
b1 7
1(
#5557126000
0(
#5557397000
b10 7
1(
#5557668000
0(
#5557939000
b11 7
1(
#5558210000
0(
#5558481000
b100 7
1(
#5558752000
0(
#5559023000
b101 7
1(
#5559294000
0(
#5559565000
b110 7
1(
#5559836000
0(
#5560107000
b111 7
1(
#5560378000
0(
#5560649000
b1000 7
1(
#5560920000
0(
#5561191000
b1001 7
1(
#5561462000
0(
#5561733000
b1010 7
1(
#5562004000
0(
#5562275000
b1011 7
1(
#5562546000
0(
#5562817000
11
b0 7
1(
#5563088000
0(
#5563359000
b1111 B
b111 K
01
b1 7
1(
#5563630000
0(
#5563901000
b10 7
1(
#5564172000
0(
#5564443000
b11 7
1(
#5564714000
0(
#5564985000
b100 7
1(
#5565256000
0(
#5565527000
b101 7
1(
#5565798000
0(
#5566069000
b110 7
1(
#5566340000
0(
#5566611000
b111 7
1(
#5566882000
0(
#5567153000
b1000 7
1(
#5567424000
0(
#5567695000
b1001 7
1(
#5567966000
0(
#5568237000
b1010 7
1(
#5568508000
0(
#5568779000
b1011 7
1(
#5569050000
0(
#5569321000
11
b0 7
1(
#5569592000
0(
#5569863000
b11 <
b0 B
b1000 K
01
b1 7
1(
#5570134000
0(
#5570405000
b10 7
1(
#5570676000
0(
#5570947000
b11 7
1(
#5571218000
0(
#5571489000
b100 7
1(
#5571760000
0(
#5572031000
b101 7
1(
#5572302000
0(
#5572573000
b110 7
1(
#5572844000
0(
#5573115000
b111 7
1(
#5573386000
0(
#5573657000
b1000 7
1(
#5573928000
0(
#5574199000
b1001 7
1(
#5574470000
0(
#5574741000
b1010 7
1(
#5575012000
0(
#5575283000
b1011 7
1(
#5575554000
0(
#5575825000
11
b0 7
1(
#5576096000
0(
#5576367000
b1 B
b1001 K
01
b1 7
1(
#5576638000
0(
#5576909000
b10 7
1(
#5577180000
0(
#5577451000
b11 7
1(
#5577722000
0(
#5577993000
b100 7
1(
#5578264000
0(
#5578535000
b101 7
1(
#5578806000
0(
#5579077000
b110 7
1(
#5579348000
0(
#5579619000
b111 7
1(
#5579890000
0(
#5580161000
b1000 7
1(
#5580432000
0(
#5580703000
b1001 7
1(
#5580974000
0(
#5581245000
b1010 7
1(
#5581516000
0(
#5581787000
b1011 7
1(
#5582058000
0(
#5582329000
11
b0 7
1(
#5582600000
0(
#5582871000
b10 B
b1010 K
01
b1 7
1(
#5583142000
0(
#5583413000
b10 7
1(
#5583684000
0(
#5583955000
b11 7
1(
#5584226000
0(
#5584497000
b100 7
1(
#5584768000
0(
#5585039000
b101 7
1(
#5585310000
0(
#5585581000
b110 7
1(
#5585852000
0(
#5586123000
b111 7
1(
#5586394000
0(
#5586665000
b1000 7
1(
#5586936000
0(
#5587207000
b1001 7
1(
#5587478000
0(
#5587749000
b1010 7
1(
#5588020000
0(
#5588291000
b1011 7
1(
#5588562000
0(
#5588833000
11
b0 7
1(
#5589104000
0(
#5589375000
b11 B
b1011 K
01
b1 7
1(
#5589646000
0(
#5589917000
b10 7
1(
#5590188000
0(
#5590459000
b11 7
1(
#5590730000
0(
#5591001000
b100 7
1(
#5591272000
0(
#5591543000
b101 7
1(
#5591814000
0(
#5592085000
b110 7
1(
#5592356000
0(
#5592627000
b111 7
1(
#5592898000
0(
#5593169000
b1000 7
1(
#5593440000
0(
#5593711000
b1001 7
1(
#5593982000
0(
#5594253000
b1010 7
1(
#5594524000
0(
#5594795000
b1011 7
1(
#5595066000
0(
#5595337000
11
b0 7
1(
#5595608000
0(
#5595879000
b100 B
b1100 K
01
b1 7
1(
#5596150000
0(
#5596421000
b10 7
1(
#5596692000
0(
#5596963000
b11 7
1(
#5597234000
0(
#5597505000
b100 7
1(
#5597776000
0(
#5598047000
b101 7
1(
#5598318000
0(
#5598589000
b110 7
1(
#5598860000
0(
#5599131000
b111 7
1(
#5599402000
0(
#5599673000
b1000 7
1(
#5599944000
0(
#5600215000
b1001 7
1(
#5600486000
0(
#5600757000
b1010 7
1(
#5601028000
0(
#5601299000
b1011 7
1(
#5601570000
0(
#5601841000
11
b0 7
1(
#5602112000
0(
#5602383000
b101 B
b1101 K
01
b1 7
1(
#5602654000
0(
#5602925000
b10 7
1(
#5603196000
0(
#5603467000
b11 7
1(
#5603738000
0(
#5604009000
b100 7
1(
#5604280000
0(
#5604551000
b101 7
1(
#5604822000
0(
#5605093000
b110 7
1(
#5605364000
0(
#5605635000
b111 7
1(
#5605906000
0(
#5606177000
b1000 7
1(
#5606448000
0(
#5606719000
b1001 7
1(
#5606990000
0(
#5607261000
b1010 7
1(
#5607532000
0(
#5607803000
b1011 7
1(
#5608074000
0(
#5608345000
11
b0 7
1(
#5608616000
0(
#5608887000
b110 B
b1110 K
01
b1 7
1(
#5609158000
0(
#5609429000
b10 7
1(
#5609700000
0(
#5609971000
b11 7
1(
#5610242000
0(
#5610513000
b100 7
1(
#5610784000
0(
#5611055000
b101 7
1(
#5611326000
0(
#5611597000
b110 7
1(
#5611868000
0(
#5612139000
b111 7
1(
#5612410000
0(
#5612681000
b1000 7
1(
#5612952000
0(
#5613223000
b1001 7
1(
#5613494000
0(
#5613765000
b1010 7
1(
#5614036000
0(
#5614307000
b1011 7
1(
#5614578000
0(
#5614849000
11
b0 7
1(
#5615120000
0(
#5615391000
b111 B
b1111 K
01
b1 7
1(
#5615662000
0(
#5615933000
b10 7
1(
#5616204000
0(
#5616475000
b11 7
1(
#5616746000
0(
#5617017000
b100 7
1(
#5617288000
0(
#5617559000
b101 7
1(
#5617830000
0(
#5618101000
b110 7
1(
#5618372000
0(
#5618643000
b111 7
1(
#5618914000
0(
#5619185000
b1000 7
1(
#5619456000
0(
#5619727000
b1001 7
1(
#5619998000
0(
#5620269000
b1010 7
1(
#5620540000
0(
#5620811000
b1011 7
1(
#5621082000
0(
#5621353000
11
b0 7
1(
#5621624000
0(
#5621895000
b1000 B
b11 H
b0 K
01
b1 7
1(
#5622166000
0(
#5622437000
b10 7
1"
1(
#5622708000
0(
#5622979000
1>
b11 7
1(
#5623250000
0(
#5623521000
b100 7
1?
1(
#5623792000
0(
#5624063000
b101 7
1(
#5624334000
0(
#5624605000
b110 7
1(
#5624876000
0(
#5625147000
b111 7
1(
#5625418000
0(
#5625689000
b1000 7
1(
#5625960000
0(
#5626231000
b1001 7
1(
#5626502000
0(
#5626773000
b1010 7
1(
#5627044000
0(
#5627315000
b1011 7
1(
#5627586000
0(
#5627857000
11
b0 7
1(
#5628128000
0(
#5628399000
b1001 B
b1 K
01
b1 7
1(
#5628670000
0(
#5628941000
b10 7
1(
#5629212000
0(
#5629483000
b11 7
1(
#5629754000
0(
#5630025000
b100 7
1(
#5630296000
0(
#5630567000
b101 7
1(
#5630838000
0(
#5631109000
b110 7
1(
#5631380000
0(
#5631651000
b111 7
1(
#5631922000
0(
#5632193000
b1000 7
1(
#5632464000
0(
#5632735000
b1001 7
1(
#5633006000
0(
#5633277000
b1010 7
1(
#5633548000
0(
#5633819000
b1011 7
1(
#5634090000
0(
#5634361000
11
b0 7
1(
#5634632000
0(
#5634903000
b1010 B
b10 K
01
b1 7
1(
#5635174000
0(
#5635445000
b10 7
1(
#5635716000
0(
#5635987000
b11 7
1(
#5636258000
0(
#5636529000
b100 7
1(
#5636800000
0(
#5637071000
b101 7
1(
#5637342000
0(
#5637613000
b110 7
1(
#5637884000
0(
#5638155000
b111 7
1(
#5638426000
0(
#5638697000
b1000 7
1(
#5638968000
0(
#5639239000
b1001 7
1(
#5639510000
0(
#5639781000
b1010 7
1(
#5640052000
0(
#5640323000
b1011 7
1(
#5640594000
0(
#5640865000
11
b0 7
1(
#5641136000
0(
#5641407000
b1011 B
b11 K
01
b1 7
1(
#5641678000
0(
#5641949000
b10 7
1(
#5642220000
0(
#5642491000
b11 7
1(
#5642762000
0(
#5643033000
b100 7
1(
#5643304000
0(
#5643575000
b101 7
1(
#5643846000
0(
#5644117000
b110 7
1(
#5644388000
0(
#5644659000
b111 7
1(
#5644930000
0(
#5645201000
b1000 7
1(
#5645472000
0(
#5645743000
b1001 7
1(
#5646014000
0(
#5646285000
b1010 7
1(
#5646556000
0(
#5646827000
b1011 7
1(
#5647098000
0(
#5647369000
11
b0 7
1(
#5647640000
0(
#5647911000
b1100 B
b100 K
01
b1 7
1(
#5648182000
0(
#5648453000
b10 7
1(
#5648724000
0(
#5648995000
b11 7
1(
#5649266000
0(
#5649537000
b100 7
1(
#5649808000
0(
#5650079000
b101 7
1(
#5650350000
0(
#5650621000
b110 7
1(
#5650892000
0(
#5651163000
b111 7
1(
#5651434000
0(
#5651705000
b1000 7
1(
#5651976000
0(
#5652247000
b1001 7
1(
#5652518000
0(
#5652789000
b1010 7
1(
#5653060000
0(
#5653331000
b1011 7
1(
#5653602000
0(
#5653873000
11
b0 7
1(
#5654144000
0(
#5654415000
b1101 B
b101 K
01
b1 7
1(
#5654686000
0(
#5654957000
b10 7
1(
#5655228000
0(
#5655499000
b11 7
1(
#5655770000
0(
#5656041000
b100 7
1(
#5656312000
0(
#5656583000
b101 7
1(
#5656854000
0(
#5657125000
b110 7
1(
#5657396000
0(
#5657667000
b111 7
1(
#5657938000
0(
#5658209000
b1000 7
1(
#5658480000
0(
#5658751000
b1001 7
1(
#5659022000
0(
#5659293000
b1010 7
1(
#5659564000
0(
#5659835000
b1011 7
1(
#5660106000
0(
#5660377000
11
b0 7
1(
#5660648000
0(
#5660919000
b1110 B
b110 K
01
b1 7
1(
#5661190000
0(
#5661461000
b10 7
1(
#5661732000
0(
#5662003000
b11 7
1(
#5662274000
0(
#5662545000
b100 7
1(
#5662816000
0(
#5663087000
b101 7
1(
#5663358000
0(
#5663629000
b110 7
1(
#5663900000
0(
#5664171000
b111 7
1(
#5664442000
0(
#5664713000
b1000 7
1(
#5664984000
0(
#5665255000
b1001 7
1(
#5665526000
0(
#5665797000
b1010 7
1(
#5666068000
0(
#5666339000
b1011 7
1(
#5666610000
0(
#5666881000
11
b0 7
1(
#5667152000
0(
#5667423000
b1111 B
b111 K
01
b1 7
1(
#5667694000
0(
#5667965000
b10 7
1(
#5668236000
0(
#5668507000
b11 7
1(
#5668778000
0(
#5669049000
b100 7
1(
#5669320000
0(
#5669591000
b101 7
1(
#5669862000
0(
#5670133000
b110 7
1(
#5670404000
0(
#5670675000
b111 7
1(
#5670946000
0(
#5671217000
b1000 7
1(
#5671488000
0(
#5671759000
b1001 7
1(
#5672030000
0(
#5672301000
b1010 7
1(
#5672572000
0(
#5672843000
b1011 7
1(
#5673114000
0(
#5673385000
11
b0 7
1(
#5673656000
0(
#5673927000
b100 <
b0 B
b1000 K
01
b1 7
1(
#5674198000
0(
#5674469000
b10 7
1(
#5674740000
0(
#5675011000
b11 7
1(
#5675282000
0(
#5675553000
b100 7
1(
#5675824000
0(
#5676095000
b101 7
1(
#5676366000
0(
#5676637000
b110 7
1(
#5676908000
0(
#5677179000
b111 7
1(
#5677450000
0(
#5677721000
b1000 7
1(
#5677992000
0(
#5678263000
b1001 7
1(
#5678534000
0(
#5678805000
b1010 7
1(
#5679076000
0(
#5679347000
b1011 7
1(
#5679618000
0(
#5679889000
11
b0 7
1(
#5680160000
0(
#5680431000
b1 B
b1001 K
01
b1 7
1(
#5680702000
0(
#5680973000
b10 7
1(
#5681244000
0(
#5681515000
b11 7
1(
#5681786000
0(
#5682057000
b100 7
1(
#5682328000
0(
#5682599000
b101 7
1(
#5682870000
0(
#5683141000
b110 7
1(
#5683412000
0(
#5683683000
b111 7
1(
#5683954000
0(
#5684225000
b1000 7
1(
#5684496000
0(
#5684767000
b1001 7
1(
#5685038000
0(
#5685309000
b1010 7
1(
#5685580000
0(
#5685851000
b1011 7
1(
#5686122000
0(
#5686393000
11
b0 7
1(
#5686664000
0(
#5686935000
b10 B
b1010 K
01
b1 7
1(
#5687206000
0(
#5687477000
b10 7
1(
#5687748000
0(
#5688019000
b11 7
1(
#5688290000
0(
#5688561000
b100 7
1(
#5688832000
0(
#5689103000
b101 7
1(
#5689374000
0(
#5689645000
b110 7
1(
#5689916000
0(
#5690187000
b111 7
1(
#5690458000
0(
#5690729000
b1000 7
1(
#5691000000
0(
#5691271000
b1001 7
1(
#5691542000
0(
#5691813000
b1010 7
1(
#5692084000
0(
#5692355000
b1011 7
1(
#5692626000
0(
#5692897000
11
b0 7
1(
#5693168000
0(
#5693439000
b11 B
b1011 K
01
b1 7
1(
#5693710000
0(
#5693981000
b10 7
1(
#5694252000
0(
#5694523000
b11 7
1(
#5694794000
0(
#5695065000
b100 7
1(
#5695336000
0(
#5695607000
b101 7
1(
#5695878000
0(
#5696149000
b110 7
1(
#5696420000
0(
#5696691000
b111 7
1(
#5696962000
0(
#5697233000
b1000 7
1(
#5697504000
0(
#5697775000
b1001 7
1(
#5698046000
0(
#5698317000
b1010 7
1(
#5698588000
0(
#5698859000
b1011 7
1(
#5699130000
0(
#5699401000
11
b0 7
1(
#5699672000
0(
#5699943000
b100 B
b1100 K
01
b1 7
1(
#5700214000
0(
#5700485000
b10 7
1(
#5700756000
0(
#5701027000
b11 7
1(
#5701298000
0(
#5701569000
b100 7
1(
#5701840000
0(
#5702111000
b101 7
1(
#5702382000
0(
#5702653000
b110 7
1(
#5702924000
0(
#5703195000
b111 7
1(
#5703466000
0(
#5703737000
b1000 7
1(
#5704008000
0(
#5704279000
b1001 7
1(
#5704550000
0(
#5704821000
b1010 7
1(
#5705092000
0(
#5705363000
b1011 7
1(
#5705634000
0(
#5705905000
11
b0 7
1(
#5706176000
0(
#5706447000
b101 B
b1101 K
01
b1 7
1(
#5706718000
0(
#5706989000
b10 7
1(
#5707260000
0(
#5707531000
b11 7
1(
#5707802000
0(
#5708073000
b100 7
1(
#5708344000
0(
#5708615000
b101 7
1(
#5708886000
0(
#5709157000
b110 7
1(
#5709428000
0(
#5709699000
b111 7
1(
#5709970000
0(
#5710241000
b1000 7
1(
#5710512000
0(
#5710783000
b1001 7
1(
#5711054000
0(
#5711325000
b1010 7
1(
#5711596000
0(
#5711867000
b1011 7
1(
#5712138000
0(
#5712409000
11
b0 7
1(
#5712680000
0(
#5712951000
b110 B
b1110 K
01
b1 7
1(
#5713222000
0(
#5713493000
b10 7
1(
#5713764000
0(
#5714035000
b11 7
1(
#5714306000
0(
#5714577000
b100 7
1(
#5714848000
0(
#5715119000
b101 7
1(
#5715390000
0(
#5715661000
b110 7
1(
#5715932000
0(
#5716203000
b111 7
1(
#5716474000
0(
#5716745000
b1000 7
1(
#5717016000
0(
#5717287000
b1001 7
1(
#5717558000
0(
#5717829000
b1010 7
1(
#5718100000
0(
#5718371000
b1011 7
1(
#5718642000
0(
#5718913000
11
b0 7
1(
#5719184000
0(
#5719455000
b111 B
b1111 K
01
b1 7
1(
#5719726000
0(
#5719997000
b10 7
1(
#5720268000
0(
#5720539000
b11 7
1(
#5720810000
0(
#5721081000
b100 7
1(
#5721352000
0(
#5721623000
b101 7
1(
#5721894000
0(
#5722165000
b110 7
1(
#5722436000
0(
#5722707000
b111 7
1(
#5722978000
0(
#5723249000
b1000 7
1(
#5723520000
0(
#5723791000
b1001 7
1(
#5724062000
0(
#5724333000
b1010 7
1(
#5724604000
0(
#5724875000
b1011 7
1(
#5725146000
0(
#5725417000
11
b0 7
1(
#5725688000
0(
#5725959000
b1000 B
b100 H
b0 K
01
b1 7
1(
#5726230000
0(
#5726501000
b10 7
0"
1(
#5726772000
0(
#5727043000
0>
b11 7
1(
#5727314000
0(
#5727585000
b100 7
0?
1(
#5727856000
0(
#5728127000
b101 7
1(
#5728398000
0(
#5728669000
b110 7
1(
#5728940000
0(
#5729211000
b111 7
1(
#5729482000
0(
#5729753000
b1000 7
1(
#5730024000
0(
#5730295000
b1001 7
1(
#5730566000
0(
#5730837000
b1010 7
1(
#5731108000
0(
#5731379000
b1011 7
1(
#5731650000
0(
#5731921000
11
b0 7
1(
#5732192000
0(
#5732463000
b1001 B
b1 K
01
b1 7
1(
#5732734000
0(
#5733005000
b10 7
1(
#5733276000
0(
#5733547000
b11 7
1(
#5733818000
0(
#5734089000
b100 7
1(
#5734360000
0(
#5734631000
b101 7
1(
#5734902000
0(
#5735173000
b110 7
1(
#5735444000
0(
#5735715000
b111 7
1(
#5735986000
0(
#5736257000
b1000 7
1(
#5736528000
0(
#5736799000
b1001 7
1(
#5737070000
0(
#5737341000
b1010 7
1(
#5737612000
0(
#5737883000
b1011 7
1(
#5738154000
0(
#5738425000
11
b0 7
1(
#5738696000
0(
#5738967000
b1010 B
b10 K
01
b1 7
1(
#5739238000
0(
#5739509000
b10 7
1(
#5739780000
0(
#5740051000
b11 7
1(
#5740322000
0(
#5740593000
b100 7
1(
#5740864000
0(
#5741135000
b101 7
1(
#5741406000
0(
#5741677000
b110 7
1(
#5741948000
0(
#5742219000
b111 7
1(
#5742490000
0(
#5742761000
b1000 7
1(
#5743032000
0(
#5743303000
b1001 7
1(
#5743574000
0(
#5743845000
b1010 7
1(
#5744116000
0(
#5744387000
b1011 7
1(
#5744658000
0(
#5744929000
11
b0 7
1(
#5745200000
0(
#5745471000
b1011 B
b11 K
01
b1 7
1(
#5745742000
0(
#5746013000
b10 7
1(
#5746284000
0(
#5746555000
b11 7
1(
#5746826000
0(
#5747097000
b100 7
1(
#5747368000
0(
#5747639000
b101 7
1(
#5747910000
0(
#5748181000
b110 7
1(
#5748452000
0(
#5748723000
b111 7
1(
#5748994000
0(
#5749265000
b1000 7
1(
#5749536000
0(
#5749807000
b1001 7
1(
#5750078000
0(
#5750349000
b1010 7
1(
#5750620000
0(
#5750891000
b1011 7
1(
#5751162000
0(
#5751433000
11
b0 7
1(
#5751704000
0(
#5751975000
b1100 B
b100 K
01
b1 7
1(
#5752246000
0(
#5752517000
b10 7
1(
#5752788000
0(
#5753059000
b11 7
1(
#5753330000
0(
#5753601000
b100 7
1(
#5753872000
0(
#5754143000
b101 7
1(
#5754414000
0(
#5754685000
b110 7
1(
#5754956000
0(
#5755227000
b111 7
1(
#5755498000
0(
#5755769000
b1000 7
1(
#5756040000
0(
#5756311000
b1001 7
1(
#5756582000
0(
#5756853000
b1010 7
1(
#5757124000
0(
#5757395000
b1011 7
1(
#5757666000
0(
#5757937000
11
b0 7
1(
#5758208000
0(
#5758479000
b1101 B
b101 K
01
b1 7
1(
#5758750000
0(
#5759021000
b10 7
1(
#5759292000
0(
#5759563000
b11 7
1(
#5759834000
0(
#5760105000
b100 7
1(
#5760376000
0(
#5760647000
b101 7
1(
#5760918000
0(
#5761189000
b110 7
1(
#5761460000
0(
#5761731000
b111 7
1(
#5762002000
0(
#5762273000
b1000 7
1(
#5762544000
0(
#5762815000
b1001 7
1(
#5763086000
0(
#5763357000
b1010 7
1(
#5763628000
0(
#5763899000
b1011 7
1(
#5764170000
0(
#5764441000
11
b0 7
1(
#5764712000
0(
#5764983000
b1110 B
b110 K
01
b1 7
1(
#5765254000
0(
#5765525000
b10 7
1(
#5765796000
0(
#5766067000
b11 7
1(
#5766338000
0(
#5766609000
b100 7
1(
#5766880000
0(
#5767151000
b101 7
1(
#5767422000
0(
#5767693000
b110 7
1(
#5767964000
0(
#5768235000
b111 7
1(
#5768506000
0(
#5768777000
b1000 7
1(
#5769048000
0(
#5769319000
b1001 7
1(
#5769590000
0(
#5769861000
b1010 7
1(
#5770132000
0(
#5770403000
b1011 7
1(
#5770674000
0(
#5770945000
11
b0 7
1(
#5771216000
0(
#5771487000
b1111 B
b111 K
01
b1 7
1(
#5771758000
0(
#5772029000
b10 7
1(
#5772300000
0(
#5772571000
b11 7
1(
#5772842000
0(
#5773113000
b100 7
1(
#5773384000
0(
#5773655000
b101 7
1(
#5773926000
0(
#5774197000
b110 7
1(
#5774468000
0(
#5774739000
b111 7
1(
#5775010000
0(
#5775281000
b1000 7
1(
#5775552000
0(
#5775823000
b1001 7
1(
#5776094000
0(
#5776365000
b1010 7
1(
#5776636000
0(
#5776907000
b1011 7
1(
#5777178000
0(
#5777449000
11
b0 7
1(
#5777720000
0(
#5777991000
b101 <
b0 B
b1000 K
01
b1 7
1(
#5778262000
0(
#5778533000
b10 7
1(
#5778804000
0(
#5779075000
b11 7
1(
#5779346000
0(
#5779617000
b100 7
1(
#5779888000
0(
#5780159000
b101 7
1(
#5780430000
0(
#5780701000
b110 7
1(
#5780972000
0(
#5781243000
b111 7
1(
#5781514000
0(
#5781785000
b1000 7
1(
#5782056000
0(
#5782327000
b1001 7
1(
#5782598000
0(
#5782869000
b1010 7
1(
#5783140000
0(
#5783411000
b1011 7
1(
#5783682000
0(
#5783953000
11
b0 7
1(
#5784224000
0(
#5784495000
b1 B
b1001 K
01
b1 7
1(
#5784766000
0(
#5785037000
b10 7
1(
#5785308000
0(
#5785579000
b11 7
1(
#5785850000
0(
#5786121000
b100 7
1(
#5786392000
0(
#5786663000
b101 7
1(
#5786934000
0(
#5787205000
b110 7
1(
#5787476000
0(
#5787747000
b111 7
1(
#5788018000
0(
#5788289000
b1000 7
1(
#5788560000
0(
#5788831000
b1001 7
1(
#5789102000
0(
#5789373000
b1010 7
1(
#5789644000
0(
#5789915000
b1011 7
1(
#5790186000
0(
#5790457000
11
b0 7
1(
#5790728000
0(
#5790999000
b10 B
b1010 K
01
b1 7
1(
#5791270000
0(
#5791541000
b10 7
1(
#5791812000
0(
#5792083000
b11 7
1(
#5792354000
0(
#5792625000
b100 7
1(
#5792896000
0(
#5793167000
b101 7
1(
#5793438000
0(
#5793709000
b110 7
1(
#5793980000
0(
#5794251000
b111 7
1(
#5794522000
0(
#5794793000
b1000 7
1(
#5795064000
0(
#5795335000
b1001 7
1(
#5795606000
0(
#5795877000
b1010 7
1(
#5796148000
0(
#5796419000
b1011 7
1(
#5796690000
0(
#5796961000
11
b0 7
1(
#5797232000
0(
#5797503000
b11 B
b1011 K
01
b1 7
1(
#5797774000
0(
#5798045000
b10 7
1(
#5798316000
0(
#5798587000
b11 7
1(
#5798858000
0(
#5799129000
b100 7
1(
#5799400000
0(
#5799671000
b101 7
1(
#5799942000
0(
#5800213000
b110 7
1(
#5800484000
0(
#5800755000
b111 7
1(
#5801026000
0(
#5801297000
b1000 7
1(
#5801568000
0(
#5801839000
b1001 7
1(
#5802110000
0(
#5802381000
b1010 7
1(
#5802652000
0(
#5802923000
b1011 7
1(
#5803194000
0(
#5803465000
11
b0 7
1(
#5803736000
0(
#5804007000
b100 B
b1100 K
01
b1 7
1(
#5804278000
0(
#5804549000
b10 7
1(
#5804820000
0(
#5805091000
b11 7
1(
#5805362000
0(
#5805633000
b100 7
1(
#5805904000
0(
#5806175000
b101 7
1(
#5806446000
0(
#5806717000
b110 7
1(
#5806988000
0(
#5807259000
b111 7
1(
#5807530000
0(
#5807801000
b1000 7
1(
#5808072000
0(
#5808343000
b1001 7
1(
#5808614000
0(
#5808885000
b1010 7
1(
#5809156000
0(
#5809427000
b1011 7
1(
#5809698000
0(
#5809969000
11
b0 7
1(
#5810240000
0(
#5810511000
b101 B
b1101 K
01
b1 7
1(
#5810782000
0(
#5811053000
b10 7
1(
#5811324000
0(
#5811595000
b11 7
1(
#5811866000
0(
#5812137000
b100 7
1(
#5812408000
0(
#5812679000
b101 7
1(
#5812950000
0(
#5813221000
b110 7
1(
#5813492000
0(
#5813763000
b111 7
1(
#5814034000
0(
#5814305000
b1000 7
1(
#5814576000
0(
#5814847000
b1001 7
1(
#5815118000
0(
#5815389000
b1010 7
1(
#5815660000
0(
#5815931000
b1011 7
1(
#5816202000
0(
#5816473000
11
b0 7
1(
#5816744000
0(
#5817015000
b110 B
b1110 K
01
b1 7
1(
#5817286000
0(
#5817557000
b10 7
1(
#5817828000
0(
#5818099000
b11 7
1(
#5818370000
0(
#5818641000
b100 7
1(
#5818912000
0(
#5819183000
b101 7
1(
#5819454000
0(
#5819725000
b110 7
1(
#5819996000
0(
#5820267000
b111 7
1(
#5820538000
0(
#5820809000
b1000 7
1(
#5821080000
0(
#5821351000
b1001 7
1(
#5821622000
0(
#5821893000
b1010 7
1(
#5822164000
0(
#5822435000
b1011 7
1(
#5822706000
0(
#5822977000
11
b0 7
1(
#5823248000
0(
#5823519000
b111 B
b1111 K
01
b1 7
1(
#5823790000
0(
#5824061000
b10 7
1(
#5824332000
0(
#5824603000
b11 7
1(
#5824874000
0(
#5825145000
b100 7
1(
#5825416000
0(
#5825687000
b101 7
1(
#5825958000
0(
#5826229000
b110 7
1(
#5826500000
0(
#5826771000
b111 7
1(
#5827042000
0(
#5827313000
b1000 7
1(
#5827584000
0(
#5827855000
b1001 7
1(
#5828126000
0(
#5828397000
b1010 7
1(
#5828668000
0(
#5828939000
b1011 7
1(
#5829210000
0(
#5829481000
11
b0 7
1(
#5829752000
0(
#5830023000
b1000 B
b101 H
b0 K
01
b1 7
1(
#5830294000
0(
#5830565000
b10 7
1(
#5830836000
0(
#5831107000
b11 7
1(
#5831378000
0(
#5831649000
b100 7
1(
#5831920000
0(
#5832191000
b101 7
1(
#5832462000
0(
#5832733000
b110 7
1(
#5833004000
0(
#5833275000
b111 7
1(
#5833546000
0(
#5833817000
b1000 7
1(
#5834088000
0(
#5834359000
b1001 7
1(
#5834630000
0(
#5834901000
b1010 7
1(
#5835172000
0(
#5835443000
b1011 7
1(
#5835714000
0(
#5835985000
11
b0 7
1(
#5836256000
0(
#5836527000
b1001 B
b1 K
01
b1 7
1(
#5836798000
0(
#5837069000
b10 7
1(
#5837340000
0(
#5837611000
b11 7
1(
#5837882000
0(
#5838153000
b100 7
1(
#5838424000
0(
#5838695000
b101 7
1(
#5838966000
0(
#5839237000
b110 7
1(
#5839508000
0(
#5839779000
b111 7
1(
#5840050000
0(
#5840321000
b1000 7
1(
#5840592000
0(
#5840863000
b1001 7
1(
#5841134000
0(
#5841405000
b1010 7
1(
#5841676000
0(
#5841947000
b1011 7
1(
#5842218000
0(
#5842489000
11
b0 7
1(
#5842760000
0(
#5843031000
b1010 B
b10 K
01
b1 7
1(
#5843302000
0(
#5843573000
b10 7
1(
#5843844000
0(
#5844115000
b11 7
1(
#5844386000
0(
#5844657000
b100 7
1(
#5844928000
0(
#5845199000
b101 7
1(
#5845470000
0(
#5845741000
b110 7
1(
#5846012000
0(
#5846283000
b111 7
1(
#5846554000
0(
#5846825000
b1000 7
1(
#5847096000
0(
#5847367000
b1001 7
1(
#5847638000
0(
#5847909000
b1010 7
1(
#5848180000
0(
#5848451000
b1011 7
1(
#5848722000
0(
#5848993000
11
b0 7
1(
#5849264000
0(
#5849535000
b1011 B
b11 K
01
b1 7
1(
#5849806000
0(
#5850077000
b10 7
1(
#5850348000
0(
#5850619000
b11 7
1(
#5850890000
0(
#5851161000
b100 7
1(
#5851432000
0(
#5851703000
b101 7
1(
#5851974000
0(
#5852245000
b110 7
1(
#5852516000
0(
#5852787000
b111 7
1(
#5853058000
0(
#5853329000
b1000 7
1(
#5853600000
0(
#5853871000
b1001 7
1(
#5854142000
0(
#5854413000
b1010 7
1(
#5854684000
0(
#5854955000
b1011 7
1(
#5855226000
0(
#5855497000
11
b0 7
1(
#5855768000
0(
#5856039000
b1100 B
b100 K
01
b1 7
1(
#5856310000
0(
#5856581000
b10 7
1(
#5856852000
0(
#5857123000
b11 7
1(
#5857394000
0(
#5857665000
b100 7
1(
#5857936000
0(
#5858207000
b101 7
1(
#5858478000
0(
#5858749000
b110 7
1(
#5859020000
0(
#5859291000
b111 7
1(
#5859562000
0(
#5859833000
b1000 7
1(
#5860104000
0(
#5860375000
b1001 7
1(
#5860646000
0(
#5860917000
b1010 7
1(
#5861188000
0(
#5861459000
b1011 7
1(
#5861730000
0(
#5862001000
11
b0 7
1(
#5862272000
0(
#5862543000
b1101 B
b101 K
01
b1 7
1(
#5862814000
0(
#5863085000
b10 7
1(
#5863356000
0(
#5863627000
b11 7
1(
#5863898000
0(
#5864169000
b100 7
1(
#5864440000
0(
#5864711000
b101 7
1(
#5864982000
0(
#5865253000
b110 7
1(
#5865524000
0(
#5865795000
b111 7
1(
#5866066000
0(
#5866337000
b1000 7
1(
#5866608000
0(
#5866879000
b1001 7
1(
#5867150000
0(
#5867421000
b1010 7
1(
#5867692000
0(
#5867963000
b1011 7
1(
#5868234000
0(
#5868505000
11
b0 7
1(
#5868776000
0(
#5869047000
b1110 B
b110 K
01
b1 7
1(
#5869318000
0(
#5869589000
b10 7
1(
#5869860000
0(
#5870131000
b11 7
1(
#5870402000
0(
#5870673000
b100 7
1(
#5870944000
0(
#5871215000
b101 7
1(
#5871486000
0(
#5871757000
b110 7
1(
#5872028000
0(
#5872299000
b111 7
1(
#5872570000
0(
#5872841000
b1000 7
1(
#5873112000
0(
#5873383000
b1001 7
1(
#5873654000
0(
#5873925000
b1010 7
1(
#5874196000
0(
#5874467000
b1011 7
1(
#5874738000
0(
#5875009000
11
b0 7
1(
#5875280000
0(
#5875551000
b1111 B
b111 K
01
b1 7
1(
#5875822000
0(
#5876093000
b10 7
1(
#5876364000
0(
#5876635000
b11 7
1(
#5876906000
0(
#5877177000
b100 7
1(
#5877448000
0(
#5877719000
b101 7
1(
#5877990000
0(
#5878261000
b110 7
1(
#5878532000
0(
#5878803000
b111 7
1(
#5879074000
0(
#5879345000
b1000 7
1(
#5879616000
0(
#5879887000
b1001 7
1(
#5880158000
0(
#5880429000
b1010 7
1(
#5880700000
0(
#5880971000
b1011 7
1(
#5881242000
0(
#5881513000
11
b0 7
1(
#5881784000
0(
#5882055000
b110 <
b0 B
b1000 K
01
b1 7
1(
#5882326000
0(
#5882597000
b10 7
1(
#5882868000
0(
#5883139000
b11 7
1(
#5883410000
0(
#5883681000
b100 7
1(
#5883952000
0(
#5884223000
b101 7
1(
#5884494000
0(
#5884765000
b110 7
1(
#5885036000
0(
#5885307000
b111 7
1(
#5885578000
0(
#5885849000
b1000 7
1(
#5886120000
0(
#5886391000
b1001 7
1(
#5886662000
0(
#5886933000
b1010 7
1(
#5887204000
0(
#5887475000
b1011 7
1(
#5887746000
0(
#5888017000
11
b0 7
1(
#5888288000
0(
#5888559000
b1 B
b1001 K
01
b1 7
1(
#5888830000
0(
#5889101000
b10 7
1(
#5889372000
0(
#5889643000
b11 7
1(
#5889914000
0(
#5890185000
b100 7
1(
#5890456000
0(
#5890727000
b101 7
1(
#5890998000
0(
#5891269000
b110 7
1(
#5891540000
0(
#5891811000
b111 7
1(
#5892082000
0(
#5892353000
b1000 7
1(
#5892624000
0(
#5892895000
b1001 7
1(
#5893166000
0(
#5893437000
b1010 7
1(
#5893708000
0(
#5893979000
b1011 7
1(
#5894250000
0(
#5894521000
11
b0 7
1(
#5894792000
0(
#5895063000
b10 B
b1010 K
01
b1 7
1(
#5895334000
0(
#5895605000
b10 7
1(
#5895876000
0(
#5896147000
b11 7
1(
#5896418000
0(
#5896689000
b100 7
1(
#5896960000
0(
#5897231000
b101 7
1(
#5897502000
0(
#5897773000
b110 7
1(
#5898044000
0(
#5898315000
b111 7
1(
#5898586000
0(
#5898857000
b1000 7
1(
#5899128000
0(
#5899399000
b1001 7
1(
#5899670000
0(
#5899941000
b1010 7
1(
#5900212000
0(
#5900483000
b1011 7
1(
#5900754000
0(
#5901025000
11
b0 7
1(
#5901296000
0(
#5901567000
b11 B
b1011 K
01
b1 7
1(
#5901838000
0(
#5902109000
b10 7
1(
#5902380000
0(
#5902651000
b11 7
1(
#5902922000
0(
#5903193000
b100 7
1(
#5903464000
0(
#5903735000
b101 7
1(
#5904006000
0(
#5904277000
b110 7
1(
#5904548000
0(
#5904819000
b111 7
1(
#5905090000
0(
#5905361000
b1000 7
1(
#5905632000
0(
#5905903000
b1001 7
1(
#5906174000
0(
#5906445000
b1010 7
1(
#5906716000
0(
#5906987000
b1011 7
1(
#5907258000
0(
#5907529000
11
b0 7
1(
#5907800000
0(
#5908071000
b100 B
b1100 K
01
b1 7
1(
#5908342000
0(
#5908613000
b10 7
1(
#5908884000
0(
#5909155000
b11 7
1(
#5909426000
0(
#5909697000
b100 7
1(
#5909968000
0(
#5910239000
b101 7
1(
#5910510000
0(
#5910781000
b110 7
1(
#5911052000
0(
#5911323000
b111 7
1(
#5911594000
0(
#5911865000
b1000 7
1(
#5912136000
0(
#5912407000
b1001 7
1(
#5912678000
0(
#5912949000
b1010 7
1(
#5913220000
0(
#5913491000
b1011 7
1(
#5913762000
0(
#5914033000
11
b0 7
1(
#5914304000
0(
#5914575000
b101 B
b1101 K
01
b1 7
1(
#5914846000
0(
#5915117000
b10 7
1(
#5915388000
0(
#5915659000
b11 7
1(
#5915930000
0(
#5916201000
b100 7
1(
#5916472000
0(
#5916743000
b101 7
1(
#5917014000
0(
#5917285000
b110 7
1(
#5917556000
0(
#5917827000
b111 7
1(
#5918098000
0(
#5918369000
b1000 7
1(
#5918640000
0(
#5918911000
b1001 7
1(
#5919182000
0(
#5919453000
b1010 7
1(
#5919724000
0(
#5919995000
b1011 7
1(
#5920266000
0(
#5920537000
11
b0 7
1(
#5920808000
0(
#5921079000
b110 B
b1110 K
01
b1 7
1(
#5921350000
0(
#5921621000
b10 7
1(
#5921892000
0(
#5922163000
b11 7
1(
#5922434000
0(
#5922705000
b100 7
1(
#5922976000
0(
#5923247000
b101 7
1(
#5923518000
0(
#5923789000
b110 7
1(
#5924060000
0(
#5924331000
b111 7
1(
#5924602000
0(
#5924873000
b1000 7
1(
#5925144000
0(
#5925415000
b1001 7
1(
#5925686000
0(
#5925957000
b1010 7
1(
#5926228000
0(
#5926499000
b1011 7
1(
#5926770000
0(
#5927041000
11
b0 7
1(
#5927312000
0(
#5927583000
b111 B
b1111 K
01
b1 7
1(
#5927854000
0(
#5928125000
b10 7
1(
#5928396000
0(
#5928667000
b11 7
1(
#5928938000
0(
#5929209000
b100 7
1(
#5929480000
0(
#5929751000
b101 7
1(
#5930022000
0(
#5930293000
b110 7
1(
#5930564000
0(
#5930835000
b111 7
1(
#5931106000
0(
#5931377000
b1000 7
1(
#5931648000
0(
#5931919000
b1001 7
1(
#5932190000
0(
#5932461000
b1010 7
1(
#5932732000
0(
#5933003000
b1011 7
1(
#5933274000
0(
#5933545000
11
b0 7
1(
#5933816000
0(
#5934087000
b1000 B
b110 H
b0 K
01
b1 7
1(
#5934358000
0(
#5934629000
b10 7
1"
1(
#5934900000
0(
#5935171000
1>
b11 7
1(
#5935442000
0(
#5935713000
b100 7
1?
1(
#5935984000
0(
#5936255000
b101 7
1(
#5936526000
0(
#5936797000
b110 7
1(
#5937068000
0(
#5937339000
b111 7
1(
#5937610000
0(
#5937881000
b1000 7
1(
#5938152000
0(
#5938423000
b1001 7
1(
#5938694000
0(
#5938965000
b1010 7
1(
#5939236000
0(
#5939507000
b1011 7
1(
#5939778000
0(
#5940049000
11
b0 7
1(
#5940320000
0(
#5940591000
b1001 B
b1 K
01
b1 7
1(
#5940862000
0(
#5941133000
b10 7
1(
#5941404000
0(
#5941675000
b11 7
1(
#5941946000
0(
#5942217000
b100 7
1(
#5942488000
0(
#5942759000
b101 7
1(
#5943030000
0(
#5943301000
b110 7
1(
#5943572000
0(
#5943843000
b111 7
1(
#5944114000
0(
#5944385000
b1000 7
1(
#5944656000
0(
#5944927000
b1001 7
1(
#5945198000
0(
#5945469000
b1010 7
1(
#5945740000
0(
#5946011000
b1011 7
1(
#5946282000
0(
#5946553000
11
b0 7
1(
#5946824000
0(
#5947095000
b1010 B
b10 K
01
b1 7
1(
#5947366000
0(
#5947637000
b10 7
1(
#5947908000
0(
#5948179000
b11 7
1(
#5948450000
0(
#5948721000
b100 7
1(
#5948992000
0(
#5949263000
b101 7
1(
#5949534000
0(
#5949805000
b110 7
1(
#5950076000
0(
#5950347000
b111 7
1(
#5950618000
0(
#5950889000
b1000 7
1(
#5951160000
0(
#5951431000
b1001 7
1(
#5951702000
0(
#5951973000
b1010 7
1(
#5952244000
0(
#5952515000
b1011 7
1(
#5952786000
0(
#5953057000
11
b0 7
1(
#5953328000
0(
#5953599000
b1011 B
b11 K
01
b1 7
1(
#5953870000
0(
#5954141000
b10 7
1(
#5954412000
0(
#5954683000
b11 7
1(
#5954954000
0(
#5955225000
b100 7
1(
#5955496000
0(
#5955767000
b101 7
1(
#5956038000
0(
#5956309000
b110 7
1(
#5956580000
0(
#5956851000
b111 7
1(
#5957122000
0(
#5957393000
b1000 7
1(
#5957664000
0(
#5957935000
b1001 7
1(
#5958206000
0(
#5958477000
b1010 7
1(
#5958748000
0(
#5959019000
b1011 7
1(
#5959290000
0(
#5959561000
11
b0 7
1(
#5959832000
0(
#5960103000
b1100 B
b100 K
01
b1 7
1(
#5960374000
0(
#5960645000
b10 7
1(
#5960916000
0(
#5961187000
b11 7
1(
#5961458000
0(
#5961729000
b100 7
1(
#5962000000
0(
#5962271000
b101 7
1(
#5962542000
0(
#5962813000
b110 7
1(
#5963084000
0(
#5963355000
b111 7
1(
#5963626000
0(
#5963897000
b1000 7
1(
#5964168000
0(
#5964439000
b1001 7
1(
#5964710000
0(
#5964981000
b1010 7
1(
#5965252000
0(
#5965523000
b1011 7
1(
#5965794000
0(
#5966065000
11
b0 7
1(
#5966336000
0(
#5966607000
b1101 B
b101 K
01
b1 7
1(
#5966878000
0(
#5967149000
b10 7
1(
#5967420000
0(
#5967691000
b11 7
1(
#5967962000
0(
#5968233000
b100 7
1(
#5968504000
0(
#5968775000
b101 7
1(
#5969046000
0(
#5969317000
b110 7
1(
#5969588000
0(
#5969859000
b111 7
1(
#5970130000
0(
#5970401000
b1000 7
1(
#5970672000
0(
#5970943000
b1001 7
1(
#5971214000
0(
#5971485000
b1010 7
1(
#5971756000
0(
#5972027000
b1011 7
1(
#5972298000
0(
#5972569000
11
b0 7
1(
#5972840000
0(
#5973111000
b1110 B
b110 K
01
b1 7
1(
#5973382000
0(
#5973653000
b10 7
1(
#5973924000
0(
#5974195000
b11 7
1(
#5974466000
0(
#5974737000
b100 7
1(
#5975008000
0(
#5975279000
b101 7
1(
#5975550000
0(
#5975821000
b110 7
1(
#5976092000
0(
#5976363000
b111 7
1(
#5976634000
0(
#5976905000
b1000 7
1(
#5977176000
0(
#5977447000
b1001 7
1(
#5977718000
0(
#5977989000
b1010 7
1(
#5978260000
0(
#5978531000
b1011 7
1(
#5978802000
0(
#5979073000
11
b0 7
1(
#5979344000
0(
#5979615000
b1111 B
b111 K
01
b1 7
1(
#5979886000
0(
#5980157000
b10 7
1(
#5980428000
0(
#5980699000
b11 7
1(
#5980970000
0(
#5981241000
b100 7
1(
#5981512000
0(
#5981783000
b101 7
1(
#5982054000
0(
#5982325000
b110 7
1(
#5982596000
0(
#5982867000
b111 7
1(
#5983138000
0(
#5983409000
b1000 7
1(
#5983680000
0(
#5983951000
b1001 7
1(
#5984222000
0(
#5984493000
b1010 7
1(
#5984764000
0(
#5985035000
b1011 7
1(
#5985306000
0(
#5985577000
11
b0 7
1(
#5985848000
0(
#5986119000
b111 <
b0 B
b1000 K
01
b1 7
1(
#5986390000
0(
#5986661000
b10 7
1(
#5986932000
0(
#5987203000
b11 7
1(
#5987474000
0(
#5987745000
b100 7
1(
#5988016000
0(
#5988287000
b101 7
1(
#5988558000
0(
#5988829000
b110 7
1(
#5989100000
0(
#5989371000
b111 7
1(
#5989642000
0(
#5989913000
b1000 7
1(
#5990184000
0(
#5990455000
b1001 7
1(
#5990726000
0(
#5990997000
b1010 7
1(
#5991268000
0(
#5991539000
b1011 7
1(
#5991810000
0(
#5992081000
11
b0 7
1(
#5992352000
0(
#5992623000
b1 B
b1001 K
01
b1 7
1(
#5992894000
0(
#5993165000
b10 7
1(
#5993436000
0(
#5993707000
b11 7
1(
#5993978000
0(
#5994249000
b100 7
1(
#5994520000
0(
#5994791000
b101 7
1(
#5995062000
0(
#5995333000
b110 7
1(
#5995604000
0(
#5995875000
b111 7
1(
#5996146000
0(
#5996417000
b1000 7
1(
#5996688000
0(
#5996959000
b1001 7
1(
#5997230000
0(
#5997501000
b1010 7
1(
#5997772000
0(
#5998043000
b1011 7
1(
#5998314000
0(
#5998585000
11
b0 7
1(
#5998856000
0(
#5999127000
b10 B
b1010 K
01
b1 7
1(
#5999398000
0(
#5999669000
b10 7
1(
#5999940000
0(
#6000211000
b11 7
1(
#6000482000
0(
#6000753000
b100 7
1(
#6001024000
0(
#6001295000
b101 7
1(
#6001566000
0(
#6001837000
b110 7
1(
#6002108000
0(
#6002379000
b111 7
1(
#6002650000
0(
#6002921000
b1000 7
1(
#6003192000
0(
#6003463000
b1001 7
1(
#6003734000
0(
#6004005000
b1010 7
1(
#6004276000
0(
#6004547000
b1011 7
1(
#6004818000
0(
#6005089000
11
b0 7
1(
#6005360000
0(
#6005631000
b11 B
b1011 K
01
b1 7
1(
#6005902000
0(
#6006173000
b10 7
1(
#6006444000
0(
#6006715000
b11 7
1(
#6006986000
0(
#6007257000
b100 7
1(
#6007528000
0(
#6007799000
b101 7
1(
#6008070000
0(
#6008341000
b110 7
1(
#6008612000
0(
#6008883000
b111 7
1(
#6009154000
0(
#6009425000
b1000 7
1(
#6009696000
0(
#6009967000
b1001 7
1(
#6010238000
0(
#6010509000
b1010 7
1(
#6010780000
0(
#6011051000
b1011 7
1(
#6011322000
0(
#6011593000
11
b0 7
1(
#6011864000
0(
#6012135000
b100 B
b1100 K
01
b1 7
1(
#6012406000
0(
#6012677000
b10 7
1(
#6012948000
0(
#6013219000
b11 7
1(
#6013490000
0(
#6013761000
b100 7
1(
#6014032000
0(
#6014303000
b101 7
1(
#6014574000
0(
#6014845000
b110 7
1(
#6015116000
0(
#6015387000
b111 7
1(
#6015658000
0(
#6015929000
b1000 7
1(
#6016200000
0(
#6016471000
b1001 7
1(
#6016742000
0(
#6017013000
b1010 7
1(
#6017284000
0(
#6017555000
b1011 7
1(
#6017826000
0(
#6018097000
11
b0 7
1(
#6018368000
0(
#6018639000
b101 B
b1101 K
01
b1 7
1(
#6018910000
0(
#6019181000
b10 7
1(
#6019452000
0(
#6019723000
b11 7
1(
#6019994000
0(
#6020265000
b100 7
1(
#6020536000
0(
#6020807000
b101 7
1(
#6021078000
0(
#6021349000
b110 7
1(
#6021620000
0(
#6021891000
b111 7
1(
#6022162000
0(
#6022433000
b1000 7
1(
#6022704000
0(
#6022975000
b1001 7
1(
#6023246000
0(
#6023517000
b1010 7
1(
#6023788000
0(
#6024059000
b1011 7
1(
#6024330000
0(
#6024601000
11
b0 7
1(
#6024872000
0(
#6025143000
b110 B
b1110 K
01
b1 7
1(
#6025414000
0(
#6025685000
b10 7
1(
#6025956000
0(
#6026227000
b11 7
1(
#6026498000
0(
#6026769000
b100 7
1(
#6027040000
0(
#6027311000
b101 7
1(
#6027582000
0(
#6027853000
b110 7
1(
#6028124000
0(
#6028395000
b111 7
1(
#6028666000
0(
#6028937000
b1000 7
1(
#6029208000
0(
#6029479000
b1001 7
1(
#6029750000
0(
#6030021000
b1010 7
1(
#6030292000
0(
#6030563000
b1011 7
1(
#6030834000
0(
#6031105000
11
b0 7
1(
#6031376000
0(
#6031647000
b111 B
b1111 K
01
b1 7
1(
#6031918000
0(
#6032189000
b10 7
1(
#6032460000
0(
#6032731000
b11 7
1(
#6033002000
0(
#6033273000
b100 7
1(
#6033544000
0(
#6033815000
b101 7
1(
#6034086000
0(
#6034357000
b110 7
1(
#6034628000
0(
#6034899000
b111 7
1(
#6035170000
0(
#6035441000
b1000 7
1(
#6035712000
0(
#6035983000
b1001 7
1(
#6036254000
0(
#6036525000
b1010 7
1(
#6036796000
0(
#6037067000
b1011 7
1(
#6037338000
0(
#6037609000
11
b0 7
1(
#6037880000
0(
#6038151000
b1000 B
b111 H
b0 K
01
b1 7
1(
#6038422000
0(
#6038693000
b10 7
0"
1(
#6038964000
0(
#6039235000
0>
b11 7
1(
#6039506000
0(
#6039777000
b100 7
0?
1(
#6040048000
0(
#6040319000
b101 7
1(
#6040590000
0(
#6040861000
b110 7
1(
#6041132000
0(
#6041403000
b111 7
1(
#6041674000
0(
#6041945000
b1000 7
1(
#6042216000
0(
#6042487000
b1001 7
1(
#6042758000
0(
#6043029000
b1010 7
1(
#6043300000
0(
#6043571000
b1011 7
1(
#6043842000
0(
#6044113000
11
b0 7
1(
#6044384000
0(
#6044655000
b1001 B
b1 K
01
b1 7
1(
#6044926000
0(
#6045197000
b10 7
1(
#6045468000
0(
#6045739000
b11 7
1(
#6046010000
0(
#6046281000
b100 7
1(
#6046552000
0(
#6046823000
b101 7
1(
#6047094000
0(
#6047365000
b110 7
1(
#6047636000
0(
#6047907000
b111 7
1(
#6048178000
0(
#6048449000
b1000 7
1(
#6048720000
0(
#6048991000
b1001 7
1(
#6049262000
0(
#6049533000
b1010 7
1(
#6049804000
0(
#6050075000
b1011 7
1(
#6050346000
0(
#6050617000
11
b0 7
1(
#6050888000
0(
#6051159000
b1010 B
b10 K
01
b1 7
1(
#6051430000
0(
#6051701000
b10 7
1(
#6051972000
0(
#6052243000
b11 7
1(
#6052514000
0(
#6052785000
b100 7
1(
#6053056000
0(
#6053327000
b101 7
1(
#6053598000
0(
#6053869000
b110 7
1(
#6054140000
0(
#6054411000
b111 7
1(
#6054682000
0(
#6054953000
b1000 7
1(
#6055224000
0(
#6055495000
b1001 7
1(
#6055766000
0(
#6056037000
b1010 7
1(
#6056308000
0(
#6056579000
b1011 7
1(
#6056850000
0(
#6057121000
11
b0 7
1(
#6057392000
0(
#6057663000
b1011 B
b11 K
01
b1 7
1(
#6057934000
0(
#6058205000
b10 7
1(
#6058476000
0(
#6058747000
b11 7
1(
#6059018000
0(
#6059289000
b100 7
1(
#6059560000
0(
#6059831000
b101 7
1(
#6060102000
0(
#6060373000
b110 7
1(
#6060644000
0(
#6060915000
b111 7
1(
#6061186000
0(
#6061457000
b1000 7
1(
#6061728000
0(
#6061999000
b1001 7
1(
#6062270000
0(
#6062541000
b1010 7
1(
#6062812000
0(
#6063083000
b1011 7
1(
#6063354000
0(
#6063625000
11
b0 7
1(
#6063896000
0(
#6064167000
b1100 B
b100 K
01
b1 7
1(
#6064438000
0(
#6064709000
b10 7
1(
#6064980000
0(
#6065251000
b11 7
1(
#6065522000
0(
#6065793000
b100 7
1(
#6066064000
0(
#6066335000
b101 7
1(
#6066606000
0(
#6066877000
b110 7
1(
#6067148000
0(
#6067419000
b111 7
1(
#6067690000
0(
#6067961000
b1000 7
1(
#6068232000
0(
#6068503000
b1001 7
1(
#6068774000
0(
#6069045000
b1010 7
1(
#6069316000
0(
#6069587000
b1011 7
1(
#6069858000
0(
#6070129000
11
b0 7
1(
#6070400000
0(
#6070671000
b1101 B
b101 K
01
b1 7
1(
#6070942000
0(
#6071213000
b10 7
1(
#6071484000
0(
#6071755000
b11 7
1(
#6072026000
0(
#6072297000
b100 7
1(
#6072568000
0(
#6072839000
b101 7
1(
#6073110000
0(
#6073381000
b110 7
1(
#6073652000
0(
#6073923000
b111 7
1(
#6074194000
0(
#6074465000
b1000 7
1(
#6074736000
0(
#6075007000
b1001 7
1(
#6075278000
0(
#6075549000
b1010 7
1(
#6075820000
0(
#6076091000
b1011 7
1(
#6076362000
0(
#6076633000
11
b0 7
1(
#6076904000
0(
#6077175000
b1110 B
b110 K
01
b1 7
1(
#6077446000
0(
#6077717000
b10 7
1(
#6077988000
0(
#6078259000
b11 7
1(
#6078530000
0(
#6078801000
b100 7
1(
#6079072000
0(
#6079343000
b101 7
1(
#6079614000
0(
#6079885000
b110 7
1(
#6080156000
0(
#6080427000
b111 7
1(
#6080698000
0(
#6080969000
b1000 7
1(
#6081240000
0(
#6081511000
b1001 7
1(
#6081782000
0(
#6082053000
b1010 7
1(
#6082324000
0(
#6082595000
b1011 7
1(
#6082866000
0(
#6083137000
11
b0 7
1(
#6083408000
0(
#6083679000
b1111 B
b111 K
01
b1 7
1(
#6083950000
0(
#6084221000
b10 7
1(
#6084492000
0(
#6084763000
b11 7
1(
#6085034000
0(
#6085305000
b100 7
1(
#6085576000
0(
#6085847000
b101 7
1(
#6086118000
0(
#6086389000
b110 7
1(
#6086660000
0(
#6086931000
b111 7
1(
#6087202000
0(
#6087473000
b1000 7
1(
#6087744000
0(
#6088015000
b1001 7
1(
#6088286000
0(
#6088557000
b1010 7
1(
#6088828000
0(
#6089099000
b1011 7
1(
#6089370000
0(
#6089641000
11
b0 7
1(
#6089912000
0(
#6090183000
b11 A
b0 B
b1000 K
01
b1 7
1(
#6090454000
0(
#6090725000
b10 7
1(
#6090996000
0(
#6091267000
b11 7
1(
#6091538000
0(
#6091809000
b100 7
1(
#6092080000
0(
#6092351000
b101 7
1(
#6092622000
0(
#6092893000
b110 7
1(
#6093164000
0(
#6093435000
b111 7
1(
#6093706000
0(
#6093977000
b1000 7
1(
#6094248000
0(
#6094519000
b1001 7
1(
#6094790000
0(
#6095061000
b1010 7
1(
#6095332000
0(
#6095603000
b1011 7
1(
#6095874000
0(
#6096145000
11
b0 7
1(
#6096416000
0(
#6096687000
b1 B
b1001 K
01
b1 7
1(
#6096958000
0(
#6097229000
b10 7
1(
#6097500000
0(
#6097771000
b11 7
1(
#6098042000
0(
#6098313000
b100 7
1(
#6098584000
0(
#6098855000
b101 7
1(
#6099126000
0(
#6099397000
b110 7
1(
#6099668000
0(
#6099939000
b111 7
1(
#6100210000
0(
#6100481000
b1000 7
1(
#6100752000
0(
#6101023000
b1001 7
1(
#6101294000
0(
#6101565000
b1010 7
1(
#6101836000
0(
#6102107000
b1011 7
1(
#6102378000
0(
#6102649000
11
b0 7
1(
#6102920000
0(
#6103191000
b10 B
b1010 K
01
b1 7
1(
#6103462000
0(
#6103733000
b10 7
1(
#6104004000
0(
#6104275000
b11 7
1(
#6104546000
0(
#6104817000
b100 7
1(
#6105088000
0(
#6105359000
b101 7
1(
#6105630000
0(
#6105901000
b110 7
1(
#6106172000
0(
#6106443000
b111 7
1(
#6106714000
0(
#6106985000
b1000 7
1(
#6107256000
0(
#6107527000
b1001 7
1(
#6107798000
0(
#6108069000
b1010 7
1(
#6108340000
0(
#6108611000
b1011 7
1(
#6108882000
0(
#6109153000
11
b0 7
1(
#6109424000
0(
#6109695000
b11 B
b1011 K
01
b1 7
1(
#6109966000
0(
#6110237000
b10 7
1(
#6110508000
0(
#6110779000
b11 7
1(
#6111050000
0(
#6111321000
b100 7
1(
#6111592000
0(
#6111863000
b101 7
1(
#6112134000
0(
#6112405000
b110 7
1(
#6112676000
0(
#6112947000
b111 7
1(
#6113218000
0(
#6113489000
b1000 7
1(
#6113760000
0(
#6114031000
b1001 7
1(
#6114302000
0(
#6114573000
b1010 7
1(
#6114844000
0(
#6115115000
b1011 7
1(
#6115386000
0(
#6115657000
11
b0 7
1(
#6115928000
0(
#6116199000
b100 B
b1100 K
01
b1 7
1(
#6116470000
0(
#6116741000
b10 7
1(
#6117012000
0(
#6117283000
b11 7
1(
#6117554000
0(
#6117825000
b100 7
1(
#6118096000
0(
#6118367000
b101 7
1(
#6118638000
0(
#6118909000
b110 7
1(
#6119180000
0(
#6119451000
b111 7
1(
#6119722000
0(
#6119993000
b1000 7
1(
#6120264000
0(
#6120535000
b1001 7
1(
#6120806000
0(
#6121077000
b1010 7
1(
#6121348000
0(
#6121619000
b1011 7
1(
#6121890000
0(
#6122161000
11
b0 7
1(
#6122432000
0(
#6122703000
b101 B
b1101 K
01
b1 7
1(
#6122974000
0(
#6123245000
b10 7
1(
#6123516000
0(
#6123787000
b11 7
1(
#6124058000
0(
#6124329000
b100 7
1(
#6124600000
0(
#6124871000
b101 7
1(
#6125142000
0(
#6125413000
b110 7
1(
#6125684000
0(
#6125955000
b111 7
1(
#6126226000
0(
#6126497000
b1000 7
1(
#6126768000
0(
#6127039000
b1001 7
1(
#6127310000
0(
#6127581000
b1010 7
1(
#6127852000
0(
#6128123000
b1011 7
1(
#6128394000
0(
#6128665000
11
b0 7
1(
#6128936000
0(
#6129207000
b110 B
b1110 K
01
b1 7
1(
#6129478000
0(
#6129749000
b10 7
1(
#6130020000
0(
#6130291000
b11 7
1(
#6130562000
0(
#6130833000
b100 7
1(
#6131104000
0(
#6131375000
b101 7
1(
#6131646000
0(
#6131917000
b110 7
1(
#6132188000
0(
#6132459000
b111 7
1(
#6132730000
0(
#6133001000
b1000 7
1(
#6133272000
0(
#6133543000
b1001 7
1(
#6133814000
0(
#6134085000
b1010 7
1(
#6134356000
0(
#6134627000
b1011 7
1(
#6134898000
0(
#6135169000
11
b0 7
1(
#6135440000
0(
#6135711000
b111 B
b1111 K
01
b1 7
1(
#6135982000
0(
#6136253000
b10 7
1(
#6136524000
0(
#6136795000
b11 7
1(
#6137066000
0(
#6137337000
b100 7
1(
#6137608000
0(
#6137879000
b101 7
1(
#6138150000
0(
#6138421000
b110 7
1(
#6138692000
0(
#6138963000
b111 7
1(
#6139234000
0(
#6139505000
b1000 7
1(
#6139776000
0(
#6140047000
b1001 7
1(
#6140318000
0(
#6140589000
b1010 7
1(
#6140860000
0(
#6141131000
b1011 7
1(
#6141402000
0(
#6141673000
11
b0 7
1(
#6141944000
0(
#6142215000
b1000 B
b11 J
b0 K
01
b1 7
1(
#6142486000
0(
#6142757000
b10 7
1"
1(
#6143028000
0(
#6143299000
1>
b11 7
1(
#6143570000
0(
#6143841000
b100 7
1?
1(
#6144112000
0(
#6144383000
b101 7
1(
#6144654000
0(
#6144925000
b110 7
1(
#6145196000
0(
#6145467000
b111 7
1(
#6145738000
0(
#6146009000
b1000 7
1(
#6146280000
0(
#6146551000
b1001 7
1(
#6146822000
0(
#6147093000
b1010 7
1(
#6147364000
0(
#6147635000
b1011 7
1(
#6147906000
0(
#6148177000
11
b0 7
1(
#6148448000
0(
#6148719000
b1001 B
b1 K
01
b1 7
1(
#6148990000
0(
#6149261000
b10 7
1(
#6149532000
0(
#6149803000
b11 7
1(
#6150074000
0(
#6150345000
b100 7
1(
#6150616000
0(
#6150887000
b101 7
1(
#6151158000
0(
#6151429000
b110 7
1(
#6151700000
0(
#6151971000
b111 7
1(
#6152242000
0(
#6152513000
b1000 7
1(
#6152784000
0(
#6153055000
b1001 7
1(
#6153326000
0(
#6153597000
b1010 7
1(
#6153868000
0(
#6154139000
b1011 7
1(
#6154410000
0(
#6154681000
11
b0 7
1(
#6154952000
0(
#6155223000
b1010 B
b10 K
01
b1 7
1(
#6155494000
0(
#6155765000
b10 7
1(
#6156036000
0(
#6156307000
b11 7
1(
#6156578000
0(
#6156849000
b100 7
1(
#6157120000
0(
#6157391000
b101 7
1(
#6157662000
0(
#6157933000
b110 7
1(
#6158204000
0(
#6158475000
b111 7
1(
#6158746000
0(
#6159017000
b1000 7
1(
#6159288000
0(
#6159559000
b1001 7
1(
#6159830000
0(
#6160101000
b1010 7
1(
#6160372000
0(
#6160643000
b1011 7
1(
#6160914000
0(
#6161185000
11
b0 7
1(
#6161456000
0(
#6161727000
b1011 B
b11 K
01
b1 7
1(
#6161998000
0(
#6162269000
b10 7
1(
#6162540000
0(
#6162811000
b11 7
1(
#6163082000
0(
#6163353000
b100 7
1(
#6163624000
0(
#6163895000
b101 7
1(
#6164166000
0(
#6164437000
b110 7
1(
#6164708000
0(
#6164979000
b111 7
1(
#6165250000
0(
#6165521000
b1000 7
1(
#6165792000
0(
#6166063000
b1001 7
1(
#6166334000
0(
#6166605000
b1010 7
1(
#6166876000
0(
#6167147000
b1011 7
1(
#6167418000
0(
#6167689000
11
b0 7
1(
#6167960000
0(
#6168231000
b1100 B
b100 K
01
b1 7
1(
#6168502000
0(
#6168773000
b10 7
1(
#6169044000
0(
#6169315000
b11 7
1(
#6169586000
0(
#6169857000
b100 7
1(
#6170128000
0(
#6170399000
b101 7
1(
#6170670000
0(
#6170941000
b110 7
1(
#6171212000
0(
#6171483000
b111 7
1(
#6171754000
0(
#6172025000
b1000 7
1(
#6172296000
0(
#6172567000
b1001 7
1(
#6172838000
0(
#6173109000
b1010 7
1(
#6173380000
0(
#6173651000
b1011 7
1(
#6173922000
0(
#6174193000
11
b0 7
1(
#6174464000
0(
#6174735000
b1101 B
b101 K
01
b1 7
1(
#6175006000
0(
#6175277000
b10 7
1(
#6175548000
0(
#6175819000
b11 7
1(
#6176090000
0(
#6176361000
b100 7
1(
#6176632000
0(
#6176903000
b101 7
1(
#6177174000
0(
#6177445000
b110 7
1(
#6177716000
0(
#6177987000
b111 7
1(
#6178258000
0(
#6178529000
b1000 7
1(
#6178800000
0(
#6179071000
b1001 7
1(
#6179342000
0(
#6179613000
b1010 7
1(
#6179884000
0(
#6180155000
b1011 7
1(
#6180426000
0(
#6180697000
11
b0 7
1(
#6180968000
0(
#6181239000
b1110 B
b110 K
01
b1 7
1(
#6181510000
0(
#6181781000
b10 7
1(
#6182052000
0(
#6182323000
b11 7
1(
#6182594000
0(
#6182865000
b100 7
1(
#6183136000
0(
#6183407000
b101 7
1(
#6183678000
0(
#6183949000
b110 7
1(
#6184220000
0(
#6184491000
b111 7
1(
#6184762000
0(
#6185033000
b1000 7
1(
#6185304000
0(
#6185575000
b1001 7
1(
#6185846000
0(
#6186117000
b1010 7
1(
#6186388000
0(
#6186659000
b1011 7
1(
#6186930000
0(
#6187201000
11
b0 7
1(
#6187472000
0(
#6187743000
b1111 B
b111 K
01
b1 7
1(
#6188014000
0(
#6188285000
b10 7
1(
#6188556000
0(
#6188827000
b11 7
1(
#6189098000
0(
#6189369000
b100 7
1(
#6189640000
0(
#6189911000
b101 7
1(
#6190182000
0(
#6190453000
b110 7
1(
#6190724000
0(
#6190995000
b111 7
1(
#6191266000
0(
#6191537000
b1000 7
1(
#6191808000
0(
#6192079000
b1001 7
1(
#6192350000
0(
#6192621000
b1010 7
1(
#6192892000
0(
#6193163000
b1011 7
1(
#6193434000
0(
#6193705000
11
b0 7
1(
#6193976000
0(
#6194247000
b111 -
b0 A
1#
b1001001 $
b1001001 0
b1001001 =
b0 B
b1000 K
01
b1 7
1(
#6194518000
0(
#6194789000
b10 7
0#
1(
#6195060000
0(
#6195331000
b11 7
1(
#6195602000
0(
#6195873000
b100 7
1(
#6196144000
0(
#6196415000
b101 7
1(
#6196686000
0(
#6196957000
b110 7
1(
#6197228000
0(
#6197499000
b111 7
1(
#6197770000
0(
#6198041000
b1000 7
1(
#6198312000
0(
#6198583000
b1001 7
1(
#6198854000
0(
#6199125000
b1010 7
1(
#6199396000
0(
#6199667000
b1011 7
1(
#6199938000
0(
#6200209000
11
b0 7
1(
#6200480000
0(
#6200751000
b1001 K
01
b1 7
1(
#6201022000
0(
#6201293000
b10 7
1(
#6201564000
0(
#6201835000
b11 7
1(
#6202106000
0(
#6202377000
b100 7
1(
#6202648000
0(
#6202919000
b101 7
1(
#6203190000
0(
#6203461000
b110 7
1(
#6203732000
0(
#6204003000
b111 7
1(
#6204274000
0(
#6204545000
b1000 7
1(
#6204816000
0(
#6205087000
b1001 7
1(
#6205358000
0(
#6205629000
b1010 7
1(
#6205900000
0(
#6206171000
b1011 7
1(
#6206442000
0(
#6206713000
11
b0 7
1(
#6206984000
0(
#6207255000
b1010 K
01
b1 7
1(
#6207526000
0(
#6207797000
b10 7
1(
#6208068000
0(
#6208339000
b11 7
1(
#6208610000
0(
#6208881000
b100 7
1(
#6209152000
0(
#6209423000
b101 7
1(
#6209694000
0(
#6209965000
b110 7
1(
#6210236000
0(
#6210507000
b111 7
1(
#6210778000
0(
#6211049000
b1000 7
1(
#6211320000
0(
#6211591000
b1001 7
1(
#6211862000
0(
#6212133000
b1010 7
1(
#6212404000
0(
#6212675000
b1011 7
1(
#6212946000
0(
#6213217000
11
b0 7
1(
#6213488000
0(
#6213759000
b1011 K
01
b1 7
1(
#6214030000
0(
#6214301000
b10 7
1(
#6214572000
0(
#6214843000
b11 7
1(
#6215114000
0(
#6215385000
b100 7
1(
#6215656000
0(
#6215927000
b101 7
1(
#6216198000
0(
#6216469000
b110 7
1(
#6216740000
0(
#6217011000
b111 7
1(
#6217282000
0(
#6217553000
b1000 7
1(
#6217824000
0(
#6218095000
b1001 7
1(
#6218366000
0(
#6218637000
b1010 7
1(
#6218908000
0(
#6219179000
b1011 7
1(
#6219450000
0(
#6219721000
11
b0 7
1(
#6219992000
0(
#6220263000
b1100 K
01
b1 7
1(
#6220534000
0(
#6220805000
b10 7
1(
#6221076000
0(
#6221347000
b11 7
1(
#6221618000
0(
#6221889000
b100 7
1(
#6222160000
0(
#6222431000
b101 7
1(
#6222702000
0(
#6222973000
b110 7
1(
#6223244000
0(
#6223515000
b111 7
1(
#6223786000
0(
#6224057000
b1000 7
1(
#6224328000
0(
#6224599000
b1001 7
1(
#6224870000
0(
#6225141000
b1010 7
1(
#6225412000
0(
#6225683000
b1011 7
1(
#6225954000
0(
#6226225000
11
b0 7
1(
#6226496000
0(
#6226767000
b1101 K
01
b1 7
1(
#6227038000
0(
#6227309000
b10 7
1(
#6227580000
0(
#6227851000
b11 7
1(
#6228122000
0(
#6228393000
b100 7
1(
#6228664000
0(
#6228935000
b101 7
1(
#6229206000
0(
#6229477000
b110 7
1(
#6229748000
0(
#6230019000
b111 7
1(
#6230290000
0(
#6230561000
b1000 7
1(
#6230832000
0(
#6231103000
b1001 7
1(
#6231374000
0(
#6231645000
b1010 7
1(
#6231916000
0(
#6232187000
b1011 7
1(
#6232458000
0(
#6232729000
11
b0 7
1(
#6233000000
0(
#6233271000
b1110 K
01
b1 7
1(
#6233542000
0(
#6233813000
b10 7
1(
#6234084000
0(
#6234355000
b11 7
1(
#6234626000
0(
#6234897000
b100 7
1(
#6235168000
0(
#6235439000
b101 7
1(
#6235710000
0(
#6235981000
b110 7
1(
#6236252000
0(
#6236523000
b111 7
1(
#6236794000
0(
#6237065000
b1000 7
1(
#6237336000
0(
#6237607000
b1001 7
1(
#6237878000
0(
#6238149000
b1010 7
1(
#6238420000
0(
#6238691000
b1011 7
1(
#6238962000
0(
#6239233000
11
b0 7
1(
#6239504000
0(
#6239775000
b1111 K
01
b1 7
1(
#6240046000
0(
#6240317000
b10 7
1(
#6240588000
0(
#6240859000
b11 7
1(
#6241130000
0(
#6241401000
b100 7
1(
#6241672000
0(
#6241943000
b101 7
1(
#6242214000
0(
#6242485000
b110 7
1(
#6242756000
0(
#6243027000
b111 7
1(
#6243298000
0(
#6243569000
b1000 7
1(
#6243840000
0(
#6244111000
b1001 7
1(
#6244382000
0(
#6244653000
b1010 7
1(
#6244924000
0(
#6245195000
b1011 7
1(
#6245466000
0(
#6245737000
11
b0 7
1(
#6246008000
0(
#6246279000
b0 J
0!
b0 K
01
b1 7
1(
#6246550000
0(
#6246821000
b10 7
b1000 .
1(
#6247092000
0(
#6247363000
b11 7
b1011000 *
b1011000 /
b1011000 C
1+
1(
#6247634000
0(
#6247905000
b100 7
b1 J
1!
b1011000 I
b1011001 *
b1011001 /
b1011001 C
1(
#6248176000
0(
#6248447000
0"
b101 7
0+
1(
#6248718000
0(
#6248989000
b110 7
0>
1(
#6249260000
0(
#6249531000
0?
b111 7
1(
#6249802000
0(
#6250073000
b1000 7
b1 A
1(
#6250344000
0(
#6250615000
b1001 7
1(
#6250886000
0(
#6251157000
b1010 7
1(
#6251428000
0(
#6251699000
b1011 7
1(
#6251970000
0(
#6252241000
11
b0 7
1(
#6252512000
0(
#6252783000
b1 B
b1 K
01
b1 7
1(
#6253054000
0(
#6253325000
b10 7
1(
#6253596000
0(
#6253867000
b11 7
1(
#6254138000
0(
#6254409000
b100 7
1(
#6254680000
0(
#6254951000
b101 7
1(
#6255222000
0(
#6255493000
b110 7
1(
#6255764000
0(
#6256035000
b111 7
1(
#6256306000
0(
#6256577000
b1000 7
1(
#6256848000
0(
#6257119000
b1001 7
1(
#6257390000
0(
#6257661000
b1010 7
1(
#6257932000
0(
#6258203000
b1011 7
1(
#6258474000
0(
#6258745000
11
b0 7
1(
#6259016000
0(
#6259287000
b10 B
b10 K
01
b1 7
1(
#6259558000
0(
#6259829000
b10 7
1(
#6260100000
0(
#6260371000
b11 7
1(
#6260642000
0(
#6260913000
b100 7
1(
#6261184000
0(
#6261455000
b101 7
1(
#6261726000
0(
#6261997000
b110 7
1(
#6262268000
0(
#6262539000
b111 7
1(
#6262810000
0(
#6263081000
b1000 7
1(
#6263352000
0(
#6263623000
b1001 7
1(
#6263894000
0(
#6264165000
b1010 7
1(
#6264436000
0(
#6264707000
b1011 7
1(
#6264978000
0(
#6265249000
11
b0 7
1(
#6265520000
0(
#6265791000
b11 B
b11 K
01
b1 7
1(
#6266062000
0(
#6266333000
b10 7
1(
#6266604000
0(
#6266875000
b11 7
1(
#6267146000
0(
#6267417000
b100 7
1(
#6267688000
0(
#6267959000
b101 7
1(
#6268230000
0(
#6268501000
b110 7
1(
#6268772000
0(
#6269043000
b111 7
1(
#6269314000
0(
#6269585000
b1000 7
1(
#6269856000
0(
#6270127000
b1001 7
1(
#6270398000
0(
#6270669000
b1010 7
1(
#6270940000
0(
#6271211000
b1011 7
1(
#6271482000
0(
#6271753000
11
b0 7
1(
#6272024000
0(
#6272295000
b100 B
b100 K
01
b1 7
1(
#6272566000
0(
#6272837000
b10 7
1(
#6273108000
0(
#6273379000
b11 7
1(
#6273650000
0(
#6273921000
b100 7
1(
#6274192000
0(
#6274463000
b101 7
1(
#6274734000
0(
#6275005000
b110 7
1(
#6275276000
0(
#6275547000
b111 7
1(
#6275818000
0(
#6276089000
b1000 7
1(
#6276360000
0(
#6276631000
b1001 7
1(
#6276902000
0(
#6277173000
b1010 7
1(
#6277444000
0(
#6277715000
b1011 7
1(
#6277986000
0(
#6278257000
11
b0 7
1(
#6278528000
0(
#6278799000
b101 B
b101 K
01
b1 7
1(
#6279070000
0(
#6279341000
b10 7
1(
#6279612000
0(
#6279883000
b11 7
1(
#6280154000
0(
#6280425000
b100 7
1(
#6280696000
0(
#6280967000
b101 7
1(
#6281238000
0(
#6281509000
b110 7
1(
#6281780000
0(
#6282051000
b111 7
1(
#6282322000
0(
#6282593000
b1000 7
1(
#6282864000
0(
#6283135000
b1001 7
1(
#6283406000
0(
#6283677000
b1010 7
1(
#6283948000
0(
#6284219000
b1011 7
1(
#6284490000
0(
#6284761000
11
b0 7
1(
#6285032000
0(
#6285303000
b110 B
b110 K
01
b1 7
1(
#6285574000
0(
#6285845000
b10 7
1(
#6286116000
0(
#6286387000
b11 7
1(
#6286658000
0(
#6286929000
b100 7
1(
#6287200000
0(
#6287471000
b101 7
1(
#6287742000
0(
#6288013000
b110 7
1(
#6288284000
0(
#6288555000
b111 7
1(
#6288826000
0(
#6289097000
b1000 7
1(
#6289368000
0(
#6289639000
b1001 7
1(
#6289910000
0(
#6290181000
b1010 7
1(
#6290452000
0(
#6290723000
b1011 7
1(
#6290994000
0(
#6291265000
11
b0 7
1(
#6291536000
0(
#6291807000
b111 B
b111 K
01
b1 7
1(
#6292078000
0(
#6292349000
b10 7
1(
#6292620000
0(
#6292891000
b11 7
1(
#6293162000
0(
#6293433000
b100 7
1(
#6293704000
0(
#6293975000
b101 7
1(
#6294246000
0(
#6294517000
b110 7
1(
#6294788000
0(
#6295059000
b111 7
1(
#6295330000
0(
#6295601000
b1000 7
1(
#6295872000
0(
#6296143000
b1001 7
1(
#6296414000
0(
#6296685000
b1010 7
1(
#6296956000
0(
#6297227000
b1011 7
1(
#6297498000
0(
#6297769000
11
b0 7
1(
#6298040000
0(
#6298311000
b10 A
b0 <
b0 B
b1000 K
01
b1 7
1(
#6298582000
0(
#6298853000
b10 7
1(
#6299124000
0(
#6299395000
b11 7
1(
#6299666000
0(
#6299937000
b100 7
1(
#6300208000
0(
#6300479000
b101 7
1(
#6300750000
0(
#6301021000
b110 7
1(
#6301292000
0(
#6301563000
b111 7
1(
#6301834000
0(
#6302105000
b1000 7
1(
#6302376000
0(
#6302647000
b1001 7
1(
#6302918000
0(
#6303189000
b1010 7
1(
#6303460000
0(
#6303731000
b1011 7
1(
#6304002000
0(
#6304273000
11
b0 7
1(
#6304544000
0(
#6304815000
b1 B
b1001 K
01
b1 7
1(
#6305086000
0(
#6305357000
b10 7
1(
#6305628000
0(
#6305899000
b11 7
1(
#6306170000
0(
#6306441000
b100 7
1(
#6306712000
0(
#6306983000
b101 7
1(
#6307254000
0(
#6307525000
b110 7
1(
#6307796000
0(
#6308067000
b111 7
1(
#6308338000
0(
#6308609000
b1000 7
1(
#6308880000
0(
#6309151000
b1001 7
1(
#6309422000
0(
#6309693000
b1010 7
1(
#6309964000
0(
#6310235000
b1011 7
1(
#6310506000
0(
#6310777000
11
b0 7
1(
#6311048000
0(
#6311319000
b10 B
b1010 K
01
b1 7
1(
#6311590000
0(
#6311861000
b10 7
1(
#6312132000
0(
#6312403000
b11 7
1(
#6312674000
0(
#6312945000
b100 7
1(
#6313216000
0(
#6313487000
b101 7
1(
#6313758000
0(
#6314029000
b110 7
1(
#6314300000
0(
#6314571000
b111 7
1(
#6314842000
0(
#6315113000
b1000 7
1(
#6315384000
0(
#6315655000
b1001 7
1(
#6315926000
0(
#6316197000
b1010 7
1(
#6316468000
0(
#6316739000
b1011 7
1(
#6317010000
0(
#6317281000
11
b0 7
1(
#6317552000
0(
#6317823000
b11 B
b1011 K
01
b1 7
1(
#6318094000
0(
#6318365000
b10 7
1(
#6318636000
0(
#6318907000
b11 7
1(
#6319178000
0(
#6319449000
b100 7
1(
#6319720000
0(
#6319991000
b101 7
1(
#6320262000
0(
#6320533000
b110 7
1(
#6320804000
0(
#6321075000
b111 7
1(
#6321346000
0(
#6321617000
b1000 7
1(
#6321888000
0(
#6322159000
b1001 7
1(
#6322430000
0(
#6322701000
b1010 7
1(
#6322972000
0(
#6323243000
b1011 7
1(
#6323514000
0(
#6323785000
11
b0 7
1(
#6324056000
0(
#6324327000
b100 B
b1100 K
01
b1 7
1(
#6324598000
0(
#6324869000
b10 7
1(
#6325140000
0(
#6325411000
b11 7
1(
#6325682000
0(
#6325953000
b100 7
1(
#6326224000
0(
#6326495000
b101 7
1(
#6326766000
0(
#6327037000
b110 7
1(
#6327308000
0(
#6327579000
b111 7
1(
#6327850000
0(
#6328121000
b1000 7
1(
#6328392000
0(
#6328663000
b1001 7
1(
#6328934000
0(
#6329205000
b1010 7
1(
#6329476000
0(
#6329747000
b1011 7
1(
#6330018000
0(
#6330289000
11
b0 7
1(
#6330560000
0(
#6330831000
b101 B
b1101 K
01
b1 7
1(
#6331102000
0(
#6331373000
b10 7
1(
#6331644000
0(
#6331915000
b11 7
1(
#6332186000
0(
#6332457000
b100 7
1(
#6332728000
0(
#6332999000
b101 7
1(
#6333270000
0(
#6333541000
b110 7
1(
#6333812000
0(
#6334083000
b111 7
1(
#6334354000
0(
#6334625000
b1000 7
1(
#6334896000
0(
#6335167000
b1001 7
1(
#6335438000
0(
#6335709000
b1010 7
1(
#6335980000
0(
#6336251000
b1011 7
1(
#6336522000
0(
#6336793000
11
b0 7
1(
#6337064000
0(
#6337335000
b110 B
b1110 K
01
b1 7
1(
#6337606000
0(
#6337877000
b10 7
1(
#6338148000
0(
#6338419000
b11 7
1(
#6338690000
0(
#6338961000
b100 7
1(
#6339232000
0(
#6339503000
b101 7
1(
#6339774000
0(
#6340045000
b110 7
1(
#6340316000
0(
#6340587000
b111 7
1(
#6340858000
0(
#6341129000
b1000 7
1(
#6341400000
0(
#6341671000
b1001 7
1(
#6341942000
0(
#6342213000
b1010 7
1(
#6342484000
0(
#6342755000
b1011 7
1(
#6343026000
0(
#6343297000
11
b0 7
1(
#6343568000
0(
#6343839000
b111 B
b1111 K
01
b1 7
1(
#6344110000
0(
#6344381000
b10 7
1(
#6344652000
0(
#6344923000
b11 7
1(
#6345194000
0(
#6345465000
b100 7
1(
#6345736000
0(
#6346007000
b101 7
1(
#6346278000
0(
#6346549000
b110 7
1(
#6346820000
0(
#6347091000
b111 7
1(
#6347362000
0(
#6347633000
b1000 7
1(
#6347904000
0(
#6348175000
b1001 7
1(
#6348446000
0(
#6348717000
b1010 7
1(
#6348988000
0(
#6349259000
b1011 7
1(
#6349530000
0(
#6349801000
11
b0 7
1(
#6350072000
0(
#6350343000
b1000 B
b10 J
b0 H
b0 K
01
b1 7
1(
#6350614000
0(
#6350885000
b10 7
1(
#6351156000
0(
#6351427000
b11 7
1(
#6351698000
0(
#6351969000
b100 7
1(
#6352240000
0(
#6352511000
b101 7
1(
#6352782000
0(
#6353053000
b110 7
1(
#6353324000
0(
#6353595000
b111 7
1(
#6353866000
0(
#6354137000
b1000 7
1(
#6354408000
0(
#6354679000
b1001 7
1(
#6354950000
0(
#6355221000
b1010 7
1(
#6355492000
0(
#6355763000
b1011 7
1(
#6356034000
0(
#6356305000
11
b0 7
1(
#6356576000
0(
#6356847000
b1001 B
b1 K
01
b1 7
1(
#6357118000
0(
#6357389000
b10 7
1(
#6357660000
0(
#6357931000
b11 7
1(
#6358202000
0(
#6358473000
b100 7
1(
#6358744000
0(
#6359015000
b101 7
1(
#6359286000
0(
#6359557000
b110 7
1(
#6359828000
0(
#6360099000
b111 7
1(
#6360370000
0(
#6360641000
b1000 7
1(
#6360912000
0(
#6361183000
b1001 7
1(
#6361454000
0(
#6361725000
b1010 7
1(
#6361996000
0(
#6362267000
b1011 7
1(
#6362538000
0(
#6362809000
11
b0 7
1(
#6363080000
0(
#6363351000
b1010 B
b10 K
01
b1 7
1(
#6363622000
0(
#6363893000
b10 7
1(
#6364164000
0(
#6364435000
b11 7
1(
#6364706000
0(
#6364977000
b100 7
1(
#6365248000
0(
#6365519000
b101 7
1(
#6365790000
0(
#6366061000
b110 7
1(
#6366332000
0(
#6366603000
b111 7
1(
#6366874000
0(
#6367145000
b1000 7
1(
#6367416000
0(
#6367687000
b1001 7
1(
#6367958000
0(
#6368229000
b1010 7
1(
#6368500000
0(
#6368771000
b1011 7
1(
#6369042000
0(
#6369313000
11
b0 7
1(
#6369584000
0(
#6369855000
b1011 B
b11 K
01
b1 7
1(
#6370126000
0(
#6370397000
b10 7
1(
#6370668000
0(
#6370939000
b11 7
1(
#6371210000
0(
#6371481000
b100 7
1(
#6371752000
0(
#6372023000
b101 7
1(
#6372294000
0(
#6372565000
b110 7
1(
#6372836000
0(
#6373107000
b111 7
1(
#6373378000
0(
#6373649000
b1000 7
1(
#6373920000
0(
#6374191000
b1001 7
1(
#6374462000
0(
#6374733000
b1010 7
1(
#6375004000
0(
#6375275000
b1011 7
1(
#6375546000
0(
#6375817000
11
b0 7
1(
#6376088000
0(
#6376359000
b1100 B
b100 K
01
b1 7
1(
#6376630000
0(
#6376901000
b10 7
1(
#6377172000
0(
#6377443000
b11 7
1(
#6377714000
0(
#6377985000
b100 7
1(
#6378256000
0(
#6378527000
b101 7
1(
#6378798000
0(
#6379069000
b110 7
1(
#6379340000
0(
#6379611000
b111 7
1(
#6379882000
0(
#6380153000
b1000 7
1(
#6380424000
0(
#6380695000
b1001 7
1(
#6380966000
0(
#6381237000
b1010 7
1(
#6381508000
0(
#6381779000
b1011 7
1(
#6382050000
0(
#6382321000
11
b0 7
1(
#6382592000
0(
#6382863000
b1101 B
b101 K
01
b1 7
1(
#6383134000
0(
#6383405000
b10 7
1(
#6383676000
0(
#6383947000
b11 7
1(
#6384218000
0(
#6384489000
b100 7
1(
#6384760000
0(
#6385031000
b101 7
1(
#6385302000
0(
#6385573000
b110 7
1(
#6385844000
0(
#6386115000
b111 7
1(
#6386386000
0(
#6386657000
b1000 7
1(
#6386928000
0(
#6387199000
b1001 7
1(
#6387470000
0(
#6387741000
b1010 7
1(
#6388012000
0(
#6388283000
b1011 7
1(
#6388554000
0(
#6388825000
11
b0 7
1(
#6389096000
0(
#6389367000
b1110 B
b110 K
01
b1 7
1(
#6389638000
0(
#6389909000
b10 7
1(
#6390180000
0(
#6390451000
b11 7
1(
#6390722000
0(
#6390993000
b100 7
1(
#6391264000
0(
#6391535000
b101 7
1(
#6391806000
0(
#6392077000
b110 7
1(
#6392348000
0(
#6392619000
b111 7
1(
#6392890000
0(
#6393161000
b1000 7
1(
#6393432000
0(
#6393703000
b1001 7
1(
#6393974000
0(
#6394245000
b1010 7
1(
#6394516000
0(
#6394787000
b1011 7
1(
#6395058000
0(
#6395329000
11
b0 7
1(
#6395600000
0(
#6395871000
b1111 B
b111 K
01
b1 7
1(
#6396142000
0(
#6396413000
b10 7
1(
#6396684000
0(
#6396955000
b11 7
1(
#6397226000
0(
#6397497000
b100 7
1(
#6397768000
0(
#6398039000
b101 7
1(
#6398310000
0(
#6398581000
b110 7
1(
#6398852000
0(
#6399123000
b111 7
1(
#6399394000
0(
#6399665000
b1000 7
1(
#6399936000
0(
#6400207000
b1001 7
1(
#6400478000
0(
#6400749000
b1010 7
1(
#6401020000
0(
#6401291000
b1011 7
1(
#6401562000
0(
#6401833000
11
b0 7
1(
#6402104000
0(
#6402375000
b1 <
b1001000 @
b0 B
b1000 K
01
b1 7
1(
#6402646000
0(
#6402917000
b10 7
1(
#6403188000
0(
#6403459000
b11 7
1(
#6403730000
0(
#6404001000
b100 7
1(
#6404272000
0(
#6404543000
b101 7
1(
#6404814000
0(
#6405085000
b110 7
1(
#6405356000
0(
#6405627000
b111 7
1(
#6405898000
0(
#6406169000
b1000 7
1(
#6406440000
0(
#6406711000
b1001 7
1(
#6406982000
0(
#6407253000
b1010 7
1(
#6407524000
0(
#6407795000
b1011 7
1(
#6408066000
0(
#6408337000
11
b0 7
1(
#6408608000
0(
#6408879000
b1 B
b1001 K
01
b1 7
1(
#6409150000
0(
#6409421000
b10 7
1(
#6409692000
0(
#6409963000
b11 7
1(
#6410234000
0(
#6410505000
b100 7
1(
#6410776000
0(
#6411047000
b101 7
1(
#6411318000
0(
#6411589000
b110 7
1(
#6411860000
0(
#6412131000
b111 7
1(
#6412402000
0(
#6412673000
b1000 7
1(
#6412944000
0(
#6413215000
b1001 7
1(
#6413486000
0(
#6413757000
b1010 7
1(
#6414028000
0(
#6414299000
b1011 7
1(
#6414570000
0(
#6414841000
11
b0 7
1(
#6415112000
0(
#6415383000
b10 B
b1010 K
01
b1 7
1(
#6415654000
0(
#6415925000
b10 7
1(
#6416196000
0(
#6416467000
b11 7
1(
#6416738000
0(
#6417009000
b100 7
1(
#6417280000
0(
#6417551000
b101 7
1(
#6417822000
0(
#6418093000
b110 7
1(
#6418364000
0(
#6418635000
b111 7
1(
#6418906000
0(
#6419177000
b1000 7
1(
#6419448000
0(
#6419719000
b1001 7
1(
#6419990000
0(
#6420261000
b1010 7
1(
#6420532000
0(
#6420803000
b1011 7
1(
#6421074000
0(
#6421345000
11
b0 7
1(
#6421616000
0(
#6421887000
b11 B
b1011 K
01
b1 7
1(
#6422158000
0(
#6422429000
b10 7
1(
#6422700000
0(
#6422971000
b11 7
1(
#6423242000
0(
#6423513000
b100 7
1(
#6423784000
0(
#6424055000
b101 7
1(
#6424326000
0(
#6424597000
b110 7
1(
#6424868000
0(
#6425139000
b111 7
1(
#6425410000
0(
#6425681000
b1000 7
1(
#6425952000
0(
#6426223000
b1001 7
1(
#6426494000
0(
#6426765000
b1010 7
1(
#6427036000
0(
#6427307000
b1011 7
1(
#6427578000
0(
#6427849000
11
b0 7
1(
#6428120000
0(
#6428391000
b100 B
b1100 K
01
b1 7
1(
#6428662000
0(
#6428933000
b10 7
1(
#6429204000
0(
#6429475000
b11 7
1(
#6429746000
0(
#6430017000
b100 7
1(
#6430288000
0(
#6430559000
b101 7
1(
#6430830000
0(
#6431101000
b110 7
1(
#6431372000
0(
#6431643000
b111 7
1(
#6431914000
0(
#6432185000
b1000 7
1(
#6432456000
0(
#6432727000
b1001 7
1(
#6432998000
0(
#6433269000
b1010 7
1(
#6433540000
0(
#6433811000
b1011 7
1(
#6434082000
0(
#6434353000
11
b0 7
1(
#6434624000
0(
#6434895000
b101 B
b1101 K
01
b1 7
1(
#6435166000
0(
#6435437000
b10 7
1(
#6435708000
0(
#6435979000
b11 7
1(
#6436250000
0(
#6436521000
b100 7
1(
#6436792000
0(
#6437063000
b101 7
1(
#6437334000
0(
#6437605000
b110 7
1(
#6437876000
0(
#6438147000
b111 7
1(
#6438418000
0(
#6438689000
b1000 7
1(
#6438960000
0(
#6439231000
b1001 7
1(
#6439502000
0(
#6439773000
b1010 7
1(
#6440044000
0(
#6440315000
b1011 7
1(
#6440586000
0(
#6440857000
11
b0 7
1(
#6441128000
0(
#6441399000
b110 B
b1110 K
01
b1 7
1(
#6441670000
0(
#6441941000
b10 7
1(
#6442212000
0(
#6442483000
b11 7
1(
#6442754000
0(
#6443025000
b100 7
1(
#6443296000
0(
#6443567000
b101 7
1(
#6443838000
0(
#6444109000
b110 7
1(
#6444380000
0(
#6444651000
b111 7
1(
#6444922000
0(
#6445193000
b1000 7
1(
#6445464000
0(
#6445735000
b1001 7
1(
#6446006000
0(
#6446277000
b1010 7
1(
#6446548000
0(
#6446819000
b1011 7
1(
#6447090000
0(
#6447361000
11
b0 7
1(
#6447632000
0(
#6447903000
b111 B
b1111 K
01
b1 7
1(
#6448174000
0(
#6448445000
b10 7
1(
#6448716000
0(
#6448987000
b11 7
1(
#6449258000
0(
#6449529000
b100 7
1(
#6449800000
0(
#6450071000
b101 7
1(
#6450342000
0(
#6450613000
b110 7
1(
#6450884000
0(
#6451155000
b111 7
1(
#6451426000
0(
#6451697000
b1000 7
1(
#6451968000
0(
#6452239000
b1001 7
1(
#6452510000
0(
#6452781000
b1010 7
1(
#6453052000
0(
#6453323000
b1011 7
1(
#6453594000
0(
#6453865000
11
b0 7
1(
#6454136000
0(
#6454407000
b1000 B
b1 H
b0 K
01
b1 7
1(
#6454678000
0(
#6454949000
b10 7
1(
#6455220000
0(
#6455491000
b11 7
1(
#6455762000
0(
#6456033000
b100 7
1(
#6456304000
0(
#6456575000
b101 7
1(
#6456846000
0(
#6457117000
b110 7
1(
#6457388000
0(
#6457659000
b111 7
1(
#6457930000
0(
#6458201000
b1000 7
1(
#6458472000
0(
#6458743000
b1001 7
1(
#6459014000
0(
#6459285000
b1010 7
1(
#6459556000
0(
#6459827000
b1011 7
1(
#6460098000
0(
#6460369000
11
b0 7
1(
#6460640000
0(
#6460911000
b1001 B
b1 K
01
b1 7
1(
#6461182000
0(
#6461453000
b10 7
1(
#6461724000
0(
#6461995000
b11 7
1(
#6462266000
0(
#6462537000
b100 7
1(
#6462808000
0(
#6463079000
b101 7
1(
#6463350000
0(
#6463621000
b110 7
1(
#6463892000
0(
#6464163000
b111 7
1(
#6464434000
0(
#6464705000
b1000 7
1(
#6464976000
0(
#6465247000
b1001 7
1(
#6465518000
0(
#6465789000
b1010 7
1(
#6466060000
0(
#6466331000
b1011 7
1(
#6466602000
0(
#6466873000
11
b0 7
1(
#6467144000
0(
#6467415000
b1010 B
b10 K
01
b1 7
1(
#6467686000
0(
#6467957000
b10 7
1(
#6468228000
0(
#6468499000
b11 7
1(
#6468770000
0(
#6469041000
b100 7
1(
#6469312000
0(
#6469583000
b101 7
1(
#6469854000
0(
#6470125000
b110 7
1(
#6470396000
0(
#6470667000
b111 7
1(
#6470938000
0(
#6471209000
b1000 7
1(
#6471480000
0(
#6471751000
b1001 7
1(
#6472022000
0(
#6472293000
b1010 7
1(
#6472564000
0(
#6472835000
b1011 7
1(
#6473106000
0(
#6473377000
11
b0 7
1(
#6473648000
0(
#6473919000
b1011 B
b11 K
01
b1 7
1(
#6474190000
0(
#6474461000
b10 7
1(
#6474732000
0(
#6475003000
b11 7
1(
#6475274000
0(
#6475545000
b100 7
1(
#6475816000
0(
#6476087000
b101 7
1(
#6476358000
0(
#6476629000
b110 7
1(
#6476900000
0(
#6477171000
b111 7
1(
#6477442000
0(
#6477713000
b1000 7
1(
#6477984000
0(
#6478255000
b1001 7
1(
#6478526000
0(
#6478797000
b1010 7
1(
#6479068000
0(
#6479339000
b1011 7
1(
#6479610000
0(
#6479881000
11
b0 7
1(
#6480152000
0(
#6480423000
b1100 B
b100 K
01
b1 7
1(
#6480694000
0(
#6480965000
b10 7
1(
#6481236000
0(
#6481507000
b11 7
1(
#6481778000
0(
#6482049000
b100 7
1(
#6482320000
0(
#6482591000
b101 7
1(
#6482862000
0(
#6483133000
b110 7
1(
#6483404000
0(
#6483675000
b111 7
1(
#6483946000
0(
#6484217000
b1000 7
1(
#6484488000
0(
#6484759000
b1001 7
1(
#6485030000
0(
#6485301000
b1010 7
1(
#6485572000
0(
#6485843000
b1011 7
1(
#6486114000
0(
#6486385000
11
b0 7
1(
#6486656000
0(
#6486927000
b1101 B
b101 K
01
b1 7
1(
#6487198000
0(
#6487469000
b10 7
1(
#6487740000
0(
#6488011000
b11 7
1(
#6488282000
0(
#6488553000
b100 7
1(
#6488824000
0(
#6489095000
b101 7
1(
#6489366000
0(
#6489637000
b110 7
1(
#6489908000
0(
#6490179000
b111 7
1(
#6490450000
0(
#6490721000
b1000 7
1(
#6490992000
0(
#6491263000
b1001 7
1(
#6491534000
0(
#6491805000
b1010 7
1(
#6492076000
0(
#6492347000
b1011 7
1(
#6492618000
0(
#6492889000
11
b0 7
1(
#6493160000
0(
#6493431000
b1110 B
b110 K
01
b1 7
1(
#6493702000
0(
#6493973000
b10 7
1(
#6494244000
0(
#6494515000
b11 7
1(
#6494786000
0(
#6495057000
b100 7
1(
#6495328000
0(
#6495599000
b101 7
1(
#6495870000
0(
#6496141000
b110 7
1(
#6496412000
0(
#6496683000
b111 7
1(
#6496954000
0(
#6497225000
b1000 7
1(
#6497496000
0(
#6497767000
b1001 7
1(
#6498038000
0(
#6498309000
b1010 7
1(
#6498580000
0(
#6498851000
b1011 7
1(
#6499122000
0(
#6499393000
11
b0 7
1(
#6499664000
0(
#6499935000
b1111 B
b111 K
01
b1 7
1(
#6500206000
0(
#6500477000
b10 7
1(
#6500748000
0(
#6501019000
b11 7
1(
#6501290000
0(
#6501561000
b100 7
1(
#6501832000
0(
#6502103000
b101 7
1(
#6502374000
0(
#6502645000
b110 7
1(
#6502916000
0(
#6503187000
b111 7
1(
#6503458000
0(
#6503729000
b1000 7
1(
#6504000000
0(
#6504271000
b1001 7
1(
#6504542000
0(
#6504813000
b1010 7
1(
#6505084000
0(
#6505355000
b1011 7
1(
#6505626000
0(
#6505897000
11
b0 7
1(
#6506168000
0(
#6506439000
b10 <
b0 B
b1000 K
01
b1 7
1(
#6506710000
0(
#6506981000
b10 7
1(
#6507252000
0(
#6507523000
b11 7
1(
#6507794000
0(
#6508065000
b100 7
1(
#6508336000
0(
#6508607000
b101 7
1(
#6508878000
0(
#6509149000
b110 7
1(
#6509420000
0(
#6509691000
b111 7
1(
#6509962000
0(
#6510233000
b1000 7
1(
#6510504000
0(
#6510775000
b1001 7
1(
#6511046000
0(
#6511317000
b1010 7
1(
#6511588000
0(
#6511859000
b1011 7
1(
#6512130000
0(
#6512401000
11
b0 7
1(
#6512672000
0(
#6512943000
b1 B
b1001 K
01
b1 7
1(
#6513214000
0(
#6513485000
b10 7
1(
#6513756000
0(
#6514027000
b11 7
1(
#6514298000
0(
#6514569000
b100 7
1(
#6514840000
0(
#6515111000
b101 7
1(
#6515382000
0(
#6515653000
b110 7
1(
#6515924000
0(
#6516195000
b111 7
1(
#6516466000
0(
#6516737000
b1000 7
1(
#6517008000
0(
#6517279000
b1001 7
1(
#6517550000
0(
#6517821000
b1010 7
1(
#6518092000
0(
#6518363000
b1011 7
1(
#6518634000
0(
#6518905000
11
b0 7
1(
#6519176000
0(
#6519447000
b10 B
b1010 K
01
b1 7
1(
#6519718000
0(
#6519989000
b10 7
1(
#6520260000
0(
#6520531000
b11 7
1(
#6520802000
0(
#6521073000
b100 7
1(
#6521344000
0(
#6521615000
b101 7
1(
#6521886000
0(
#6522157000
b110 7
1(
#6522428000
0(
#6522699000
b111 7
1(
#6522970000
0(
#6523241000
b1000 7
1(
#6523512000
0(
#6523783000
b1001 7
1(
#6524054000
0(
#6524325000
b1010 7
1(
#6524596000
0(
#6524867000
b1011 7
1(
#6525138000
0(
#6525409000
11
b0 7
1(
#6525680000
0(
#6525951000
b11 B
b1011 K
01
b1 7
1(
#6526222000
0(
#6526493000
b10 7
1(
#6526764000
0(
#6527035000
b11 7
1(
#6527306000
0(
#6527577000
b100 7
1(
#6527848000
0(
#6528119000
b101 7
1(
#6528390000
0(
#6528661000
b110 7
1(
#6528932000
0(
#6529203000
b111 7
1(
#6529474000
0(
#6529745000
b1000 7
1(
#6530016000
0(
#6530287000
b1001 7
1(
#6530558000
0(
#6530829000
b1010 7
1(
#6531100000
0(
#6531371000
b1011 7
1(
#6531642000
0(
#6531913000
11
b0 7
1(
#6532184000
0(
#6532455000
b100 B
b1100 K
01
b1 7
1(
#6532726000
0(
#6532997000
b10 7
1(
#6533268000
0(
#6533539000
b11 7
1(
#6533810000
0(
#6534081000
b100 7
1(
#6534352000
0(
#6534623000
b101 7
1(
#6534894000
0(
#6535165000
b110 7
1(
#6535436000
0(
#6535707000
b111 7
1(
#6535978000
0(
#6536249000
b1000 7
1(
#6536520000
0(
#6536791000
b1001 7
1(
#6537062000
0(
#6537333000
b1010 7
1(
#6537604000
0(
#6537875000
b1011 7
1(
#6538146000
0(
#6538417000
11
b0 7
1(
#6538688000
0(
#6538959000
b101 B
b1101 K
01
b1 7
1(
#6539230000
0(
#6539501000
b10 7
1(
#6539772000
0(
#6540043000
b11 7
1(
#6540314000
0(
#6540585000
b100 7
1(
#6540856000
0(
#6541127000
b101 7
1(
#6541398000
0(
#6541669000
b110 7
1(
#6541940000
0(
#6542211000
b111 7
1(
#6542482000
0(
#6542753000
b1000 7
1(
#6543024000
0(
#6543295000
b1001 7
1(
#6543566000
0(
#6543837000
b1010 7
1(
#6544108000
0(
#6544379000
b1011 7
1(
#6544650000
0(
#6544921000
11
b0 7
1(
#6545192000
0(
#6545463000
b110 B
b1110 K
01
b1 7
1(
#6545734000
0(
#6546005000
b10 7
1(
#6546276000
0(
#6546547000
b11 7
1(
#6546818000
0(
#6547089000
b100 7
1(
#6547360000
0(
#6547631000
b101 7
1(
#6547902000
0(
#6548173000
b110 7
1(
#6548444000
0(
#6548715000
b111 7
1(
#6548986000
0(
#6549257000
b1000 7
1(
#6549528000
0(
#6549799000
b1001 7
1(
#6550070000
0(
#6550341000
b1010 7
1(
#6550612000
0(
#6550883000
b1011 7
1(
#6551154000
0(
#6551425000
11
b0 7
1(
#6551696000
0(
#6551967000
b111 B
b1111 K
01
b1 7
1(
#6552238000
0(
#6552509000
b10 7
1(
#6552780000
0(
#6553051000
b11 7
1(
#6553322000
0(
#6553593000
b100 7
1(
#6553864000
0(
#6554135000
b101 7
1(
#6554406000
0(
#6554677000
b110 7
1(
#6554948000
0(
#6555219000
b111 7
1(
#6555490000
0(
#6555761000
b1000 7
1(
#6556032000
0(
#6556303000
b1001 7
1(
#6556574000
0(
#6556845000
b1010 7
1(
#6557116000
0(
#6557387000
b1011 7
1(
#6557658000
0(
#6557929000
11
b0 7
1(
#6558200000
0(
#6558471000
b1000 B
b10 H
b0 K
01
b1 7
1(
#6558742000
0(
#6559013000
b10 7
1(
#6559284000
0(
#6559555000
b11 7
1(
#6559826000
0(
#6560097000
b100 7
1(
#6560368000
0(
#6560639000
b101 7
1(
#6560910000
0(
#6561181000
b110 7
1(
#6561452000
0(
#6561723000
b111 7
1(
#6561994000
0(
#6562265000
b1000 7
1(
#6562536000
0(
#6562807000
b1001 7
1(
#6563078000
0(
#6563349000
b1010 7
1(
#6563620000
0(
#6563891000
b1011 7
1(
#6564162000
0(
#6564433000
11
b0 7
1(
#6564704000
0(
#6564975000
b1001 B
b1 K
01
b1 7
1(
#6565246000
0(
#6565517000
b10 7
1(
#6565788000
0(
#6566059000
b11 7
1(
#6566330000
0(
#6566601000
b100 7
1(
#6566872000
0(
#6567143000
b101 7
1(
#6567414000
0(
#6567685000
b110 7
1(
#6567956000
0(
#6568227000
b111 7
1(
#6568498000
0(
#6568769000
b1000 7
1(
#6569040000
0(
#6569311000
b1001 7
1(
#6569582000
0(
#6569853000
b1010 7
1(
#6570124000
0(
#6570395000
b1011 7
1(
#6570666000
0(
#6570937000
11
b0 7
1(
#6571208000
0(
#6571479000
b1010 B
b10 K
01
b1 7
1(
#6571750000
0(
#6572021000
b10 7
1(
#6572292000
0(
#6572563000
b11 7
1(
#6572834000
0(
#6573105000
b100 7
1(
#6573376000
0(
#6573647000
b101 7
1(
#6573918000
0(
#6574189000
b110 7
1(
#6574460000
0(
#6574731000
b111 7
1(
#6575002000
0(
#6575273000
b1000 7
1(
#6575544000
0(
#6575815000
b1001 7
1(
#6576086000
0(
#6576357000
b1010 7
1(
#6576628000
0(
#6576899000
b1011 7
1(
#6577170000
0(
#6577441000
11
b0 7
1(
#6577712000
0(
#6577983000
b1011 B
b11 K
01
b1 7
1(
#6578254000
0(
#6578525000
b10 7
1(
#6578796000
0(
#6579067000
b11 7
1(
#6579338000
0(
#6579609000
b100 7
1(
#6579880000
0(
#6580151000
b101 7
1(
#6580422000
0(
#6580693000
b110 7
1(
#6580964000
0(
#6581235000
b111 7
1(
#6581506000
0(
#6581777000
b1000 7
1(
#6582048000
0(
#6582319000
b1001 7
1(
#6582590000
0(
#6582861000
b1010 7
1(
#6583132000
0(
#6583403000
b1011 7
1(
#6583674000
0(
#6583945000
11
b0 7
1(
#6584216000
0(
#6584487000
b1100 B
b100 K
01
b1 7
1(
#6584758000
0(
#6585029000
b10 7
1(
#6585300000
0(
#6585571000
b11 7
1(
#6585842000
0(
#6586113000
b100 7
1(
#6586384000
0(
#6586655000
b101 7
1(
#6586926000
0(
#6587197000
b110 7
1(
#6587468000
0(
#6587739000
b111 7
1(
#6588010000
0(
#6588281000
b1000 7
1(
#6588552000
0(
#6588823000
b1001 7
1(
#6589094000
0(
#6589365000
b1010 7
1(
#6589636000
0(
#6589907000
b1011 7
1(
#6590178000
0(
#6590449000
11
b0 7
1(
#6590720000
0(
#6590991000
b1101 B
b101 K
01
b1 7
1(
#6591262000
0(
#6591533000
b10 7
1(
#6591804000
0(
#6592075000
b11 7
1(
#6592346000
0(
#6592617000
b100 7
1(
#6592888000
0(
#6593159000
b101 7
1(
#6593430000
0(
#6593701000
b110 7
1(
#6593972000
0(
#6594243000
b111 7
1(
#6594514000
0(
#6594785000
b1000 7
1(
#6595056000
0(
#6595327000
b1001 7
1(
#6595598000
0(
#6595869000
b1010 7
1(
#6596140000
0(
#6596411000
b1011 7
1(
#6596682000
0(
#6596953000
11
b0 7
1(
#6597224000
0(
#6597495000
b1110 B
b110 K
01
b1 7
1(
#6597766000
0(
#6598037000
b10 7
1(
#6598308000
0(
#6598579000
b11 7
1(
#6598850000
0(
#6599121000
b100 7
1(
#6599392000
0(
#6599663000
b101 7
1(
#6599934000
0(
#6600205000
b110 7
1(
#6600476000
0(
#6600747000
b111 7
1(
#6601018000
0(
#6601289000
b1000 7
1(
#6601560000
0(
#6601831000
b1001 7
1(
#6602102000
0(
#6602373000
b1010 7
1(
#6602644000
0(
#6602915000
b1011 7
1(
#6603186000
0(
#6603457000
11
b0 7
1(
#6603728000
0(
#6603999000
b1111 B
b111 K
01
b1 7
1(
#6604270000
0(
#6604541000
b10 7
1(
#6604812000
0(
#6605083000
b11 7
1(
#6605354000
0(
#6605625000
b100 7
1(
#6605896000
0(
#6606167000
b101 7
1(
#6606438000
0(
#6606709000
b110 7
1(
#6606980000
0(
#6607251000
b111 7
1(
#6607522000
0(
#6607793000
b1000 7
1(
#6608064000
0(
#6608335000
b1001 7
1(
#6608606000
0(
#6608877000
b1010 7
1(
#6609148000
0(
#6609419000
b1011 7
1(
#6609690000
0(
#6609961000
11
b0 7
1(
#6610232000
0(
#6610503000
b11 <
b0 B
b1000 K
01
b1 7
1(
#6610774000
0(
#6611045000
b10 7
1(
#6611316000
0(
#6611587000
b11 7
1(
#6611858000
0(
#6612129000
b100 7
1(
#6612400000
0(
#6612671000
b101 7
1(
#6612942000
0(
#6613213000
b110 7
1(
#6613484000
0(
#6613755000
b111 7
1(
#6614026000
0(
#6614297000
b1000 7
1(
#6614568000
0(
#6614839000
b1001 7
1(
#6615110000
0(
#6615381000
b1010 7
1(
#6615652000
0(
#6615923000
b1011 7
1(
#6616194000
0(
#6616465000
11
b0 7
1(
#6616736000
0(
#6617007000
b1 B
b1001 K
01
b1 7
1(
#6617278000
0(
#6617549000
b10 7
1(
#6617820000
0(
#6618091000
b11 7
1(
#6618362000
0(
#6618633000
b100 7
1(
#6618904000
0(
#6619175000
b101 7
1(
#6619446000
0(
#6619717000
b110 7
1(
#6619988000
0(
#6620259000
b111 7
1(
#6620530000
0(
#6620801000
b1000 7
1(
#6621072000
0(
#6621343000
b1001 7
1(
#6621614000
0(
#6621885000
b1010 7
1(
#6622156000
0(
#6622427000
b1011 7
1(
#6622698000
0(
#6622969000
11
b0 7
1(
#6623240000
0(
#6623511000
b10 B
b1010 K
01
b1 7
1(
#6623782000
0(
#6624053000
b10 7
1(
#6624324000
0(
#6624595000
b11 7
1(
#6624866000
0(
#6625137000
b100 7
1(
#6625408000
0(
#6625679000
b101 7
1(
#6625950000
0(
#6626221000
b110 7
1(
#6626492000
0(
#6626763000
b111 7
1(
#6627034000
0(
#6627305000
b1000 7
1(
#6627576000
0(
#6627847000
b1001 7
1(
#6628118000
0(
#6628389000
b1010 7
1(
#6628660000
0(
#6628931000
b1011 7
1(
#6629202000
0(
#6629473000
11
b0 7
1(
#6629744000
0(
#6630015000
b11 B
b1011 K
01
b1 7
1(
#6630286000
0(
#6630557000
b10 7
1(
#6630828000
0(
#6631099000
b11 7
1(
#6631370000
0(
#6631641000
b100 7
1(
#6631912000
0(
#6632183000
b101 7
1(
#6632454000
0(
#6632725000
b110 7
1(
#6632996000
0(
#6633267000
b111 7
1(
#6633538000
0(
#6633809000
b1000 7
1(
#6634080000
0(
#6634351000
b1001 7
1(
#6634622000
0(
#6634893000
b1010 7
1(
#6635164000
0(
#6635435000
b1011 7
1(
#6635706000
0(
#6635977000
11
b0 7
1(
#6636248000
0(
#6636519000
b100 B
b1100 K
01
b1 7
1(
#6636790000
0(
#6637061000
b10 7
1(
#6637332000
0(
#6637603000
b11 7
1(
#6637874000
0(
#6638145000
b100 7
1(
#6638416000
0(
#6638687000
b101 7
1(
#6638958000
0(
#6639229000
b110 7
1(
#6639500000
0(
#6639771000
b111 7
1(
#6640042000
0(
#6640313000
b1000 7
1(
#6640584000
0(
#6640855000
b1001 7
1(
#6641126000
0(
#6641397000
b1010 7
1(
#6641668000
0(
#6641939000
b1011 7
1(
#6642210000
0(
#6642481000
11
b0 7
1(
#6642752000
0(
#6643023000
b101 B
b1101 K
01
b1 7
1(
#6643294000
0(
#6643565000
b10 7
1(
#6643836000
0(
#6644107000
b11 7
1(
#6644378000
0(
#6644649000
b100 7
1(
#6644920000
0(
#6645191000
b101 7
1(
#6645462000
0(
#6645733000
b110 7
1(
#6646004000
0(
#6646275000
b111 7
1(
#6646546000
0(
#6646817000
b1000 7
1(
#6647088000
0(
#6647359000
b1001 7
1(
#6647630000
0(
#6647901000
b1010 7
1(
#6648172000
0(
#6648443000
b1011 7
1(
#6648714000
0(
#6648985000
11
b0 7
1(
#6649256000
0(
#6649527000
b110 B
b1110 K
01
b1 7
1(
#6649798000
0(
#6650069000
b10 7
1(
#6650340000
0(
#6650611000
b11 7
1(
#6650882000
0(
#6651153000
b100 7
1(
#6651424000
0(
#6651695000
b101 7
1(
#6651966000
0(
#6652237000
b110 7
1(
#6652508000
0(
#6652779000
b111 7
1(
#6653050000
0(
#6653321000
b1000 7
1(
#6653592000
0(
#6653863000
b1001 7
1(
#6654134000
0(
#6654405000
b1010 7
1(
#6654676000
0(
#6654947000
b1011 7
1(
#6655218000
0(
#6655489000
11
b0 7
1(
#6655760000
0(
#6656031000
b111 B
b1111 K
01
b1 7
1(
#6656302000
0(
#6656573000
b10 7
1(
#6656844000
0(
#6657115000
b11 7
1(
#6657386000
0(
#6657657000
b100 7
1(
#6657928000
0(
#6658199000
b101 7
1(
#6658470000
0(
#6658741000
b110 7
1(
#6659012000
0(
#6659283000
b111 7
1(
#6659554000
0(
#6659825000
b1000 7
1(
#6660096000
0(
#6660367000
b1001 7
1(
#6660638000
0(
#6660909000
b1010 7
1(
#6661180000
0(
#6661451000
b1011 7
1(
#6661722000
0(
#6661993000
11
b0 7
1(
#6662264000
0(
#6662535000
b1000 B
b11 H
b0 K
01
b1 7
1(
#6662806000
0(
#6663077000
b10 7
1"
1(
#6663348000
0(
#6663619000
1>
b11 7
1(
#6663890000
0(
#6664161000
b100 7
1?
1(
#6664432000
0(
#6664703000
b101 7
1(
#6664974000
0(
#6665245000
b110 7
1(
#6665516000
0(
#6665787000
b111 7
1(
#6666058000
0(
#6666329000
b1000 7
1(
#6666600000
0(
#6666871000
b1001 7
1(
#6667142000
0(
#6667413000
b1010 7
1(
#6667684000
0(
#6667955000
b1011 7
1(
#6668226000
0(
#6668497000
11
b0 7
1(
#6668768000
0(
#6669039000
b1001 B
b1 K
01
b1 7
1(
#6669310000
0(
#6669581000
b10 7
1(
#6669852000
0(
#6670123000
b11 7
1(
#6670394000
0(
#6670665000
b100 7
1(
#6670936000
0(
#6671207000
b101 7
1(
#6671478000
0(
#6671749000
b110 7
1(
#6672020000
0(
#6672291000
b111 7
1(
#6672562000
0(
#6672833000
b1000 7
1(
#6673104000
0(
#6673375000
b1001 7
1(
#6673646000
0(
#6673917000
b1010 7
1(
#6674188000
0(
#6674459000
b1011 7
1(
#6674730000
0(
#6675001000
11
b0 7
1(
#6675272000
0(
#6675543000
b1010 B
b10 K
01
b1 7
1(
#6675814000
0(
#6676085000
b10 7
1(
#6676356000
0(
#6676627000
b11 7
1(
#6676898000
0(
#6677169000
b100 7
1(
#6677440000
0(
#6677711000
b101 7
1(
#6677982000
0(
#6678253000
b110 7
1(
#6678524000
0(
#6678795000
b111 7
1(
#6679066000
0(
#6679337000
b1000 7
1(
#6679608000
0(
#6679879000
b1001 7
1(
#6680150000
0(
#6680421000
b1010 7
1(
#6680692000
0(
#6680963000
b1011 7
1(
#6681234000
0(
#6681505000
11
b0 7
1(
#6681776000
0(
#6682047000
b1011 B
b11 K
01
b1 7
1(
#6682318000
0(
#6682589000
b10 7
1(
#6682860000
0(
#6683131000
b11 7
1(
#6683402000
0(
#6683673000
b100 7
1(
#6683944000
0(
#6684215000
b101 7
1(
#6684486000
0(
#6684757000
b110 7
1(
#6685028000
0(
#6685299000
b111 7
1(
#6685570000
0(
#6685841000
b1000 7
1(
#6686112000
0(
#6686383000
b1001 7
1(
#6686654000
0(
#6686925000
b1010 7
1(
#6687196000
0(
#6687467000
b1011 7
1(
#6687738000
0(
#6688009000
11
b0 7
1(
#6688280000
0(
#6688551000
b1100 B
b100 K
01
b1 7
1(
#6688822000
0(
#6689093000
b10 7
1(
#6689364000
0(
#6689635000
b11 7
1(
#6689906000
0(
#6690177000
b100 7
1(
#6690448000
0(
#6690719000
b101 7
1(
#6690990000
0(
#6691261000
b110 7
1(
#6691532000
0(
#6691803000
b111 7
1(
#6692074000
0(
#6692345000
b1000 7
1(
#6692616000
0(
#6692887000
b1001 7
1(
#6693158000
0(
#6693429000
b1010 7
1(
#6693700000
0(
#6693971000
b1011 7
1(
#6694242000
0(
#6694513000
11
b0 7
1(
#6694784000
0(
#6695055000
b1101 B
b101 K
01
b1 7
1(
#6695326000
0(
#6695597000
b10 7
1(
#6695868000
0(
#6696139000
b11 7
1(
#6696410000
0(
#6696681000
b100 7
1(
#6696952000
0(
#6697223000
b101 7
1(
#6697494000
0(
#6697765000
b110 7
1(
#6698036000
0(
#6698307000
b111 7
1(
#6698578000
0(
#6698849000
b1000 7
1(
#6699120000
0(
#6699391000
b1001 7
1(
#6699662000
0(
#6699933000
b1010 7
1(
#6700204000
0(
#6700475000
b1011 7
1(
#6700746000
0(
#6701017000
11
b0 7
1(
#6701288000
0(
#6701559000
b1110 B
b110 K
01
b1 7
1(
#6701830000
0(
#6702101000
b10 7
1(
#6702372000
0(
#6702643000
b11 7
1(
#6702914000
0(
#6703185000
b100 7
1(
#6703456000
0(
#6703727000
b101 7
1(
#6703998000
0(
#6704269000
b110 7
1(
#6704540000
0(
#6704811000
b111 7
1(
#6705082000
0(
#6705353000
b1000 7
1(
#6705624000
0(
#6705895000
b1001 7
1(
#6706166000
0(
#6706437000
b1010 7
1(
#6706708000
0(
#6706979000
b1011 7
1(
#6707250000
0(
#6707521000
11
b0 7
1(
#6707792000
0(
#6708063000
b1111 B
b111 K
01
b1 7
1(
#6708334000
0(
#6708605000
b10 7
1(
#6708876000
0(
#6709147000
b11 7
1(
#6709418000
0(
#6709689000
b100 7
1(
#6709960000
0(
#6710231000
b101 7
1(
#6710502000
0(
#6710773000
b110 7
1(
#6711044000
0(
#6711315000
b111 7
1(
#6711586000
0(
#6711857000
b1000 7
1(
#6712128000
0(
#6712399000
b1001 7
1(
#6712670000
0(
#6712941000
b1010 7
1(
#6713212000
0(
#6713483000
b1011 7
1(
#6713754000
0(
#6714025000
11
b0 7
1(
#6714296000
0(
#6714567000
b100 <
b0 B
b1000 K
01
b1 7
1(
#6714838000
0(
#6715109000
b10 7
1(
#6715380000
0(
#6715651000
b11 7
1(
#6715922000
0(
#6716193000
b100 7
1(
#6716464000
0(
#6716735000
b101 7
1(
#6717006000
0(
#6717277000
b110 7
1(
#6717548000
0(
#6717819000
b111 7
1(
#6718090000
0(
#6718361000
b1000 7
1(
#6718632000
0(
#6718903000
b1001 7
1(
#6719174000
0(
#6719445000
b1010 7
1(
#6719716000
0(
#6719987000
b1011 7
1(
#6720258000
0(
#6720529000
11
b0 7
1(
#6720800000
0(
#6721071000
b1 B
b1001 K
01
b1 7
1(
#6721342000
0(
#6721613000
b10 7
1(
#6721884000
0(
#6722155000
b11 7
1(
#6722426000
0(
#6722697000
b100 7
1(
#6722968000
0(
#6723239000
b101 7
1(
#6723510000
0(
#6723781000
b110 7
1(
#6724052000
0(
#6724323000
b111 7
1(
#6724594000
0(
#6724865000
b1000 7
1(
#6725136000
0(
#6725407000
b1001 7
1(
#6725678000
0(
#6725949000
b1010 7
1(
#6726220000
0(
#6726491000
b1011 7
1(
#6726762000
0(
#6727033000
11
b0 7
1(
#6727304000
0(
#6727575000
b10 B
b1010 K
01
b1 7
1(
#6727846000
0(
#6728117000
b10 7
1(
#6728388000
0(
#6728659000
b11 7
1(
#6728930000
0(
#6729201000
b100 7
1(
#6729472000
0(
#6729743000
b101 7
1(
#6730014000
0(
#6730285000
b110 7
1(
#6730556000
0(
#6730827000
b111 7
1(
#6731098000
0(
#6731369000
b1000 7
1(
#6731640000
0(
#6731911000
b1001 7
1(
#6732182000
0(
#6732453000
b1010 7
1(
#6732724000
0(
#6732995000
b1011 7
1(
#6733266000
0(
#6733537000
11
b0 7
1(
#6733808000
0(
#6734079000
b11 B
b1011 K
01
b1 7
1(
#6734350000
0(
#6734621000
b10 7
1(
#6734892000
0(
#6735163000
b11 7
1(
#6735434000
0(
#6735705000
b100 7
1(
#6735976000
0(
#6736247000
b101 7
1(
#6736518000
0(
#6736789000
b110 7
1(
#6737060000
0(
#6737331000
b111 7
1(
#6737602000
0(
#6737873000
b1000 7
1(
#6738144000
0(
#6738415000
b1001 7
1(
#6738686000
0(
#6738957000
b1010 7
1(
#6739228000
0(
#6739499000
b1011 7
1(
#6739770000
0(
#6740041000
11
b0 7
1(
#6740312000
0(
#6740583000
b100 B
b1100 K
01
b1 7
1(
#6740854000
0(
#6741125000
b10 7
1(
#6741396000
0(
#6741667000
b11 7
1(
#6741938000
0(
#6742209000
b100 7
1(
#6742480000
0(
#6742751000
b101 7
1(
#6743022000
0(
#6743293000
b110 7
1(
#6743564000
0(
#6743835000
b111 7
1(
#6744106000
0(
#6744377000
b1000 7
1(
#6744648000
0(
#6744919000
b1001 7
1(
#6745190000
0(
#6745461000
b1010 7
1(
#6745732000
0(
#6746003000
b1011 7
1(
#6746274000
0(
#6746545000
11
b0 7
1(
#6746816000
0(
#6747087000
b101 B
b1101 K
01
b1 7
1(
#6747358000
0(
#6747629000
b10 7
1(
#6747900000
0(
#6748171000
b11 7
1(
#6748442000
0(
#6748713000
b100 7
1(
#6748984000
0(
#6749255000
b101 7
1(
#6749526000
0(
#6749797000
b110 7
1(
#6750068000
0(
#6750339000
b111 7
1(
#6750610000
0(
#6750881000
b1000 7
1(
#6751152000
0(
#6751423000
b1001 7
1(
#6751694000
0(
#6751965000
b1010 7
1(
#6752236000
0(
#6752507000
b1011 7
1(
#6752778000
0(
#6753049000
11
b0 7
1(
#6753320000
0(
#6753591000
b110 B
b1110 K
01
b1 7
1(
#6753862000
0(
#6754133000
b10 7
1(
#6754404000
0(
#6754675000
b11 7
1(
#6754946000
0(
#6755217000
b100 7
1(
#6755488000
0(
#6755759000
b101 7
1(
#6756030000
0(
#6756301000
b110 7
1(
#6756572000
0(
#6756843000
b111 7
1(
#6757114000
0(
#6757385000
b1000 7
1(
#6757656000
0(
#6757927000
b1001 7
1(
#6758198000
0(
#6758469000
b1010 7
1(
#6758740000
0(
#6759011000
b1011 7
1(
#6759282000
0(
#6759553000
11
b0 7
1(
#6759824000
0(
#6760095000
b111 B
b1111 K
01
b1 7
1(
#6760366000
0(
#6760637000
b10 7
1(
#6760908000
0(
#6761179000
b11 7
1(
#6761450000
0(
#6761721000
b100 7
1(
#6761992000
0(
#6762263000
b101 7
1(
#6762534000
0(
#6762805000
b110 7
1(
#6763076000
0(
#6763347000
b111 7
1(
#6763618000
0(
#6763889000
b1000 7
1(
#6764160000
0(
#6764431000
b1001 7
1(
#6764702000
0(
#6764973000
b1010 7
1(
#6765244000
0(
#6765515000
b1011 7
1(
#6765786000
0(
#6766057000
11
b0 7
1(
#6766328000
0(
#6766599000
b1000 B
b100 H
b0 K
01
b1 7
1(
#6766870000
0(
#6767141000
b10 7
1(
#6767412000
0(
#6767683000
b11 7
1(
#6767954000
0(
#6768225000
b100 7
1(
#6768496000
0(
#6768767000
b101 7
1(
#6769038000
0(
#6769309000
b110 7
1(
#6769580000
0(
#6769851000
b111 7
1(
#6770122000
0(
#6770393000
b1000 7
1(
#6770664000
0(
#6770935000
b1001 7
1(
#6771206000
0(
#6771477000
b1010 7
1(
#6771748000
0(
#6772019000
b1011 7
1(
#6772290000
0(
#6772561000
11
b0 7
1(
#6772832000
0(
#6773103000
b1001 B
b1 K
01
b1 7
1(
#6773374000
0(
#6773645000
b10 7
1(
#6773916000
0(
#6774187000
b11 7
1(
#6774458000
0(
#6774729000
b100 7
1(
#6775000000
0(
#6775271000
b101 7
1(
#6775542000
0(
#6775813000
b110 7
1(
#6776084000
0(
#6776355000
b111 7
1(
#6776626000
0(
#6776897000
b1000 7
1(
#6777168000
0(
#6777439000
b1001 7
1(
#6777710000
0(
#6777981000
b1010 7
1(
#6778252000
0(
#6778523000
b1011 7
1(
#6778794000
0(
#6779065000
11
b0 7
1(
#6779336000
0(
#6779607000
b1010 B
b10 K
01
b1 7
1(
#6779878000
0(
#6780149000
b10 7
1(
#6780420000
0(
#6780691000
b11 7
1(
#6780962000
0(
#6781233000
b100 7
1(
#6781504000
0(
#6781775000
b101 7
1(
#6782046000
0(
#6782317000
b110 7
1(
#6782588000
0(
#6782859000
b111 7
1(
#6783130000
0(
#6783401000
b1000 7
1(
#6783672000
0(
#6783943000
b1001 7
1(
#6784214000
0(
#6784485000
b1010 7
1(
#6784756000
0(
#6785027000
b1011 7
1(
#6785298000
0(
#6785569000
11
b0 7
1(
#6785840000
0(
#6786111000
b1011 B
b11 K
01
b1 7
1(
#6786382000
0(
#6786653000
b10 7
1(
#6786924000
0(
#6787195000
b11 7
1(
#6787466000
0(
#6787737000
b100 7
1(
#6788008000
0(
#6788279000
b101 7
1(
#6788550000
0(
#6788821000
b110 7
1(
#6789092000
0(
#6789363000
b111 7
1(
#6789634000
0(
#6789905000
b1000 7
1(
#6790176000
0(
#6790447000
b1001 7
1(
#6790718000
0(
#6790989000
b1010 7
1(
#6791260000
0(
#6791531000
b1011 7
1(
#6791802000
0(
#6792073000
11
b0 7
1(
#6792344000
0(
#6792615000
b1100 B
b100 K
01
b1 7
1(
#6792886000
0(
#6793157000
b10 7
1(
#6793428000
0(
#6793699000
b11 7
1(
#6793970000
0(
#6794241000
b100 7
1(
#6794512000
0(
#6794783000
b101 7
1(
#6795054000
0(
#6795325000
b110 7
1(
#6795596000
0(
#6795867000
b111 7
1(
#6796138000
0(
#6796409000
b1000 7
1(
#6796680000
0(
#6796951000
b1001 7
1(
#6797222000
0(
#6797493000
b1010 7
1(
#6797764000
0(
#6798035000
b1011 7
1(
#6798306000
0(
#6798577000
11
b0 7
1(
#6798848000
0(
#6799119000
b1101 B
b101 K
01
b1 7
1(
#6799390000
0(
#6799661000
b10 7
1(
#6799932000
0(
#6800203000
b11 7
1(
#6800474000
0(
#6800745000
b100 7
1(
#6801016000
0(
#6801287000
b101 7
1(
#6801558000
0(
#6801829000
b110 7
1(
#6802100000
0(
#6802371000
b111 7
1(
#6802642000
0(
#6802913000
b1000 7
1(
#6803184000
0(
#6803455000
b1001 7
1(
#6803726000
0(
#6803997000
b1010 7
1(
#6804268000
0(
#6804539000
b1011 7
1(
#6804810000
0(
#6805081000
11
b0 7
1(
#6805352000
0(
#6805623000
b1110 B
b110 K
01
b1 7
1(
#6805894000
0(
#6806165000
b10 7
1(
#6806436000
0(
#6806707000
b11 7
1(
#6806978000
0(
#6807249000
b100 7
1(
#6807520000
0(
#6807791000
b101 7
1(
#6808062000
0(
#6808333000
b110 7
1(
#6808604000
0(
#6808875000
b111 7
1(
#6809146000
0(
#6809417000
b1000 7
1(
#6809688000
0(
#6809959000
b1001 7
1(
#6810230000
0(
#6810501000
b1010 7
1(
#6810772000
0(
#6811043000
b1011 7
1(
#6811314000
0(
#6811585000
11
b0 7
1(
#6811856000
0(
#6812127000
b1111 B
b111 K
01
b1 7
1(
#6812398000
0(
#6812669000
b10 7
1(
#6812940000
0(
#6813211000
b11 7
1(
#6813482000
0(
#6813753000
b100 7
1(
#6814024000
0(
#6814295000
b101 7
1(
#6814566000
0(
#6814837000
b110 7
1(
#6815108000
0(
#6815379000
b111 7
1(
#6815650000
0(
#6815921000
b1000 7
1(
#6816192000
0(
#6816463000
b1001 7
1(
#6816734000
0(
#6817005000
b1010 7
1(
#6817276000
0(
#6817547000
b1011 7
1(
#6817818000
0(
#6818089000
11
b0 7
1(
#6818360000
0(
#6818631000
b101 <
b1011000 @
b0 B
b1000 K
01
b1 7
1(
#6818902000
0(
#6819173000
b10 7
1(
#6819444000
0(
#6819715000
b11 7
1(
#6819986000
0(
#6820257000
b100 7
1(
#6820528000
0(
#6820799000
b101 7
1(
#6821070000
0(
#6821341000
b110 7
1(
#6821612000
0(
#6821883000
b111 7
1(
#6822154000
0(
#6822425000
b1000 7
1(
#6822696000
0(
#6822967000
b1001 7
1(
#6823238000
0(
#6823509000
b1010 7
1(
#6823780000
0(
#6824051000
b1011 7
1(
#6824322000
0(
#6824593000
11
b0 7
1(
#6824864000
0(
#6825135000
b1 B
b1001 K
01
b1 7
1(
#6825406000
0(
#6825677000
b10 7
1(
#6825948000
0(
#6826219000
b11 7
1(
#6826490000
0(
#6826761000
b100 7
1(
#6827032000
0(
#6827303000
b101 7
1(
#6827574000
0(
#6827845000
b110 7
1(
#6828116000
0(
#6828387000
b111 7
1(
#6828658000
0(
#6828929000
b1000 7
1(
#6829200000
0(
#6829471000
b1001 7
1(
#6829742000
0(
#6830013000
b1010 7
1(
#6830284000
0(
#6830555000
b1011 7
1(
#6830826000
0(
#6831097000
11
b0 7
1(
#6831368000
0(
#6831639000
b10 B
b1010 K
01
b1 7
1(
#6831910000
0(
#6832181000
b10 7
1(
#6832452000
0(
#6832723000
b11 7
1(
#6832994000
0(
#6833265000
b100 7
1(
#6833536000
0(
#6833807000
b101 7
1(
#6834078000
0(
#6834349000
b110 7
1(
#6834620000
0(
#6834891000
b111 7
1(
#6835162000
0(
#6835433000
b1000 7
1(
#6835704000
0(
#6835975000
b1001 7
1(
#6836246000
0(
#6836517000
b1010 7
1(
#6836788000
0(
#6837059000
b1011 7
1(
#6837330000
0(
#6837601000
11
b0 7
1(
#6837872000
0(
#6838143000
b11 B
b1011 K
01
b1 7
1(
#6838414000
0(
#6838685000
b10 7
1(
#6838956000
0(
#6839227000
b11 7
1(
#6839498000
0(
#6839769000
b100 7
1(
#6840040000
0(
#6840311000
b101 7
1(
#6840582000
0(
#6840853000
b110 7
1(
#6841124000
0(
#6841395000
b111 7
1(
#6841666000
0(
#6841937000
b1000 7
1(
#6842208000
0(
#6842479000
b1001 7
1(
#6842750000
0(
#6843021000
b1010 7
1(
#6843292000
0(
#6843563000
b1011 7
1(
#6843834000
0(
#6844105000
11
b0 7
1(
#6844376000
0(
#6844647000
b100 B
b1100 K
01
b1 7
1(
#6844918000
0(
#6845189000
b10 7
1(
#6845460000
0(
#6845731000
b11 7
1(
#6846002000
0(
#6846273000
b100 7
1(
#6846544000
0(
#6846815000
b101 7
1(
#6847086000
0(
#6847357000
b110 7
1(
#6847628000
0(
#6847899000
b111 7
1(
#6848170000
0(
#6848441000
b1000 7
1(
#6848712000
0(
#6848983000
b1001 7
1(
#6849254000
0(
#6849525000
b1010 7
1(
#6849796000
0(
#6850067000
b1011 7
1(
#6850338000
0(
#6850609000
11
b0 7
1(
#6850880000
0(
#6851151000
b101 B
b1101 K
01
b1 7
1(
#6851422000
0(
#6851693000
b10 7
1(
#6851964000
0(
#6852235000
b11 7
1(
#6852506000
0(
#6852777000
b100 7
1(
#6853048000
0(
#6853319000
b101 7
1(
#6853590000
0(
#6853861000
b110 7
1(
#6854132000
0(
#6854403000
b111 7
1(
#6854674000
0(
#6854945000
b1000 7
1(
#6855216000
0(
#6855487000
b1001 7
1(
#6855758000
0(
#6856029000
b1010 7
1(
#6856300000
0(
#6856571000
b1011 7
1(
#6856842000
0(
#6857113000
11
b0 7
1(
#6857384000
0(
#6857655000
b110 B
b1110 K
01
b1 7
1(
#6857926000
0(
#6858197000
b10 7
1(
#6858468000
0(
#6858739000
b11 7
1(
#6859010000
0(
#6859281000
b100 7
1(
#6859552000
0(
#6859823000
b101 7
1(
#6860094000
0(
#6860365000
b110 7
1(
#6860636000
0(
#6860907000
b111 7
1(
#6861178000
0(
#6861449000
b1000 7
1(
#6861720000
0(
#6861991000
b1001 7
1(
#6862262000
0(
#6862533000
b1010 7
1(
#6862804000
0(
#6863075000
b1011 7
1(
#6863346000
0(
#6863617000
11
b0 7
1(
#6863888000
0(
#6864159000
b111 B
b1111 K
01
b1 7
1(
#6864430000
0(
#6864701000
b10 7
1(
#6864972000
0(
#6865243000
b11 7
1(
#6865514000
0(
#6865785000
b100 7
1(
#6866056000
0(
#6866327000
b101 7
1(
#6866598000
0(
#6866869000
b110 7
1(
#6867140000
0(
#6867411000
b111 7
1(
#6867682000
0(
#6867953000
b1000 7
1(
#6868224000
0(
#6868495000
b1001 7
1(
#6868766000
0(
#6869037000
b1010 7
1(
#6869308000
0(
#6869579000
b1011 7
1(
#6869850000
0(
#6870121000
11
b0 7
1(
#6870392000
0(
#6870663000
b1000 B
b101 H
b0 K
01
b1 7
1(
#6870934000
0(
#6871205000
b10 7
0"
1(
#6871476000
0(
#6871747000
0>
b11 7
1(
#6872018000
0(
#6872289000
b100 7
0?
1(
#6872560000
0(
#6872831000
b101 7
1(
#6873102000
0(
#6873373000
b110 7
1(
#6873644000
0(
#6873915000
b111 7
1(
#6874186000
0(
#6874457000
b1000 7
1(
#6874728000
0(
#6874999000
b1001 7
1(
#6875270000
0(
#6875541000
b1010 7
1(
#6875812000
0(
#6876083000
b1011 7
1(
#6876354000
0(
#6876625000
11
b0 7
1(
#6876896000
0(
#6877167000
b1001 B
b1 K
01
b1 7
1(
#6877438000
0(
#6877709000
b10 7
1(
#6877980000
0(
#6878251000
b11 7
1(
#6878522000
0(
#6878793000
b100 7
1(
#6879064000
0(
#6879335000
b101 7
1(
#6879606000
0(
#6879877000
b110 7
1(
#6880148000
0(
#6880419000
b111 7
1(
#6880690000
0(
#6880961000
b1000 7
1(
#6881232000
0(
#6881503000
b1001 7
1(
#6881774000
0(
#6882045000
b1010 7
1(
#6882316000
0(
#6882587000
b1011 7
1(
#6882858000
0(
#6883129000
11
b0 7
1(
#6883400000
0(
#6883671000
b1010 B
b10 K
01
b1 7
1(
#6883942000
0(
#6884213000
b10 7
1(
#6884484000
0(
#6884755000
b11 7
1(
#6885026000
0(
#6885297000
b100 7
1(
#6885568000
0(
#6885839000
b101 7
1(
#6886110000
0(
#6886381000
b110 7
1(
#6886652000
0(
#6886923000
b111 7
1(
#6887194000
0(
#6887465000
b1000 7
1(
#6887736000
0(
#6888007000
b1001 7
1(
#6888278000
0(
#6888549000
b1010 7
1(
#6888820000
0(
#6889091000
b1011 7
1(
#6889362000
0(
#6889633000
11
b0 7
1(
#6889904000
0(
#6890175000
b1011 B
b11 K
01
b1 7
1(
#6890446000
0(
#6890717000
b10 7
1(
#6890988000
0(
#6891259000
b11 7
1(
#6891530000
0(
#6891801000
b100 7
1(
#6892072000
0(
#6892343000
b101 7
1(
#6892614000
0(
#6892885000
b110 7
1(
#6893156000
0(
#6893427000
b111 7
1(
#6893698000
0(
#6893969000
b1000 7
1(
#6894240000
0(
#6894511000
b1001 7
1(
#6894782000
0(
#6895053000
b1010 7
1(
#6895324000
0(
#6895595000
b1011 7
1(
#6895866000
0(
#6896137000
11
b0 7
1(
#6896408000
0(
#6896679000
b1100 B
b100 K
01
b1 7
1(
#6896950000
0(
#6897221000
b10 7
1(
#6897492000
0(
#6897763000
b11 7
1(
#6898034000
0(
#6898305000
b100 7
1(
#6898576000
0(
#6898847000
b101 7
1(
#6899118000
0(
#6899389000
b110 7
1(
#6899660000
0(
#6899931000
b111 7
1(
#6900202000
0(
#6900473000
b1000 7
1(
#6900744000
0(
#6901015000
b1001 7
1(
#6901286000
0(
#6901557000
b1010 7
1(
#6901828000
0(
#6902099000
b1011 7
1(
#6902370000
0(
#6902641000
11
b0 7
1(
#6902912000
0(
#6903183000
b1101 B
b101 K
01
b1 7
1(
#6903454000
0(
#6903725000
b10 7
1(
#6903996000
0(
#6904267000
b11 7
1(
#6904538000
0(
#6904809000
b100 7
1(
#6905080000
0(
#6905351000
b101 7
1(
#6905622000
0(
#6905893000
b110 7
1(
#6906164000
0(
#6906435000
b111 7
1(
#6906706000
0(
#6906977000
b1000 7
1(
#6907248000
0(
#6907519000
b1001 7
1(
#6907790000
0(
#6908061000
b1010 7
1(
#6908332000
0(
#6908603000
b1011 7
1(
#6908874000
0(
#6909145000
11
b0 7
1(
#6909416000
0(
#6909687000
b1110 B
b110 K
01
b1 7
1(
#6909958000
0(
#6910229000
b10 7
1(
#6910500000
0(
#6910771000
b11 7
1(
#6911042000
0(
#6911313000
b100 7
1(
#6911584000
0(
#6911855000
b101 7
1(
#6912126000
0(
#6912397000
b110 7
1(
#6912668000
0(
#6912939000
b111 7
1(
#6913210000
0(
#6913481000
b1000 7
1(
#6913752000
0(
#6914023000
b1001 7
1(
#6914294000
0(
#6914565000
b1010 7
1(
#6914836000
0(
#6915107000
b1011 7
1(
#6915378000
0(
#6915649000
11
b0 7
1(
#6915920000
0(
#6916191000
b1111 B
b111 K
01
b1 7
1(
#6916462000
0(
#6916733000
b10 7
1(
#6917004000
0(
#6917275000
b11 7
1(
#6917546000
0(
#6917817000
b100 7
1(
#6918088000
0(
#6918359000
b101 7
1(
#6918630000
0(
#6918901000
b110 7
1(
#6919172000
0(
#6919443000
b111 7
1(
#6919714000
0(
#6919985000
b1000 7
1(
#6920256000
0(
#6920527000
b1001 7
1(
#6920798000
0(
#6921069000
b1010 7
1(
#6921340000
0(
#6921611000
b1011 7
1(
#6921882000
0(
#6922153000
11
b0 7
1(
#6922424000
0(
#6922695000
b110 <
b0 B
b1000 K
01
b1 7
1(
#6922966000
0(
#6923237000
b10 7
1(
#6923508000
0(
#6923779000
b11 7
1(
#6924050000
0(
#6924321000
b100 7
1(
#6924592000
0(
#6924863000
b101 7
1(
#6925134000
0(
#6925405000
b110 7
1(
#6925676000
0(
#6925947000
b111 7
1(
#6926218000
0(
#6926489000
b1000 7
1(
#6926760000
0(
#6927031000
b1001 7
1(
#6927302000
0(
#6927573000
b1010 7
1(
#6927844000
0(
#6928115000
b1011 7
1(
#6928386000
0(
#6928657000
11
b0 7
1(
#6928928000
0(
#6929199000
b1 B
b1001 K
01
b1 7
1(
#6929470000
0(
#6929741000
b10 7
1(
#6930012000
0(
#6930283000
b11 7
1(
#6930554000
0(
#6930825000
b100 7
1(
#6931096000
0(
#6931367000
b101 7
1(
#6931638000
0(
#6931909000
b110 7
1(
#6932180000
0(
#6932451000
b111 7
1(
#6932722000
0(
#6932993000
b1000 7
1(
#6933264000
0(
#6933535000
b1001 7
1(
#6933806000
0(
#6934077000
b1010 7
1(
#6934348000
0(
#6934619000
b1011 7
1(
#6934890000
0(
#6935161000
11
b0 7
1(
#6935432000
0(
#6935703000
b10 B
b1010 K
01
b1 7
1(
#6935974000
0(
#6936245000
b10 7
1(
#6936516000
0(
#6936787000
b11 7
1(
#6937058000
0(
#6937329000
b100 7
1(
#6937600000
0(
#6937871000
b101 7
1(
#6938142000
0(
#6938413000
b110 7
1(
#6938684000
0(
#6938955000
b111 7
1(
#6939226000
0(
#6939497000
b1000 7
1(
#6939768000
0(
#6940039000
b1001 7
1(
#6940310000
0(
#6940581000
b1010 7
1(
#6940852000
0(
#6941123000
b1011 7
1(
#6941394000
0(
#6941665000
11
b0 7
1(
#6941936000
0(
#6942207000
b11 B
b1011 K
01
b1 7
1(
#6942478000
0(
#6942749000
b10 7
1(
#6943020000
0(
#6943291000
b11 7
1(
#6943562000
0(
#6943833000
b100 7
1(
#6944104000
0(
#6944375000
b101 7
1(
#6944646000
0(
#6944917000
b110 7
1(
#6945188000
0(
#6945459000
b111 7
1(
#6945730000
0(
#6946001000
b1000 7
1(
#6946272000
0(
#6946543000
b1001 7
1(
#6946814000
0(
#6947085000
b1010 7
1(
#6947356000
0(
#6947627000
b1011 7
1(
#6947898000
0(
#6948169000
11
b0 7
1(
#6948440000
0(
#6948711000
b100 B
b1100 K
01
b1 7
1(
#6948982000
0(
#6949253000
b10 7
1(
#6949524000
0(
#6949795000
b11 7
1(
#6950066000
0(
#6950337000
b100 7
1(
#6950608000
0(
#6950879000
b101 7
1(
#6951150000
0(
#6951421000
b110 7
1(
#6951692000
0(
#6951963000
b111 7
1(
#6952234000
0(
#6952505000
b1000 7
1(
#6952776000
0(
#6953047000
b1001 7
1(
#6953318000
0(
#6953589000
b1010 7
1(
#6953860000
0(
#6954131000
b1011 7
1(
#6954402000
0(
#6954673000
11
b0 7
1(
#6954944000
0(
#6955215000
b101 B
b1101 K
01
b1 7
1(
#6955486000
0(
#6955757000
b10 7
1(
#6956028000
0(
#6956299000
b11 7
1(
#6956570000
0(
#6956841000
b100 7
1(
#6957112000
0(
#6957383000
b101 7
1(
#6957654000
0(
#6957925000
b110 7
1(
#6958196000
0(
#6958467000
b111 7
1(
#6958738000
0(
#6959009000
b1000 7
1(
#6959280000
0(
#6959551000
b1001 7
1(
#6959822000
0(
#6960093000
b1010 7
1(
#6960364000
0(
#6960635000
b1011 7
1(
#6960906000
0(
#6961177000
11
b0 7
1(
#6961448000
0(
#6961719000
b110 B
b1110 K
01
b1 7
1(
#6961990000
0(
#6962261000
b10 7
1(
#6962532000
0(
#6962803000
b11 7
1(
#6963074000
0(
#6963345000
b100 7
1(
#6963616000
0(
#6963887000
b101 7
1(
#6964158000
0(
#6964429000
b110 7
1(
#6964700000
0(
#6964971000
b111 7
1(
#6965242000
0(
#6965513000
b1000 7
1(
#6965784000
0(
#6966055000
b1001 7
1(
#6966326000
0(
#6966597000
b1010 7
1(
#6966868000
0(
#6967139000
b1011 7
1(
#6967410000
0(
#6967681000
11
b0 7
1(
#6967952000
0(
#6968223000
b111 B
b1111 K
01
b1 7
1(
#6968494000
0(
#6968765000
b10 7
1(
#6969036000
0(
#6969307000
b11 7
1(
#6969578000
0(
#6969849000
b100 7
1(
#6970120000
0(
#6970391000
b101 7
1(
#6970662000
0(
#6970933000
b110 7
1(
#6971204000
0(
#6971475000
b111 7
1(
#6971746000
0(
#6972017000
b1000 7
1(
#6972288000
0(
#6972559000
b1001 7
1(
#6972830000
0(
#6973101000
b1010 7
1(
#6973372000
0(
#6973643000
b1011 7
1(
#6973914000
0(
#6974185000
11
b0 7
1(
#6974456000
0(
#6974727000
b1000 B
b110 H
b0 K
01
b1 7
1(
#6974998000
0(
#6975269000
b10 7
1"
1(
#6975540000
0(
#6975811000
1>
b11 7
1(
#6976082000
0(
#6976353000
b100 7
1?
1(
#6976624000
0(
#6976895000
b101 7
1(
#6977166000
0(
#6977437000
b110 7
1(
#6977708000
0(
#6977979000
b111 7
1(
#6978250000
0(
#6978521000
b1000 7
1(
#6978792000
0(
#6979063000
b1001 7
1(
#6979334000
0(
#6979605000
b1010 7
1(
#6979876000
0(
#6980147000
b1011 7
1(
#6980418000
0(
#6980689000
11
b0 7
1(
#6980960000
0(
#6981231000
b1001 B
b1 K
01
b1 7
1(
#6981502000
0(
#6981773000
b10 7
1(
#6982044000
0(
#6982315000
b11 7
1(
#6982586000
0(
#6982857000
b100 7
1(
#6983128000
0(
#6983399000
b101 7
1(
#6983670000
0(
#6983941000
b110 7
1(
#6984212000
0(
#6984483000
b111 7
1(
#6984754000
0(
#6985025000
b1000 7
1(
#6985296000
0(
#6985567000
b1001 7
1(
#6985838000
0(
#6986109000
b1010 7
1(
#6986380000
0(
#6986651000
b1011 7
1(
#6986922000
0(
#6987193000
11
b0 7
1(
#6987464000
0(
#6987735000
b1010 B
b10 K
01
b1 7
1(
#6988006000
0(
#6988277000
b10 7
1(
#6988548000
0(
#6988819000
b11 7
1(
#6989090000
0(
#6989361000
b100 7
1(
#6989632000
0(
#6989903000
b101 7
1(
#6990174000
0(
#6990445000
b110 7
1(
#6990716000
0(
#6990987000
b111 7
1(
#6991258000
0(
#6991529000
b1000 7
1(
#6991800000
0(
#6992071000
b1001 7
1(
#6992342000
0(
#6992613000
b1010 7
1(
#6992884000
0(
#6993155000
b1011 7
1(
#6993426000
0(
#6993697000
11
b0 7
1(
#6993968000
0(
#6994239000
b1011 B
b11 K
01
b1 7
1(
#6994510000
0(
#6994781000
b10 7
1(
#6995052000
0(
#6995323000
b11 7
1(
#6995594000
0(
#6995865000
b100 7
1(
#6996136000
0(
#6996407000
b101 7
1(
#6996678000
0(
#6996949000
b110 7
1(
#6997220000
0(
#6997491000
b111 7
1(
#6997762000
0(
#6998033000
b1000 7
1(
#6998304000
0(
#6998575000
b1001 7
1(
#6998846000
0(
#6999117000
b1010 7
1(
#6999388000
0(
#6999659000
b1011 7
1(
#6999930000
0(
#7000201000
11
b0 7
1(
#7000472000
0(
#7000743000
b1100 B
b100 K
01
b1 7
1(
#7001014000
0(
#7001285000
b10 7
1(
#7001556000
0(
#7001827000
b11 7
1(
#7002098000
0(
#7002369000
b100 7
1(
#7002640000
0(
#7002911000
b101 7
1(
#7003182000
0(
#7003453000
b110 7
1(
#7003724000
0(
#7003995000
b111 7
1(
#7004266000
0(
#7004537000
b1000 7
1(
#7004808000
0(
#7005079000
b1001 7
1(
#7005350000
0(
#7005621000
b1010 7
1(
#7005892000
0(
#7006163000
b1011 7
1(
#7006434000
0(
#7006705000
11
b0 7
1(
#7006976000
0(
#7007247000
b1101 B
b101 K
01
b1 7
1(
#7007518000
0(
#7007789000
b10 7
1(
#7008060000
0(
#7008331000
b11 7
1(
#7008602000
0(
#7008873000
b100 7
1(
#7009144000
0(
#7009415000
b101 7
1(
#7009686000
0(
#7009957000
b110 7
1(
#7010228000
0(
#7010499000
b111 7
1(
#7010770000
0(
#7011041000
b1000 7
1(
#7011312000
0(
#7011583000
b1001 7
1(
#7011854000
0(
#7012125000
b1010 7
1(
#7012396000
0(
#7012667000
b1011 7
1(
#7012938000
0(
#7013209000
11
b0 7
1(
#7013480000
0(
#7013751000
b1110 B
b110 K
01
b1 7
1(
#7014022000
0(
#7014293000
b10 7
1(
#7014564000
0(
#7014835000
b11 7
1(
#7015106000
0(
#7015377000
b100 7
1(
#7015648000
0(
#7015919000
b101 7
1(
#7016190000
0(
#7016461000
b110 7
1(
#7016732000
0(
#7017003000
b111 7
1(
#7017274000
0(
#7017545000
b1000 7
1(
#7017816000
0(
#7018087000
b1001 7
1(
#7018358000
0(
#7018629000
b1010 7
1(
#7018900000
0(
#7019171000
b1011 7
1(
#7019442000
0(
#7019713000
11
b0 7
1(
#7019984000
0(
#7020255000
b1111 B
b111 K
01
b1 7
1(
#7020526000
0(
#7020797000
b10 7
1(
#7021068000
0(
#7021339000
b11 7
1(
#7021610000
0(
#7021881000
b100 7
1(
#7022152000
0(
#7022423000
b101 7
1(
#7022694000
0(
#7022965000
b110 7
1(
#7023236000
0(
#7023507000
b111 7
1(
#7023778000
0(
#7024049000
b1000 7
1(
#7024320000
0(
#7024591000
b1001 7
1(
#7024862000
0(
#7025133000
b1010 7
1(
#7025404000
0(
#7025675000
b1011 7
1(
#7025946000
0(
#7026217000
11
b0 7
1(
#7026488000
0(
#7026759000
b111 <
b0 B
b1000 K
01
b1 7
1(
#7027030000
0(
#7027301000
b10 7
1(
#7027572000
0(
#7027843000
b11 7
1(
#7028114000
0(
#7028385000
b100 7
1(
#7028656000
0(
#7028927000
b101 7
1(
#7029198000
0(
#7029469000
b110 7
1(
#7029740000
0(
#7030011000
b111 7
1(
#7030282000
0(
#7030553000
b1000 7
1(
#7030824000
0(
#7031095000
b1001 7
1(
#7031366000
0(
#7031637000
b1010 7
1(
#7031908000
0(
#7032179000
b1011 7
1(
#7032450000
0(
#7032721000
11
b0 7
1(
#7032992000
0(
#7033263000
b1 B
b1001 K
01
b1 7
1(
#7033534000
0(
#7033805000
b10 7
1(
#7034076000
0(
#7034347000
b11 7
1(
#7034618000
0(
#7034889000
b100 7
1(
#7035160000
0(
#7035431000
b101 7
1(
#7035702000
0(
#7035973000
b110 7
1(
#7036244000
0(
#7036515000
b111 7
1(
#7036786000
0(
#7037057000
b1000 7
1(
#7037328000
0(
#7037599000
b1001 7
1(
#7037870000
0(
#7038141000
b1010 7
1(
#7038412000
0(
#7038683000
b1011 7
1(
#7038954000
0(
#7039225000
11
b0 7
1(
#7039496000
0(
#7039767000
b10 B
b1010 K
01
b1 7
1(
#7040038000
0(
#7040309000
b10 7
1(
#7040580000
0(
#7040851000
b11 7
1(
#7041122000
0(
#7041393000
b100 7
1(
#7041664000
0(
#7041935000
b101 7
1(
#7042206000
0(
#7042477000
b110 7
1(
#7042748000
0(
#7043019000
b111 7
1(
#7043290000
0(
#7043561000
b1000 7
1(
#7043832000
0(
#7044103000
b1001 7
1(
#7044374000
0(
#7044645000
b1010 7
1(
#7044916000
0(
#7045187000
b1011 7
1(
#7045458000
0(
#7045729000
11
b0 7
1(
#7046000000
0(
#7046271000
b11 B
b1011 K
01
b1 7
1(
#7046542000
0(
#7046813000
b10 7
1(
#7047084000
0(
#7047355000
b11 7
1(
#7047626000
0(
#7047897000
b100 7
1(
#7048168000
0(
#7048439000
b101 7
1(
#7048710000
0(
#7048981000
b110 7
1(
#7049252000
0(
#7049523000
b111 7
1(
#7049794000
0(
#7050065000
b1000 7
1(
#7050336000
0(
#7050607000
b1001 7
1(
#7050878000
0(
#7051149000
b1010 7
1(
#7051420000
0(
#7051691000
b1011 7
1(
#7051962000
0(
#7052233000
11
b0 7
1(
#7052504000
0(
#7052775000
b100 B
b1100 K
01
b1 7
1(
#7053046000
0(
#7053317000
b10 7
1(
#7053588000
0(
#7053859000
b11 7
1(
#7054130000
0(
#7054401000
b100 7
1(
#7054672000
0(
#7054943000
b101 7
1(
#7055214000
0(
#7055485000
b110 7
1(
#7055756000
0(
#7056027000
b111 7
1(
#7056298000
0(
#7056569000
b1000 7
1(
#7056840000
0(
#7057111000
b1001 7
1(
#7057382000
0(
#7057653000
b1010 7
1(
#7057924000
0(
#7058195000
b1011 7
1(
#7058466000
0(
#7058737000
11
b0 7
1(
#7059008000
0(
#7059279000
b101 B
b1101 K
01
b1 7
1(
#7059550000
0(
#7059821000
b10 7
1(
#7060092000
0(
#7060363000
b11 7
1(
#7060634000
0(
#7060905000
b100 7
1(
#7061176000
0(
#7061447000
b101 7
1(
#7061718000
0(
#7061989000
b110 7
1(
#7062260000
0(
#7062531000
b111 7
1(
#7062802000
0(
#7063073000
b1000 7
1(
#7063344000
0(
#7063615000
b1001 7
1(
#7063886000
0(
#7064157000
b1010 7
1(
#7064428000
0(
#7064699000
b1011 7
1(
#7064970000
0(
#7065241000
11
b0 7
1(
#7065512000
0(
#7065783000
b110 B
b1110 K
01
b1 7
1(
#7066054000
0(
#7066325000
b10 7
1(
#7066596000
0(
#7066867000
b11 7
1(
#7067138000
0(
#7067409000
b100 7
1(
#7067680000
0(
#7067951000
b101 7
1(
#7068222000
0(
#7068493000
b110 7
1(
#7068764000
0(
#7069035000
b111 7
1(
#7069306000
0(
#7069577000
b1000 7
1(
#7069848000
0(
#7070119000
b1001 7
1(
#7070390000
0(
#7070661000
b1010 7
1(
#7070932000
0(
#7071203000
b1011 7
1(
#7071474000
0(
#7071745000
11
b0 7
1(
#7072016000
0(
#7072287000
b111 B
b1111 K
01
b1 7
1(
#7072558000
0(
#7072829000
b10 7
1(
#7073100000
0(
#7073371000
b11 7
1(
#7073642000
0(
#7073913000
b100 7
1(
#7074184000
0(
#7074455000
b101 7
1(
#7074726000
0(
#7074997000
b110 7
1(
#7075268000
0(
#7075539000
b111 7
1(
#7075810000
0(
#7076081000
b1000 7
1(
#7076352000
0(
#7076623000
b1001 7
1(
#7076894000
0(
#7077165000
b1010 7
1(
#7077436000
0(
#7077707000
b1011 7
1(
#7077978000
0(
#7078249000
11
b0 7
1(
#7078520000
0(
#7078791000
b1000 B
b111 H
b0 K
01
b1 7
1(
#7079062000
0(
#7079333000
b10 7
0"
1(
#7079604000
0(
#7079875000
0>
b11 7
1(
#7080146000
0(
#7080417000
b100 7
0?
1(
#7080688000
0(
#7080959000
b101 7
1(
#7081230000
0(
#7081501000
b110 7
1(
#7081772000
0(
#7082043000
b111 7
1(
#7082314000
0(
#7082585000
b1000 7
1(
#7082856000
0(
#7083127000
b1001 7
1(
#7083398000
0(
#7083669000
b1010 7
1(
#7083940000
0(
#7084211000
b1011 7
1(
#7084482000
0(
#7084753000
11
b0 7
1(
#7085024000
0(
#7085295000
b1001 B
b1 K
01
b1 7
1(
#7085566000
0(
#7085837000
b10 7
1(
#7086108000
0(
#7086379000
b11 7
1(
#7086650000
0(
#7086921000
b100 7
1(
#7087192000
0(
#7087463000
b101 7
1(
#7087734000
0(
#7088005000
b110 7
1(
#7088276000
0(
#7088547000
b111 7
1(
#7088818000
0(
#7089089000
b1000 7
1(
#7089360000
0(
#7089631000
b1001 7
1(
#7089902000
0(
#7090173000
b1010 7
1(
#7090444000
0(
#7090715000
b1011 7
1(
#7090986000
0(
#7091257000
11
b0 7
1(
#7091528000
0(
#7091799000
b1010 B
b10 K
01
b1 7
1(
#7092070000
0(
#7092341000
b10 7
1(
#7092612000
0(
#7092883000
b11 7
1(
#7093154000
0(
#7093425000
b100 7
1(
#7093696000
0(
#7093967000
b101 7
1(
#7094238000
0(
#7094509000
b110 7
1(
#7094780000
0(
#7095051000
b111 7
1(
#7095322000
0(
#7095593000
b1000 7
1(
#7095864000
0(
#7096135000
b1001 7
1(
#7096406000
0(
#7096677000
b1010 7
1(
#7096948000
0(
#7097219000
b1011 7
1(
#7097490000
0(
#7097761000
11
b0 7
1(
#7098032000
0(
#7098303000
b1011 B
b11 K
01
b1 7
1(
#7098574000
0(
#7098845000
b10 7
1(
#7099116000
0(
#7099387000
b11 7
1(
#7099658000
0(
#7099929000
b100 7
1(
#7100200000
0(
#7100471000
b101 7
1(
#7100742000
0(
#7101013000
b110 7
1(
#7101284000
0(
#7101555000
b111 7
1(
#7101826000
0(
#7102097000
b1000 7
1(
#7102368000
0(
#7102639000
b1001 7
1(
#7102910000
0(
#7103181000
b1010 7
1(
#7103452000
0(
#7103723000
b1011 7
1(
#7103994000
0(
#7104265000
11
b0 7
1(
#7104536000
0(
#7104807000
b1100 B
b100 K
01
b1 7
1(
#7105078000
0(
#7105349000
b10 7
1(
#7105620000
0(
#7105891000
b11 7
1(
#7106162000
0(
#7106433000
b100 7
1(
#7106704000
0(
#7106975000
b101 7
1(
#7107246000
0(
#7107517000
b110 7
1(
#7107788000
0(
#7108059000
b111 7
1(
#7108330000
0(
#7108601000
b1000 7
1(
#7108872000
0(
#7109143000
b1001 7
1(
#7109414000
0(
#7109685000
b1010 7
1(
#7109956000
0(
#7110227000
b1011 7
1(
#7110498000
0(
#7110769000
11
b0 7
1(
#7111040000
0(
#7111311000
b1101 B
b101 K
01
b1 7
1(
#7111582000
0(
#7111853000
b10 7
1(
#7112124000
0(
#7112395000
b11 7
1(
#7112666000
0(
#7112937000
b100 7
1(
#7113208000
0(
#7113479000
b101 7
1(
#7113750000
0(
#7114021000
b110 7
1(
#7114292000
0(
#7114563000
b111 7
1(
#7114834000
0(
#7115105000
b1000 7
1(
#7115376000
0(
#7115647000
b1001 7
1(
#7115918000
0(
#7116189000
b1010 7
1(
#7116460000
0(
#7116731000
b1011 7
1(
#7117002000
0(
#7117273000
11
b0 7
1(
#7117544000
0(
#7117815000
b1110 B
b110 K
01
b1 7
1(
#7118086000
0(
#7118357000
b10 7
1(
#7118628000
0(
#7118899000
b11 7
1(
#7119170000
0(
#7119441000
b100 7
1(
#7119712000
0(
#7119983000
b101 7
1(
#7120254000
0(
#7120525000
b110 7
1(
#7120796000
0(
#7121067000
b111 7
1(
#7121338000
0(
#7121609000
b1000 7
1(
#7121880000
0(
#7122151000
b1001 7
1(
#7122422000
0(
#7122693000
b1010 7
1(
#7122964000
0(
#7123235000
b1011 7
1(
#7123506000
0(
#7123777000
11
b0 7
1(
#7124048000
0(
#7124319000
b1111 B
b111 K
01
b1 7
1(
#7124590000
0(
#7124861000
b10 7
1(
#7125132000
0(
#7125403000
b11 7
1(
#7125674000
0(
#7125945000
b100 7
1(
#7126216000
0(
#7126487000
b101 7
1(
#7126758000
0(
#7127029000
b110 7
1(
#7127300000
0(
#7127571000
b111 7
1(
#7127842000
0(
#7128113000
b1000 7
1(
#7128384000
0(
#7128655000
b1001 7
1(
#7128926000
0(
#7129197000
b1010 7
1(
#7129468000
0(
#7129739000
b1011 7
1(
#7130010000
0(
#7130281000
11
b0 7
1(
#7130552000
0(
#7130823000
b11 A
b0 B
b1000 K
01
b1 7
1(
#7131094000
0(
#7131365000
b10 7
1(
#7131636000
0(
#7131907000
b11 7
1(
#7132178000
0(
#7132449000
b100 7
1(
#7132720000
0(
#7132991000
b101 7
1(
#7133262000
0(
#7133533000
b110 7
1(
#7133804000
0(
#7134075000
b111 7
1(
#7134346000
0(
#7134617000
b1000 7
1(
#7134888000
0(
#7135159000
b1001 7
1(
#7135430000
0(
#7135701000
b1010 7
1(
#7135972000
0(
#7136243000
b1011 7
1(
#7136514000
0(
#7136785000
11
b0 7
1(
#7137056000
0(
#7137327000
b1 B
b1001 K
01
b1 7
1(
#7137598000
0(
#7137869000
b10 7
1(
#7138140000
0(
#7138411000
b11 7
1(
#7138682000
0(
#7138953000
b100 7
1(
#7139224000
0(
#7139495000
b101 7
1(
#7139766000
0(
#7140037000
b110 7
1(
#7140308000
0(
#7140579000
b111 7
1(
#7140850000
0(
#7141121000
b1000 7
1(
#7141392000
0(
#7141663000
b1001 7
1(
#7141934000
0(
#7142205000
b1010 7
1(
#7142476000
0(
#7142747000
b1011 7
1(
#7143018000
0(
#7143289000
11
b0 7
1(
#7143560000
0(
#7143831000
b10 B
b1010 K
01
b1 7
1(
#7144102000
0(
#7144373000
b10 7
1(
#7144644000
0(
#7144915000
b11 7
1(
#7145186000
0(
#7145457000
b100 7
1(
#7145728000
0(
#7145999000
b101 7
1(
#7146270000
0(
#7146541000
b110 7
1(
#7146812000
0(
#7147083000
b111 7
1(
#7147354000
0(
#7147625000
b1000 7
1(
#7147896000
0(
#7148167000
b1001 7
1(
#7148438000
0(
#7148709000
b1010 7
1(
#7148980000
0(
#7149251000
b1011 7
1(
#7149522000
0(
#7149793000
11
b0 7
1(
#7150064000
0(
#7150335000
b11 B
b1011 K
01
b1 7
1(
#7150606000
0(
#7150877000
b10 7
1(
#7151148000
0(
#7151419000
b11 7
1(
#7151690000
0(
#7151961000
b100 7
1(
#7152232000
0(
#7152503000
b101 7
1(
#7152774000
0(
#7153045000
b110 7
1(
#7153316000
0(
#7153587000
b111 7
1(
#7153858000
0(
#7154129000
b1000 7
1(
#7154400000
0(
#7154671000
b1001 7
1(
#7154942000
0(
#7155213000
b1010 7
1(
#7155484000
0(
#7155755000
b1011 7
1(
#7156026000
0(
#7156297000
11
b0 7
1(
#7156568000
0(
#7156839000
b100 B
b1100 K
01
b1 7
1(
#7157110000
0(
#7157381000
b10 7
1(
#7157652000
0(
#7157923000
b11 7
1(
#7158194000
0(
#7158465000
b100 7
1(
#7158736000
0(
#7159007000
b101 7
1(
#7159278000
0(
#7159549000
b110 7
1(
#7159820000
0(
#7160091000
b111 7
1(
#7160362000
0(
#7160633000
b1000 7
1(
#7160904000
0(
#7161175000
b1001 7
1(
#7161446000
0(
#7161717000
b1010 7
1(
#7161988000
0(
#7162259000
b1011 7
1(
#7162530000
0(
#7162801000
11
b0 7
1(
#7163072000
0(
#7163343000
b101 B
b1101 K
01
b1 7
1(
#7163614000
0(
#7163885000
b10 7
1(
#7164156000
0(
#7164427000
b11 7
1(
#7164698000
0(
#7164969000
b100 7
1(
#7165240000
0(
#7165511000
b101 7
1(
#7165782000
0(
#7166053000
b110 7
1(
#7166324000
0(
#7166595000
b111 7
1(
#7166866000
0(
#7167137000
b1000 7
1(
#7167408000
0(
#7167679000
b1001 7
1(
#7167950000
0(
#7168221000
b1010 7
1(
#7168492000
0(
#7168763000
b1011 7
1(
#7169034000
0(
#7169305000
11
b0 7
1(
#7169576000
0(
#7169847000
b110 B
b1110 K
01
b1 7
1(
#7170118000
0(
#7170389000
b10 7
1(
#7170660000
0(
#7170931000
b11 7
1(
#7171202000
0(
#7171473000
b100 7
1(
#7171744000
0(
#7172015000
b101 7
1(
#7172286000
0(
#7172557000
b110 7
1(
#7172828000
0(
#7173099000
b111 7
1(
#7173370000
0(
#7173641000
b1000 7
1(
#7173912000
0(
#7174183000
b1001 7
1(
#7174454000
0(
#7174725000
b1010 7
1(
#7174996000
0(
#7175267000
b1011 7
1(
#7175538000
0(
#7175809000
11
b0 7
1(
#7176080000
0(
#7176351000
b111 B
b1111 K
01
b1 7
1(
#7176622000
0(
#7176893000
b10 7
1(
#7177164000
0(
#7177435000
b11 7
1(
#7177706000
0(
#7177977000
b100 7
1(
#7178248000
0(
#7178519000
b101 7
1(
#7178790000
0(
#7179061000
b110 7
1(
#7179332000
0(
#7179603000
b111 7
1(
#7179874000
0(
#7180145000
b1000 7
1(
#7180416000
0(
#7180687000
b1001 7
1(
#7180958000
0(
#7181229000
b1010 7
1(
#7181500000
0(
#7181771000
b1011 7
1(
#7182042000
0(
#7182313000
11
b0 7
1(
#7182584000
0(
#7182855000
b1000 B
b11 J
b0 K
01
b1 7
1(
#7183126000
0(
#7183397000
b10 7
1"
1(
#7183668000
0(
#7183939000
1>
b11 7
1(
#7184210000
0(
#7184481000
b100 7
1?
1(
#7184752000
0(
#7185023000
b101 7
1(
#7185294000
0(
#7185565000
b110 7
1(
#7185836000
0(
#7186107000
b111 7
1(
#7186378000
0(
#7186649000
b1000 7
1(
#7186920000
0(
#7187191000
b1001 7
1(
#7187462000
0(
#7187733000
b1010 7
1(
#7188004000
0(
#7188275000
b1011 7
1(
#7188546000
0(
#7188817000
11
b0 7
1(
#7189088000
0(
#7189359000
b1001 B
b1 K
01
b1 7
1(
#7189630000
0(
#7189901000
b10 7
1(
#7190172000
0(
#7190443000
b11 7
1(
#7190714000
0(
#7190985000
b100 7
1(
#7191256000
0(
#7191527000
b101 7
1(
#7191798000
0(
#7192069000
b110 7
1(
#7192340000
0(
#7192611000
b111 7
1(
#7192882000
0(
#7193153000
b1000 7
1(
#7193424000
0(
#7193695000
b1001 7
1(
#7193966000
0(
#7194237000
b1010 7
1(
#7194508000
0(
#7194779000
b1011 7
1(
#7195050000
0(
#7195321000
11
b0 7
1(
#7195592000
0(
#7195863000
b1010 B
b10 K
01
b1 7
1(
#7196134000
0(
#7196405000
b10 7
1(
#7196676000
0(
#7196947000
b11 7
1(
#7197218000
0(
#7197489000
b100 7
1(
#7197760000
0(
#7198031000
b101 7
1(
#7198302000
0(
#7198573000
b110 7
1(
#7198844000
0(
#7199115000
b111 7
1(
#7199386000
0(
#7199657000
b1000 7
1(
#7199928000
0(
#7200199000
b1001 7
1(
#7200470000
0(
#7200741000
b1010 7
1(
#7201012000
0(
#7201283000
b1011 7
1(
#7201554000
0(
#7201825000
11
b0 7
1(
#7202096000
0(
#7202367000
b1011 B
b11 K
01
b1 7
1(
#7202638000
0(
#7202909000
b10 7
1(
#7203180000
0(
#7203451000
b11 7
1(
#7203722000
0(
#7203993000
b100 7
1(
#7204264000
0(
#7204535000
b101 7
1(
#7204806000
0(
#7205077000
b110 7
1(
#7205348000
0(
#7205619000
b111 7
1(
#7205890000
0(
#7206161000
b1000 7
1(
#7206432000
0(
#7206703000
b1001 7
1(
#7206974000
0(
#7207245000
b1010 7
1(
#7207516000
0(
#7207787000
b1011 7
1(
#7208058000
0(
#7208329000
11
b0 7
1(
#7208600000
0(
#7208871000
b1100 B
b100 K
01
b1 7
1(
#7209142000
0(
#7209413000
b10 7
1(
#7209684000
0(
#7209955000
b11 7
1(
#7210226000
0(
#7210497000
b100 7
1(
#7210768000
0(
#7211039000
b101 7
1(
#7211310000
0(
#7211581000
b110 7
1(
#7211852000
0(
#7212123000
b111 7
1(
#7212394000
0(
#7212665000
b1000 7
1(
#7212936000
0(
#7213207000
b1001 7
1(
#7213478000
0(
#7213749000
b1010 7
1(
#7214020000
0(
#7214291000
b1011 7
1(
#7214562000
0(
#7214833000
11
b0 7
1(
#7215104000
0(
#7215375000
b1101 B
b101 K
01
b1 7
1(
#7215646000
0(
#7215917000
b10 7
1(
#7216188000
0(
#7216459000
b11 7
1(
#7216730000
0(
#7217001000
b100 7
1(
#7217272000
0(
#7217543000
b101 7
1(
#7217814000
0(
#7218085000
b110 7
1(
#7218356000
0(
#7218627000
b111 7
1(
#7218898000
0(
#7219169000
b1000 7
1(
#7219440000
0(
#7219711000
b1001 7
1(
#7219982000
0(
#7220253000
b1010 7
1(
#7220524000
0(
#7220795000
b1011 7
1(
#7221066000
0(
#7221337000
11
b0 7
1(
#7221608000
0(
#7221879000
b1110 B
b110 K
01
b1 7
1(
#7222150000
0(
#7222421000
b10 7
1(
#7222692000
0(
#7222963000
b11 7
1(
#7223234000
0(
#7223505000
b100 7
1(
#7223776000
0(
#7224047000
b101 7
1(
#7224318000
0(
#7224589000
b110 7
1(
#7224860000
0(
#7225131000
b111 7
1(
#7225402000
0(
#7225673000
b1000 7
1(
#7225944000
0(
#7226215000
b1001 7
1(
#7226486000
0(
#7226757000
b1010 7
1(
#7227028000
0(
#7227299000
b1011 7
1(
#7227570000
0(
#7227841000
11
b0 7
1(
#7228112000
0(
#7228383000
b1111 B
b111 K
01
b1 7
1(
#7228654000
0(
#7228925000
b10 7
1(
#7229196000
0(
#7229467000
b11 7
1(
#7229738000
0(
#7230009000
b100 7
1(
#7230280000
0(
#7230551000
b101 7
1(
#7230822000
0(
#7231093000
b110 7
1(
#7231364000
0(
#7231635000
b111 7
1(
#7231906000
0(
#7232177000
b1000 7
1(
#7232448000
0(
#7232719000
b1001 7
1(
#7232990000
0(
#7233261000
b1010 7
1(
#7233532000
0(
#7233803000
b1011 7
1(
#7234074000
0(
#7234345000
11
b0 7
1(
#7234616000
0(
#7234887000
b1000 -
b0 A
1#
b1011000 $
b1011000 0
b1011000 =
b0 B
b1000 K
01
b1 7
1(
#7235158000
0(
#7235429000
b10 7
0#
1(
#7235700000
0(
#7235971000
b11 7
1(
#7236242000
0(
#7236513000
b100 7
1(
#7236784000
0(
#7237055000
b101 7
1(
#7237326000
0(
#7237597000
b110 7
1(
#7237868000
0(
#7238139000
b111 7
1(
#7238410000
0(
#7238681000
b1000 7
1(
#7238952000
0(
#7239223000
b1001 7
1(
#7239494000
0(
#7239765000
b1010 7
1(
#7240036000
0(
#7240307000
b1011 7
1(
#7240578000
0(
#7240849000
11
b0 7
1(
#7241120000
0(
#7241391000
b1001 K
01
b1 7
1(
#7241662000
0(
#7241933000
b10 7
1(
#7242204000
0(
#7242475000
b11 7
1(
#7242746000
0(
#7243017000
b100 7
1(
#7243288000
0(
#7243559000
b101 7
1(
#7243830000
0(
#7244101000
b110 7
1(
#7244372000
0(
#7244643000
b111 7
1(
#7244914000
0(
#7245185000
b1000 7
1(
#7245456000
0(
#7245727000
b1001 7
1(
